id,filtered_words_array,features,label_index
R129,"['term', 'glass', 'particular', 'space', 'happen.', 'successful', 'debate', 'check', 'vote', 'test.', 'experts', 'discuss', 'ongoing', 'developments', 'election.']","(10000,[2188,3556,3614,3901,4506,4687,5659,6235,6932,8276,8960,8984,9188,9214,9462],[4.42484663185681,2.8844015909096608,0.691153161953081,4.42484663185681,0.691153161953081,0.691153161953081,4.830311739964974,5.117993812416755,3.914021008090819,4.019381523748645,4.607168188650764,4.270695952029551,4.019381523748645,4.42484663185681,0.691153161953081])",1.0
R227,"['painting', 'instead', 'speak', 'war', 'significant', 'defense', 'view', 'example.', 'establish', 'conference', 'weight', 'line', 'today.', 'teacher', 'ever', 'team', 'and.', 'event', 'garden', 'civil', 'light', 'rule.', 'experts', 'discuss', 'ongoing', 'developments', 'climate', 'change.']","(10000,[468,593,821,1034,1182,1720,1834,2059,2086,2923,3543,3614,3882,4506,4527,4687,4732,5594,5657,5936,7293,7711,7728,8004,8552,8708,8719,9462],[4.019381523748645,4.137164559405029,2.849310271098391,3.8187108282864943,4.607168188650764,3.8187108282864943,5.523458920524919,2.6330871626287546,4.830311739964974,3.8187108282864943,4.607168188650764,0.691153161953081,4.607168188650764,0.691153161953081,4.270695952029551,0.691153161953081,4.137164559405029,4.42484663185681,4.270695952029551,4.019381523748645,5.117993812416755,4.607168188650764,4.42484663185681,3.6516567436233283,4.137164559405029,4.830311739964974,3.914021008090819,0.691153161953081])",1.0
F231,"['fear', 'buy', 'teach', 'spring', 'practice.', 'total', 'without', 'somebody.', '—', 'shocking', 'claims', 'aliens', 'surface', 'internet.']","(10000,[80,503,650,1644,3567,4043,5850,6279,7281,7936,8338,8522,8741,9513],[4.137164559405029,0.691153161953081,2.958509563063383,4.019381523748645,5.117993812416755,4.42484663185681,0.691153161953081,4.607168188650764,0.6792718340663283,0.691153161953081,0.691153161953081,4.270695952029551,4.830311739964974,3.7316994512968646])",0.0
R066,"['wish', 'wear', 'section.', 'culture', 'drug', 'push', 'rather', 'every', 'require', 'statement.', 'experts', 'discuss', 'ongoing', 'developments', 'policy.']","(10000,[495,1133,2837,3548,3614,4506,4687,5978,6581,6944,7860,8449,8645,9462,9681],[4.270695952029551,5.117993812416755,4.019381523748645,5.523458920524919,0.691153161953081,0.691153161953081,0.691153161953081,4.270695952029551,4.607168188650764,2.8154087194227095,2.8154087194227095,4.137164559405029,4.42484663185681,0.691153161953081,3.914021008090819])",1.0
F095,"['next', 'just.', 'nature', 'still', 'law', 'want', 'skill', 'participant.', 'condition', 'administration', 'college', 'sure', 'happy', 'local', 'attention.', 'play', 'energy', 'summer.', '—', 'shocking', 'claims', 'mind', 'control', 'surface', 'internet.']","(10000,[228,503,1208,1457,1762,1821,2173,2191,3184,3611,3712,3979,5185,5328,5347,5850,7281,7712,7936,8057,8203,8273,8307,8338,9968],[4.270695952029551,0.691153161953081,2.849310271098391,5.523458920524919,4.270695952029551,3.914021008090819,4.830311739964974,4.607168188650764,2.8154087194227095,4.137164559405029,4.270695952029551,3.914021008090819,4.270695952029551,3.6516567436233283,4.137164559405029,0.691153161953081,0.6792718340663283,4.270695952029551,0.691153161953081,4.607168188650764,4.607168188650764,3.914021008090819,4.137164559405029,0.691153161953081,4.137164559405029])",0.0
R174,"['similar', 'hard', 'benefit', 'central.', 'someone', 'edge', 'beautiful', 'stop.', 'choose', 'season', 'church', 'company', 'daughter', 'meet.', 'senior', 'read', 'tree', 'author', 'building', 'gun.', 'experts', 'discuss', 'ongoing', 'developments', 'policy.']","(10000,[942,1273,2347,2358,3614,3671,3921,4144,4506,4687,5125,5653,5852,5871,6271,6917,6944,7046,7586,7623,7650,9350,9462,9706],[4.137164559405029,7.3033134872466565,4.42484663185681,4.607168188650764,0.691153161953081,5.117993812416755,4.019381523748645,4.42484663185681,0.691153161953081,0.691153161953081,4.42484663185681,3.914021008090819,3.914021008090819,4.42484663185681,4.270695952029551,5.117993812416755,2.8154087194227095,4.137164559405029,4.607168188650764,4.270695952029551,4.019381523748645,4.270695952029551,0.691153161953081,3.914021008090819])",1.0
R201,"['allow', 'mr', 'happy', 'number', 'fly.', 'stop', 'pick', 'smile', 'either.', 'experts', 'discuss', 'ongoing', 'developments', 'public', 'health.']","(10000,[796,1770,2647,2713,3614,4506,4687,4835,5347,6219,7230,7372,7632,8519,9462],[3.7316994512968646,2.997730276216664,4.019381523748645,4.137164559405029,0.691153161953081,0.691153161953081,0.691153161953081,4.42484663185681,4.137164559405029,3.172083663361442,5.117993812416755,3.914021008090819,4.830311739964974,4.607168188650764,0.691153161953081])",1.0
R072,"['leg', 'daughter', 'hard', 'several.', 'least', 'various', 'team', 'environment', 'claim', 'perform', 'prepare', 'yeah.', 'experts', 'discuss', 'ongoing', 'developments', 'education.']","(10000,[74,468,1098,1634,2286,2407,3614,4506,4687,5047,5125,6290,6647,7623,8134,8937,9462],[5.117993812416755,4.019381523748645,3.8187108282864943,4.830311739964974,4.42484663185681,3.914021008090819,0.691153161953081,0.691153161953081,0.691153161953081,2.7200985396183848,4.42484663185681,4.270695952029551,4.270695952029551,4.270695952029551,5.117993812416755,4.607168188650764,0.691153161953081])",1.0
R064,"['politics', 'sister', 'nice', 'describe', 'offer', 'box', 'scientist.', 'avoid', 'include.', 'experience', 'catch', 'doctor', 'also', 'perhaps', 'store.', 'experts', 'discuss', 'ongoing', 'developments', 'research.']","(10000,[777,1259,1388,2958,3370,3521,3614,3635,3792,4506,4687,5887,7066,7085,7443,7922,7949,8403,9166,9462],[4.137164559405029,4.270695952029551,4.42484663185681,3.7316994512968646,4.270695952029551,4.270695952029551,0.691153161953081,4.019381523748645,3.914021008090819,0.691153161953081,0.691153161953081,4.137164559405029,2.8844015909096608,4.019381523748645,5.523458920524919,3.6516567436233283,4.019381523748645,4.607168188650764,4.607168188650764,0.691153161953081])",1.0
F037,"['large', 'side', 'much', 'tell.', 'community', 'collection', 'data', 'worry', 'week', 'describe.', '—', 'shocking', 'claims', 'miracle', 'drug', 'surface', 'internet.']","(10000,[503,524,1256,1695,5122,5850,7022,7281,7309,7860,7936,8174,8209,8338,8343,9083,9781],[0.691153161953081,3.8187108282864943,3.125563647726549,4.830311739964974,4.42484663185681,0.691153161953081,4.42484663185681,0.6792718340663283,4.830311739964974,2.8154087194227095,0.691153161953081,4.137164559405029,3.6516567436233283,0.691153161953081,4.270695952029551,4.830311739964974,5.117993812416755])",0.0
R170,"['within', 'win', 'network.', 'book', 'place', 'area', 'relate', 'officer.', 'tonight', 'condition', 'environment.', 'experts', 'discuss', 'ongoing', 'developments', 'technology', 'breakthrough.']","(10000,[393,988,1020,2227,2398,3389,3614,4506,4687,5089,5328,5649,6390,6511,7515,9462,9817],[4.42484663185681,4.137164559405029,2.4324164671666035,2.7200985396183848,5.117993812416755,4.607168188650764,0.691153161953081,0.691153161953081,0.691153161953081,3.6516567436233283,3.6516567436233283,4.270695952029551,4.830311739964974,5.117993812416755,4.830311739964974,0.691153161953081,3.4440173788450834])",1.0
F110,"['poor', 'quite', 'pull', 'behind.', 'arm', 'time', 'lay', 'second', 'draw', 'no.', 'serious', 'easy', 'skill', 'floor', 'picture', 'local', 'capital.', '—', 'shocking', 'claims', 'celebrity', 'scandal', 'surface', 'internet.']","(10000,[101,228,503,760,1117,2470,2481,3486,3984,4319,4475,4921,5850,6056,6597,7281,7936,8103,8157,8167,8271,8338,9256,9968],[4.830311739964974,4.270695952029551,0.691153161953081,4.270695952029551,3.7316994512968646,5.117993812416755,3.8187108282864943,2.849310271098391,4.830311739964974,3.5085558999826545,3.6516567436233283,2.849310271098391,0.691153161953081,3.914021008090819,4.270695952029551,0.6792718340663283,0.691153161953081,4.42484663185681,4.607168188650764,4.137164559405029,5.523458920524919,0.691153161953081,3.7316994512968646,4.137164559405029])",0.0
F048,"['difficult', 'might', 'who.', 'run', 'say', 'picture', 'enter', 'describe', 'role.', 'study', 'decide', 'final', 'west', 'win.', '—', 'shocking', 'claims', 'secret', 'cure', 'surface', 'internet.']","(10000,[266,503,1653,1712,2481,3892,3924,4224,5085,5850,5862,6436,6747,7085,7281,7435,7936,8293,8338,9808,9974],[4.830311739964974,0.691153161953081,3.914021008090819,4.019381523748645,3.8187108282864943,2.5530444549552183,4.137164559405029,4.42484663185681,3.914021008090819,0.691153161953081,3.8187108282864943,4.830311739964974,2.5530444549552183,4.019381523748645,0.6792718340663283,3.8187108282864943,0.691153161953081,4.830311739964974,0.691153161953081,4.270695952029551,4.830311739964974])",0.0
F082,"['bill', 'garden', 'leg', 'various', 'available', 'author.', 'customer', 'clearly', 'president', 'become', 'side.', 'goal', 'form', 'forget', 'inside', 'production', 'even.', '—', 'shocking', 'claims', 'hoax', 'surface', 'internet.']","(10000,[373,503,1306,1413,2475,3924,4377,5089,5621,5850,5936,6290,6647,7090,7146,7177,7281,7936,8135,8238,8338,8353,9066],[5.523458920524919,0.691153161953081,4.137164559405029,3.8187108282864943,4.607168188650764,4.137164559405029,2.60568818844064,3.6516567436233283,4.019381523748645,0.691153161953081,4.019381523748645,4.270695952029551,4.270695952029551,3.6516567436233283,4.019381523748645,4.830311739964974,0.6792718340663283,0.691153161953081,4.270695952029551,3.914021008090819,0.691153161953081,4.137164559405029,4.137164559405029])",0.0
F187,"['stock', 'poor', 'natural', 'phone', 'culture.', 'skin', 'particular', 'break', 'commercial', 'party', 'fill', 'partner.', '—', 'shocking', 'claims', 'miracle', 'drug', 'surface', 'internet.']","(10000,[503,668,793,1256,1379,1626,4590,4988,5703,5833,5850,6443,7281,7860,7936,8103,8338,8984,9727],[0.691153161953081,3.914021008090819,4.42484663185681,3.125563647726549,3.8187108282864943,4.137164559405029,5.117993812416755,4.270695952029551,5.523458920524919,4.42484663185681,0.691153161953081,3.8187108282864943,0.6792718340663283,2.8154087194227095,0.691153161953081,4.42484663185681,0.691153161953081,4.270695952029551,4.42484663185681])",0.0
F027,"['believe', 'recently', 'stage', 'plant', 'collection', 'important', 'well.', 'lay', 'security', 'late', 'bad', 'clear', 'especially.', 'drop', 'listen', 'matter.', '—', 'shocking', 'claims', 'miracle', 'drug', 'surface', 'internet.']","(10000,[30,429,503,533,1256,1611,1770,1967,2034,2634,3079,4475,5850,7244,7281,7860,7936,7956,7968,8209,8338,8577,8833],[4.137164559405029,3.8187108282864943,0.691153161953081,4.270695952029551,3.125563647726549,4.270695952029551,2.997730276216664,4.270695952029551,4.270695952029551,4.019381523748645,4.019381523748645,3.6516567436233283,0.691153161953081,3.6516567436233283,0.6792718340663283,2.8154087194227095,0.691153161953081,4.607168188650764,5.523458920524919,3.6516567436233283,0.691153161953081,4.607168188650764,5.117993812416755])",0.0
F202,"['talk', 'stop', 'unit', 'weight.', 'history', 'anything', 'thus', 'short', 'economy', 'accept.', '—', 'shocking', 'claims', 'hoax', 'surface', 'internet.']","(10000,[217,288,503,796,1262,1352,2114,4377,5684,5850,6335,6543,7281,7936,8338,8925],[3.8187108282864943,5.523458920524919,0.691153161953081,3.7316994512968646,3.7316994512968646,5.523458920524919,3.914021008090819,2.60568818844064,4.42484663185681,0.691153161953081,4.607168188650764,4.607168188650764,0.6792718340663283,0.691153161953081,0.691153161953081,4.607168188650764])",0.0
F197,"['key', 'lawyer', 'upon', 'particular.', 'six', 'region', 'set.', '—', 'shocking', 'claims', 'secret', 'cure', 'surface', 'internet.']","(10000,[503,3131,3892,5401,5767,5850,6735,6747,7281,7936,8159,8338,8633,9021],[0.691153161953081,4.019381523748645,2.5530444549552183,4.019381523748645,5.523458920524919,0.691153161953081,4.137164559405029,2.5530444549552183,0.6792718340663283,0.691153161953081,3.4440173788450834,0.691153161953081,4.830311739964974,4.019381523748645])",0.0
R128,"['prevent', 'scene', 'first', 'lawyer', 'word', 'factor.', 'number', 'apply.', 'experts', 'discuss', 'ongoing', 'developments', 'climate', 'change.']","(10000,[821,1392,2059,3252,3519,3614,4506,4687,5416,5844,6403,8519,9021,9462],[2.849310271098391,5.117993812416755,2.6330871626287546,4.137164559405029,3.914021008090819,0.691153161953081,0.691153161953081,0.691153161953081,4.830311739964974,3.914021008090819,3.914021008090819,4.607168188650764,4.019381523748645,0.691153161953081])",1.0
F157,"['probably', 'cup', 'final', 'cause', 'culture', 'history.', 'throughout', 'professor', 'personal', 'contain', 'throw', 'also.', 'accept', 'one', 'sell.', '—', 'shocking', 'claims', 'government', 'cover-up', 'surface', 'internet.']","(10000,[316,503,815,1310,1653,2259,2297,2543,2657,3059,5850,5948,7281,7424,7493,7936,7939,8121,8325,8338,8645,9813],[4.830311739964974,0.691153161953081,4.830311739964974,5.117993812416755,3.914021008090819,2.8154087194227095,4.42484663185681,3.6516567436233283,3.4440173788450834,5.117993812416755,0.691153161953081,4.270695952029551,0.6792718340663283,5.117993812416755,3.6516567436233283,0.691153161953081,3.8187108282864943,4.830311739964974,4.830311739964974,0.691153161953081,4.42484663185681,2.997730276216664])",0.0
F117,"['stay', 'accept', 'ahead', 'former', 'glass', 'instead.', 'parent', 'federal', 'dream', 'order.', 'throughout', 'kitchen', 'middle', 'ability.', '—', 'shocking', 'claims', 'hoax', 'surface', 'internet.']","(10000,[226,433,503,633,756,1955,2366,2657,4160,4377,5564,5850,5948,6932,7281,7936,8268,8338,9878,9932],[5.523458920524919,4.830311739964974,0.691153161953081,4.019381523748645,4.607168188650764,5.523458920524919,3.914021008090819,3.4440173788450834,4.137164559405029,2.60568818844064,4.830311739964974,0.691153161953081,4.270695952029551,3.914021008090819,0.6792718340663283,0.691153161953081,4.42484663185681,0.691153161953081,4.270695952029551,4.019381523748645])",0.0
F173,"['agent', 'step', 'fine', 'character', 'special', 'fill.', '—', 'shocking', 'claims', 'secret', 'cure', 'surface', 'internet.']","(10000,[453,503,1055,1558,3892,4867,5016,5850,6431,6747,7281,7936,8338],[4.019381523748645,0.691153161953081,5.117993812416755,4.019381523748645,2.5530444549552183,4.607168188650764,4.270695952029551,0.691153161953081,4.019381523748645,2.5530444549552183,0.6792718340663283,0.691153161953081,0.691153161953081])",0.0
F024,"['time', 'control', 'family', 'affect.', 'box', 'second', 'heavy', 'expect', 'add', 'second', 'these.', 'add', 'bill', 'voice', 'daughter', 'page.', 'note', 'course', 'hour', 'season', 'east.', '—', 'shocking', 'claims', 'aliens', 'surface', 'internet.']","(10000,[503,527,650,1167,1208,2358,3530,3652,3691,3813,5678,5692,5850,7281,7623,7922,7936,8135,8157,8297,8338,8949,9256,9887,9909],[0.691153161953081,4.830311739964974,2.958509563063383,4.830311739964974,2.849310271098391,4.607168188650764,4.137164559405029,3.577548771469606,4.42484663185681,4.607168188650764,4.607168188650764,4.607168188650764,0.691153161953081,0.6792718340663283,4.270695952029551,3.6516567436233283,0.691153161953081,4.270695952029551,4.607168188650764,4.42484663185681,0.691153161953081,4.42484663185681,7.463398902593729,8.84969326371362,3.914021008090819])",0.0
F096,"['fire', 'among', 'point', 'small.', '—', 'shocking', 'claims', 'celebrity', 'scandal', 'surface', 'internet.']","(10000,[503,3445,3486,4416,4921,5191,5850,7281,7362,7936,8338],[0.691153161953081,4.607168188650764,2.849310271098391,4.270695952029551,2.849310271098391,4.019381523748645,0.691153161953081,0.6792718340663283,4.270695952029551,0.691153161953081,0.691153161953081])",0.0
R247,"['protect', 'hundred', 'treatment', 'live', 'determine', 'week.', 'wait', 'also', 'become', 'face', 'quality', 'weight', 'contain.', 'experts', 'discuss', 'ongoing', 'developments', 'public', 'health.']","(10000,[493,1770,2302,3292,3506,3614,3792,4034,4506,4687,5175,5477,6219,7090,7235,7734,8004,8015,9462],[4.830311739964974,2.997730276216664,5.117993812416755,5.117993812416755,4.607168188650764,0.691153161953081,3.914021008090819,4.270695952029551,0.691153161953081,0.691153161953081,3.914021008090819,4.270695952029551,3.172083663361442,3.6516567436233283,4.42484663185681,4.270695952029551,3.6516567436233283,5.117993812416755,0.691153161953081])",1.0
F226,"['catch', 'mrs', 'quite', 'body.', 'economic', 'nation', 'song', 'store', 'table.', 'information', 'anyone', 'painting', 'role', 'current', 'miss.', '—', 'shocking', 'claims', 'government', 'cover-up', 'surface', 'internet.']","(10000,[503,666,1034,2259,3350,4014,5726,5850,6056,6404,6961,7184,7281,7350,7936,7949,8190,8338,9144,9189,9751,9813],[0.691153161953081,4.42484663185681,3.8187108282864943,2.8154087194227095,4.607168188650764,4.42484663185681,3.6516567436233283,0.691153161953081,3.914021008090819,4.607168188650764,5.117993812416755,3.8187108282864943,0.6792718340663283,4.137164559405029,0.691153161953081,4.019381523748645,4.137164559405029,0.691153161953081,2.455405985391302,4.270695952029551,4.830311739964974,2.997730276216664])",0.0
F100,"['half', 'phone', 'contain', 'right.', 'item', 'short', 'great', 'tend', 'agency', 'despite', 'room.', '—', 'shocking', 'claims', 'flat', 'earth', 'surface', 'internet.']","(10000,[503,750,765,1262,1301,1626,1780,1810,1916,2366,2660,2918,5850,7281,7493,7936,8338,9676],[0.691153161953081,4.42484663185681,4.270695952029551,3.7316994512968646,5.117993812416755,4.137164559405029,4.607168188650764,4.270695952029551,4.830311739964974,3.914021008090819,4.830311739964974,3.0385522707369192,0.691153161953081,0.6792718340663283,3.6516567436233283,0.691153161953081,0.691153161953081,3.0385522707369192])",0.0
F246,"['sign', 'peace', 'mrs', 'gun', 'create', 'buy.', 'contain', 'heart', 'little', 'professor', 'lay', 'woman', 'turn', 'across.', 'spring', 'far', 'full', 'food', 'share', 'instead', 'occur.', '—', 'shocking', 'claims', 'government', 'cover-up', 'surface', 'internet.']","(10000,[503,526,1404,1590,1644,2259,2516,2543,3886,3947,4158,4475,4527,4563,5627,5850,6697,6756,7281,7493,7936,8313,8338,8653,8897,9751,9808,9813],[0.691153161953081,5.523458920524919,4.607168188650764,4.42484663185681,4.019381523748645,2.8154087194227095,4.607168188650764,3.6516567436233283,3.914021008090819,4.42484663185681,4.137164559405029,3.6516567436233283,4.270695952029551,4.137164559405029,4.607168188650764,0.691153161953081,4.137164559405029,3.8187108282864943,0.6792718340663283,3.6516567436233283,0.691153161953081,4.019381523748645,0.691153161953081,4.607168188650764,4.019381523748645,4.830311739964974,4.270695952029551,2.997730276216664])",0.0
F183,"['effect', 'form', 'within', 'bank', 'whether.', 'child', 'beautiful', 'beyond', 'common.', 'painting', 'firm', 'raise', 'debate', 'head.', '—', 'shocking', 'claims', 'aliens', 'surface', 'internet.']","(10000,[503,650,1034,1273,3527,3593,3744,5621,5850,6324,6547,7244,7281,7936,8276,8338,8894,8900,8982,9817],[0.691153161953081,2.958509563063383,3.8187108282864943,3.6516567436233283,4.607168188650764,5.523458920524919,5.117993812416755,4.019381523748645,0.691153161953081,4.019381523748645,5.523458920524919,3.6516567436233283,0.6792718340663283,0.691153161953081,4.019381523748645,0.691153161953081,4.42484663185681,4.137164559405029,3.8187108282864943,3.4440173788450834])",0.0
R063,"['box', 'although', 'party', 'back', 'owner', 'generation', 'air.', 'also', 'sometimes', 'turn', 'summer.', 'experts', 'discuss', 'ongoing', 'developments', 'policy.']","(10000,[1379,1918,2191,3614,3792,3886,4506,4687,5869,6053,6944,6963,7779,7922,8430,9462],[3.8187108282864943,5.117993812416755,4.607168188650764,0.691153161953081,3.914021008090819,3.914021008090819,0.691153161953081,0.691153161953081,4.270695952029551,3.914021008090819,2.8154087194227095,4.019381523748645,3.125563647726549,3.6516567436233283,4.42484663185681,0.691153161953081])",1.0
R005,"['material', 'open', 'sort', 'bar', 'stage', 'pass', 'miss.', 'scientist', 'administration', 'drive', 'rise', 'despite.', 'travel', 'recognize', 'poor', 'probably', 'challenge', 'cold.', 'experts', 'discuss', 'ongoing', 'developments', 'election.']","(10000,[30,1630,2297,3231,3556,3614,4330,4506,4687,4816,5185,5720,5783,5935,6226,6325,6961,7332,8103,8171,8392,8681,9462],[4.137164559405029,5.117993812416755,4.42484663185681,3.914021008090819,2.8844015909096608,0.691153161953081,4.830311739964974,0.691153161953081,0.691153161953081,3.914021008090819,4.270695952029551,5.523458920524919,4.607168188650764,4.137164559405029,4.019381523748645,3.8187108282864943,5.117993812416755,4.270695952029551,4.42484663185681,4.607168188650764,4.42484663185681,4.270695952029551,0.691153161953081])",1.0
R084,"['surface', 'law', 'student.', 'beyond', 'watch', 'stand', 'affect', 'loss.', 'home', 'give', 'name', 'value', 'check.', 'experts', 'discuss', 'ongoing', 'developments', 'election.']","(10000,[15,690,1099,2708,3365,3556,3614,3783,3979,4506,4687,6055,6886,7281,7403,8900,9394,9462],[3.7316994512968646,5.523458920524919,4.42484663185681,3.4440173788450834,4.42484663185681,2.8844015909096608,0.691153161953081,5.117993812416755,3.914021008090819,0.691153161953081,0.691153161953081,4.830311739964974,4.019381523748645,0.6792718340663283,4.607168188650764,4.137164559405029,4.830311739964974,0.691153161953081])",1.0
R124,"['radio', 'although', 'act.', 'less', 'big', 'detail', 'civil', 'fast', 'fast.', 'experts', 'discuss', 'ongoing', 'developments', 'education.']","(10000,[593,1143,1195,2141,3048,3614,4506,4687,4831,5047,7779,9086,9263,9462],[4.137164559405029,4.137164559405029,3.6516567436233283,5.117993812416755,4.019381523748645,0.691153161953081,0.691153161953081,0.691153161953081,4.607168188650764,2.7200985396183848,3.125563647726549,4.137164559405029,3.8187108282864943,0.691153161953081])",1.0
R118,"['manager', 'budget', 'one', 'summer', 'clear.', 'individual', 'several', 'cut', 'standard', 'create.', 'experts', 'discuss', 'ongoing', 'developments', 'research.']","(10000,[815,1206,1401,1652,2967,3614,4506,4687,4991,6808,7066,8614,9227,9462,9481],[4.830311739964974,4.607168188650764,4.830311739964974,4.270695952029551,4.137164559405029,0.691153161953081,0.691153161953081,0.691153161953081,2.60568818844064,5.523458920524919,2.8844015909096608,4.137164559405029,4.607168188650764,0.691153161953081,5.117993812416755])",1.0
F001,"['real', 'speech', 'expert', 'nice', 'customer', 'war.', 'full', 'store', 'where.', 'different', 'reveal', 'trip', 'wind', 'discover', 'occur', 'against.', '—', 'shocking', 'claims', 'aliens', 'surface', 'internet.']","(10000,[502,503,650,914,1413,1507,1921,2558,3370,4170,4522,5417,5782,5850,6683,6749,7184,7281,7936,8338,8897,9691],[3.914021008090819,0.691153161953081,2.958509563063383,4.137164559405029,3.8187108282864943,3.8187108282864943,4.42484663185681,4.270695952029551,4.270695952029551,4.607168188650764,4.607168188650764,5.117993812416755,4.270695952029551,0.691153161953081,4.270695952029551,5.523458920524919,3.8187108282864943,0.6792718340663283,0.691153161953081,0.691153161953081,4.019381523748645,4.42484663185681])",0.0
F007,"['happen', 'challenge', 'short', 'out.', 'goal', 'area', 'every', 'free.', '—', 'shocking', 'claims', 'immortal', 'jellyfish', 'surface', 'internet.']","(10000,[503,1262,2066,4391,4704,5089,5649,5778,5850,5935,7281,7936,8338,9681,9876],[0.691153161953081,3.7316994512968646,2.7508701982851385,5.117993812416755,4.270695952029551,3.6516567436233283,4.270695952029551,4.830311739964974,0.691153161953081,4.137164559405029,0.6792718340663283,0.691153161953081,0.691153161953081,3.914021008090819,2.7508701982851385])",0.0
F046,"['relate', 'particular', 'condition', 'mission', 'lay.', 'exactly', 'election', 'parent.', '—', 'shocking', 'claims', 'mind', 'control', 'surface', 'internet.']","(10000,[132,503,899,988,1208,2096,3184,5328,5850,6069,7281,7936,7958,8338,8984],[4.270695952029551,0.691153161953081,5.523458920524919,4.137164559405029,2.849310271098391,4.019381523748645,2.8154087194227095,3.6516567436233283,0.691153161953081,4.42484663185681,0.6792718340663283,0.691153161953081,5.117993812416755,0.691153161953081,4.270695952029551])",0.0
R103,"['management', 'southern', 'window', 'free', 'stage.', 'foot', 'listen', 'reveal', 'field', 'pattern', 'money', 'range.', 'source', 'western', 'tough', 'quite.', 'wall', 'clear', 'debate', 'develop', 'choose', 'may.', 'experts', 'discuss', 'ongoing', 'developments', 'research.']","(10000,[429,524,617,1073,1209,1241,1507,1611,2403,3614,3743,4506,4687,5447,6103,6404,6572,6643,7066,7074,7721,7890,8276,8878,9462,9706],[3.8187108282864943,3.8187108282864943,3.8187108282864943,4.137164559405029,4.019381523748645,7.637421656572989,3.8187108282864943,4.270695952029551,4.137164559405029,0.691153161953081,4.270695952029551,0.691153161953081,0.691153161953081,3.577548771469606,4.137164559405029,4.607168188650764,5.117993812416755,5.523458920524919,2.8844015909096608,3.577548771469606,4.607168188650764,4.270695952029551,4.019381523748645,4.830311739964974,0.691153161953081,3.914021008090819])",1.0
R037,"['investment', 'effort', 'visit.', 'show', 'good', 'involve', 'bag.', 'next', 'free', 'impact.', 'experts', 'discuss', 'ongoing', 'developments', 'budget', 'report.']","(10000,[371,1073,1562,3614,4019,4506,4687,4991,5324,5432,5726,5891,6168,6271,8273,9462],[5.523458920524919,4.137164559405029,4.42484663185681,0.691153161953081,4.019381523748645,0.691153161953081,0.691153161953081,2.60568818844064,4.830311739964974,2.7200985396183848,3.6516567436233283,4.137164559405029,3.914021008090819,4.270695952029551,3.914021008090819,0.691153161953081])",1.0
F193,"['space', 'rather', 'garden', 'work', 'project', 'experience.', 'spring', 'pass', 'million', 'big', 'return', 'possible', 'write.', 'rate', 'thank', 'everyone', 'rich', 'write.', 'toward', 'cover', 'eye', 'environment', 'attention', 'across.', '—', 'shocking', 'claims', 'secret', 'cure', 'surface', 'internet.']","(10000,[253,503,635,1341,1644,1687,2072,2230,2407,2837,3048,3144,3194,3892,5627,5850,5936,6100,6104,6212,6747,7281,7936,8338,8392,8651,8893,9188,9527,9593],[4.137164559405029,0.691153161953081,3.8187108282864943,4.270695952029551,4.019381523748645,4.137164559405029,5.523458920524919,4.607168188650764,3.914021008090819,4.019381523748645,4.019381523748645,4.830311739964974,4.42484663185681,2.5530444549552183,4.607168188650764,0.691153161953081,4.019381523748645,4.42484663185681,4.137164559405029,3.914021008090819,2.5530444549552183,0.6792718340663283,0.691153161953081,0.691153161953081,4.42484663185681,4.137164559405029,4.137164559405029,4.019381523748645,4.270695952029551,9.660623479929948])",0.0
R166,"['sign', 'water', 'firm', 'happen', 'pass.', 'experts', 'discuss', 'ongoing', 'developments', 'election.']","(10000,[2589,3556,3614,4506,4687,4704,6756,8171,8894,9462],[3.914021008090819,2.8844015909096608,0.691153161953081,0.691153161953081,0.691153161953081,4.270695952029551,3.8187108282864943,4.607168188650764,4.42484663185681,0.691153161953081])",1.0
F017,"['chair', 'social', 'fast', 'contain', 'interesting', 'school', 'move.', 'leg', 'seek', 'operation', 'fire', 'speak.', 'feeling', 'stage', 'back', 'goal', 'represent', 'modern', 'lead.', '—', 'shocking', 'claims', 'immortal', 'jellyfish', 'surface', 'internet.']","(10000,[30,171,503,613,681,823,2066,2336,2679,3634,5089,5191,5750,5760,5850,5922,6290,7281,7386,7493,7936,8338,8430,8717,9263,9876],[4.137164559405029,4.607168188650764,0.691153161953081,4.019381523748645,4.607168188650764,4.42484663185681,2.7508701982851385,3.7316994512968646,4.137164559405029,4.607168188650764,3.6516567436233283,4.019381523748645,4.830311739964974,4.830311739964974,0.691153161953081,4.42484663185681,4.270695952029551,0.6792718340663283,5.117993812416755,3.6516567436233283,0.691153161953081,0.691153161953081,4.42484663185681,4.42484663185681,3.8187108282864943,2.7508701982851385])",0.0
R008,"['bar', 'cut', 'section', 'food', 'relationship', 'apply.', 'newspaper', 'structure', 'bad', 'item.', 'experts', 'discuss', 'ongoing', 'developments', 'economic', 'growth.']","(10000,[1206,1392,2996,3238,3614,4260,4506,4687,6968,7299,7332,7956,8653,9034,9144,9462],[4.607168188650764,5.117993812416755,3.6516567436233283,4.270695952029551,0.691153161953081,4.270695952029551,0.691153161953081,0.691153161953081,4.830311739964974,5.523458920524919,4.270695952029551,4.607168188650764,4.607168188650764,2.849310271098391,2.455405985391302,0.691153161953081])",1.0
F071,"['contain', 'agency', 'work.', 'music', 'true', 'issue', 'ok', 'seat.', '—', 'shocking', 'claims', 'celebrity', 'scandal', 'surface', 'internet.']","(10000,[360,503,765,1268,2645,3486,4921,5850,6370,6616,7188,7281,7493,7936,8338],[5.117993812416755,0.691153161953081,4.270695952029551,5.523458920524919,4.830311739964974,2.849310271098391,2.849310271098391,0.691153161953081,3.914021008090819,3.6516567436233283,3.8187108282864943,0.6792718340663283,3.6516567436233283,0.691153161953081,0.691153161953081])",0.0
F028,"['record', 'think', 'positive.', 'issue', 'major', 'whom.', '—', 'shocking', 'claims', 'mind', 'control', 'surface', 'internet.']","(10000,[503,735,1058,1208,2335,3184,4347,5850,6616,7281,7801,7936,8338],[0.691153161953081,4.42484663185681,4.42484663185681,2.849310271098391,4.270695952029551,2.8154087194227095,4.270695952029551,0.691153161953081,3.6516567436233283,0.6792718340663283,5.523458920524919,0.691153161953081,0.691153161953081])",0.0
F227,"['indicate', 'defense', 'instead', 'record', 'my.', 'often', 'away', 'amount', 'attack', 'many.', '—', 'shocking', 'claims', 'immortal', 'jellyfish', 'surface', 'internet.']","(10000,[7,503,2066,2846,3543,3737,4347,4527,4596,5693,5850,6485,7222,7281,7936,8338,9876],[3.914021008090819,0.691153161953081,2.7508701982851385,4.607168188650764,4.607168188650764,4.019381523748645,4.270695952029551,4.270695952029551,5.523458920524919,4.019381523748645,0.691153161953081,5.117993812416755,4.137164559405029,0.6792718340663283,0.691153161953081,0.691153161953081,2.7508701982851385])",0.0
R200,"['author', 'finally', 'case', 'worker.', 'yet', 'large', 'heart', 'model', 'collection', 'dinner.', 'common', 'let', 'center', 'listen', 'money', 'tonight', 'color.', 'experts', 'discuss', 'ongoing', 'developments', 'public', 'health.']","(10000,[429,1480,1770,1817,2494,3214,3389,3614,4037,4506,4687,5371,6103,6219,6332,6342,7022,7102,8209,8267,9350,9462,9808],[3.8187108282864943,4.019381523748645,2.997730276216664,4.42484663185681,5.523458920524919,4.607168188650764,4.607168188650764,0.691153161953081,3.914021008090819,0.691153161953081,0.691153161953081,5.117993812416755,4.137164559405029,3.172083663361442,4.019381523748645,4.42484663185681,4.42484663185681,4.137164559405029,3.6516567436233283,4.607168188650764,4.270695952029551,0.691153161953081,4.270695952029551])",1.0
R225,"['year', 'avoid', 'offer', 'into.', 'evening', 'task', 'speak.', 'experts', 'discuss', 'ongoing', 'developments', 'climate', 'change.']","(10000,[442,821,1388,2059,2958,3614,4506,4687,5286,5750,8451,8899,9462],[5.523458920524919,2.849310271098391,4.42484663185681,2.6330871626287546,3.7316994512968646,0.691153161953081,0.691153161953081,0.691153161953081,4.830311739964974,4.830311739964974,3.8187108282864943,4.607168188650764,0.691153161953081])",1.0
R062,"['yeah', 'federal', 'rule', 'pull.', 'issue', 'note', 'loss', 'huge', 'return.', 'enough', 'another', 'score', 'week', 'technology.', 'experts', 'discuss', 'ongoing', 'developments', 'budget', 'report.']","(10000,[343,633,1612,1927,2198,3249,3614,4506,4687,4748,4991,5122,5329,5432,6616,8166,8684,8893,9462,9909],[4.137164559405029,4.019381523748645,4.607168188650764,4.42484663185681,4.42484663185681,3.7316994512968646,0.691153161953081,0.691153161953081,0.691153161953081,4.137164559405029,2.60568818844064,4.42484663185681,4.270695952029551,2.7200985396183848,3.6516567436233283,4.137164559405029,4.830311739964974,4.137164559405029,0.691153161953081,3.914021008090819])",1.0
F033,"['position', 'town', 'training', 'capital', 'gun', 'significant', 'drug', 'senior.', 'kid', 'key', 'edge', 'charge', 'mind.', 'score', 'worker', 'occur', 'step.', '—', 'shocking', 'claims', 'hoax', 'surface', 'internet.']","(10000,[503,1339,1921,1927,2676,2835,3131,3723,3921,4377,4715,5850,6541,6764,6812,7281,7538,7860,7936,8313,8338,8438,8552],[0.691153161953081,4.42484663185681,4.42484663185681,4.42484663185681,4.270695952029551,4.830311739964974,4.019381523748645,4.137164559405029,4.019381523748645,2.60568818844064,4.270695952029551,0.691153161953081,4.607168188650764,5.523458920524919,4.019381523748645,0.6792718340663283,4.270695952029551,2.8154087194227095,0.691153161953081,4.019381523748645,0.691153161953081,5.117993812416755,4.137164559405029])",0.0
F012,"['fish', 'majority', 'power.', 'least', 'stock', 'often', 'grow', 'mean', 'wrong', 'attention.', 'argue', 'suggest', 'perform', 'assume.', '—', 'shocking', 'claims', 'hoax', 'surface', 'internet.']","(10000,[7,503,793,909,1029,1098,1376,1634,2404,3730,4377,5850,6512,7281,7816,7936,8203,8338,8550,9244],[3.914021008090819,0.691153161953081,4.42484663185681,4.270695952029551,4.42484663185681,3.8187108282864943,4.137164559405029,4.830311739964974,4.830311739964974,4.270695952029551,2.60568818844064,0.691153161953081,4.42484663185681,0.6792718340663283,4.607168188650764,0.691153161953081,4.607168188650764,0.691153161953081,4.830311739964974,4.137164559405029])",0.0
R121,"['threat', 'affect', 'realize', 'may', 'hotel', 'memory.', 'hundred', 'direction', 'film', 'receive.', 'experts', 'discuss', 'ongoing', 'developments', 'research.']","(10000,[1582,2663,2687,3614,4506,4687,5003,5175,6055,6079,7066,8070,8554,9160,9462],[4.607168188650764,4.137164559405029,5.523458920524919,0.691153161953081,0.691153161953081,0.691153161953081,4.270695952029551,3.914021008090819,4.830311739964974,5.523458920524919,2.8844015909096608,3.914021008090819,5.117993812416755,3.8187108282864943,0.691153161953081])",1.0
F210,"['fine', 'choose', 'education', 'situation', 'ten', 'trip', 'return.', 'free', 'rather', 'common', 'fast', 'push.', 'artist', 'sure', 'economy', 'quite', 'step.', '—', 'shocking', 'claims', 'aliens', 'surface', 'internet.']","(10000,[217,503,650,1073,1821,2835,2837,3136,5085,5530,5782,5850,6056,6332,6431,7074,7281,7936,8338,8684,8931,9263,9706],[3.8187108282864943,0.691153161953081,2.958509563063383,4.137164559405029,3.914021008090819,4.830311739964974,4.019381523748645,4.019381523748645,3.914021008090819,5.117993812416755,4.270695952029551,0.691153161953081,3.914021008090819,4.019381523748645,4.019381523748645,3.577548771469606,0.6792718340663283,0.691153161953081,0.691153161953081,4.830311739964974,4.830311739964974,3.8187108282864943,3.914021008090819])",0.0
F151,"['land', 'culture', 'ten', 'morning.', 'whether', 'us', 'place', 'several.', '—', 'shocking', 'claims', 'hoax', 'surface', 'internet.']","(10000,[74,503,3406,4115,4377,5085,5850,6390,6660,7148,7281,7936,8338,8645],[5.117993812416755,0.691153161953081,4.42484663185681,5.523458920524919,2.60568818844064,3.914021008090819,0.691153161953081,4.830311739964974,4.42484663185681,4.019381523748645,0.6792718340663283,0.691153161953081,0.691153161953081,4.42484663185681])",0.0
F099,"['address', 'rich', 'live', 'management.', 'subject', 'close.', '—', 'shocking', 'claims', 'secret', 'cure', 'surface', 'internet.']","(10000,[493,503,1815,3892,4454,5850,6212,6747,7281,7936,7937,8338,8655],[4.830311739964974,0.691153161953081,5.523458920524919,2.5530444549552183,4.607168188650764,0.691153161953081,3.914021008090819,2.5530444549552183,0.6792718340663283,0.691153161953081,5.117993812416755,0.691153161953081,4.137164559405029])",0.0
R090,"['question', 'type', 'spend', 'green.', 'science', 'theory', 'miss', 'senior', 'room', 'challenge', 'rule.', 'box', 'ability', 'try', 'first', 'piece', 'late', 'themselves.', 'experts', 'discuss', 'ongoing', 'developments', 'technology', 'breakthrough.']","(10000,[353,494,1020,1071,1468,2227,2947,3079,3133,3363,3526,3614,3681,4144,4506,4687,4693,5853,5935,6403,7016,7711,7922,9462],[4.830311739964974,4.019381523748645,2.4324164671666035,4.137164559405029,4.137164559405029,2.7200985396183848,4.019381523748645,4.019381523748645,4.830311739964974,4.607168188650764,4.607168188650764,0.691153161953081,4.270695952029551,4.42484663185681,0.691153161953081,0.691153161953081,4.270695952029551,4.42484663185681,4.137164559405029,3.914021008090819,5.523458920524919,4.607168188650764,3.6516567436233283,0.691153161953081])",1.0
R125,"['democratic', 'environment', 'miss', 'enjoy', 'full', 'ten', 'us.', 'wait', 'world', 'southern', 'middle', 'sit.', 'experts', 'discuss', 'ongoing', 'developments', 'budget', 'report.']","(10000,[1071,1805,2407,2778,3614,3743,4506,4687,4991,5085,5432,5477,5606,8897,9360,9462,9679,9878],[4.137164559405029,3.914021008090819,3.914021008090819,5.117993812416755,0.691153161953081,4.270695952029551,0.691153161953081,0.691153161953081,2.60568818844064,3.914021008090819,2.7200985396183848,4.270695952029551,4.137164559405029,4.019381523748645,4.137164559405029,0.691153161953081,4.830311739964974,4.270695952029551])",1.0
R091,"['simply', 'common', 'sure', 'money', 'organization', 'event', 'fact.', 'level', 'blue', 'stop', 'lay', 'less', 'different', 'day', 'others.', 'experts', 'discuss', 'ongoing', 'developments', 'climate', 'change.']","(10000,[796,821,1195,1364,1499,1642,1821,2059,3614,4475,4506,4673,4687,5768,6103,6332,6683,7728,9133,9192,9462],[3.7316994512968646,2.849310271098391,3.6516567436233283,4.270695952029551,3.8187108282864943,3.914021008090819,3.914021008090819,2.6330871626287546,0.691153161953081,3.6516567436233283,0.691153161953081,5.523458920524919,0.691153161953081,4.137164559405029,4.137164559405029,4.019381523748645,4.270695952029551,4.42484663185681,3.8187108282864943,5.117993812416755,0.691153161953081])",1.0
R157,"['good', 'party', 'catch', 'doctor', 'red.', 'experience', 'suffer', 'remain', 'step', 'able.', 'guy', 'bag', 'republican', 'economic', 'alone', 'method.', 'experts', 'discuss', 'ongoing', 'developments', 'climate', 'change.']","(10000,[94,415,777,821,1379,1558,2059,2492,3614,3635,4506,4616,4687,5205,6135,6168,7949,8463,8730,9144,9462,9948],[4.137164559405029,4.830311739964974,4.137164559405029,2.849310271098391,3.8187108282864943,4.019381523748645,2.6330871626287546,4.42484663185681,0.691153161953081,4.019381523748645,0.691153161953081,4.42484663185681,0.691153161953081,4.137164559405029,4.137164559405029,3.914021008090819,4.019381523748645,5.117993812416755,4.607168188650764,2.455405985391302,0.691153161953081,5.117993812416755])",1.0
F098,"['network', 'room', 'open', 'back', 'fill', 'short', 'four.', 'find', 'course', 'position', 'popular', 'however', 'three', 'still.', '—', 'shocking', 'claims', 'miracle', 'drug', 'surface', 'internet.']","(10000,[494,503,911,1256,1262,1339,1649,3652,5783,5850,5925,6148,7281,7510,7860,7936,7960,8338,8430,9152,9727],[4.019381523748645,0.691153161953081,4.607168188650764,3.125563647726549,3.7316994512968646,4.42484663185681,5.117993812416755,3.577548771469606,4.607168188650764,0.691153161953081,4.137164559405029,4.607168188650764,0.6792718340663283,4.270695952029551,2.8154087194227095,0.691153161953081,5.523458920524919,0.691153161953081,4.42484663185681,4.270695952029551,4.42484663185681])",0.0
F164,"['fund', 'color', 'pass.', 'detail', 'address', 'series.', 'individual', 'case', 'bring', 'majority', 'enter', 'sport.', '—', 'shocking', 'claims', 'immortal', 'jellyfish', 'surface', 'internet.']","(10000,[503,1143,2066,2111,3057,4454,4638,5850,6342,7281,7435,7936,8171,8338,8614,8667,9244,9832,9876],[0.691153161953081,4.137164559405029,2.7508701982851385,5.117993812416755,4.270695952029551,4.607168188650764,4.830311739964974,0.691153161953081,4.42484663185681,0.6792718340663283,3.8187108282864943,0.691153161953081,4.607168188650764,0.691153161953081,4.137164559405029,5.117993812416755,4.137164559405029,4.137164559405029,2.7508701982851385])",0.0
R050,"['center', 'think', 'personal', 'account', 'build', 'street', 'above.', 'approach', 'pm', 'road', 'result.', 'experts', 'discuss', 'ongoing', 'developments', 'economic', 'growth.']","(10000,[1480,2335,2406,3014,3095,3614,3684,4506,4687,5725,7026,7670,7939,9034,9144,9187,9462],[4.019381523748645,4.270695952029551,4.830311739964974,4.137164559405029,4.270695952029551,0.691153161953081,3.577548771469606,0.691153161953081,0.691153161953081,4.270695952029551,4.270695952029551,4.830311739964974,3.8187108282864943,2.849310271098391,2.455405985391302,5.117993812416755,0.691153161953081])",1.0
R249,"['hundred', 'white', 'turn', 'team.', 'group', 'top', 'really', 'peace', 'entire.', 'fear', 'fire', 'war', 'choose', 'speech', 'old', 'new.', 'right', 'assume', 'which.', 'experts', 'discuss', 'ongoing', 'developments', 'climate', 'change.']","(10000,[502,656,821,1790,2059,2664,3614,3886,4112,4506,4687,5175,5191,5328,5843,6021,6280,6315,6697,7083,7766,8719,9462,9513,9706],[3.914021008090819,5.523458920524919,2.849310271098391,3.8187108282864943,2.6330871626287546,3.6516567436233283,0.691153161953081,3.914021008090819,4.42484663185681,0.691153161953081,0.691153161953081,3.914021008090819,4.019381523748645,3.6516567436233283,4.137164559405029,4.42484663185681,5.117993812416755,5.117993812416755,4.137164559405029,4.42484663185681,4.607168188650764,3.914021008090819,0.691153161953081,3.7316994512968646,3.914021008090819])",1.0
R093,"['leave', 'somebody', 'mr.', 'story', 'support', 'natural', 'trial', 'out.', 'explain', 'record', 'road.', 'experts', 'discuss', 'ongoing', 'developments', 'election.']","(10000,[1831,2913,3089,3410,3556,3614,4347,4506,4687,4988,5341,5471,5778,6855,8217,9462],[5.523458920524919,3.8187108282864943,4.42484663185681,4.019381523748645,2.8844015909096608,0.691153161953081,4.270695952029551,0.691153161953081,0.691153161953081,4.270695952029551,4.019381523748645,4.607168188650764,4.830311739964974,4.830311739964974,4.830311739964974,0.691153161953081])",1.0
R131,"['building', 'expert', 'specific', 'these.', 'animal', 'impact', 'board', 'fly.', 'experts', 'discuss', 'ongoing', 'developments', 'education.']","(10000,[914,1972,2059,3614,4506,4687,5047,5678,5852,7230,7360,7454,9462],[4.137164559405029,4.830311739964974,2.6330871626287546,0.691153161953081,0.691153161953081,0.691153161953081,2.7200985396183848,4.607168188650764,3.914021008090819,5.117993812416755,4.019381523748645,4.270695952029551,0.691153161953081])",1.0
F107,"['also', 'staff', 'fear', 'require', 'air.', 'world', 'want', 'glass', 'only.', 'anyone', 'special', 'million', 'strategy', 'consider', 'throw.', '—', 'shocking', 'claims', 'flat', 'earth', 'surface', 'internet.']","(10000,[312,503,666,1055,1243,1918,2291,2918,3792,5850,6224,6932,7281,7712,7936,8338,8449,8651,9207,9360,9513,9676],[4.270695952029551,0.691153161953081,4.42484663185681,5.117993812416755,4.019381523748645,5.117993812416755,4.830311739964974,3.0385522707369192,3.914021008090819,0.691153161953081,3.914021008090819,3.914021008090819,0.6792718340663283,4.270695952029551,0.691153161953081,0.691153161953081,4.137164559405029,4.137164559405029,5.523458920524919,4.137164559405029,3.7316994512968646,3.0385522707369192])",0.0
F153,"['away', 'general', 'rock', 'stay', 'why.', 'hot', 'pass', 'argue', 'require', 'training', 'onto.', 'indeed', 'strong.', '—', 'shocking', 'claims', 'hoax', 'surface', 'internet.']","(10000,[278,433,503,574,3730,3737,4377,4934,5465,5683,5850,6740,7281,7538,7936,8338,8392,8449,9693],[4.607168188650764,4.830311739964974,0.691153161953081,4.137164559405029,4.270695952029551,4.019381523748645,2.60568818844064,4.270695952029551,3.914021008090819,5.117993812416755,0.691153161953081,5.523458920524919,0.6792718340663283,4.270695952029551,0.691153161953081,0.691153161953081,4.42484663185681,4.137164559405029,4.42484663185681])",0.0
F091,"['increase', 'drive', 'race', 'conference.', '—', 'shocking', 'claims', 'flat', 'earth', 'surface', 'internet.']","(10000,[454,503,1898,2918,5850,6325,7281,7936,7963,8338,9676],[3.577548771469606,0.691153161953081,4.607168188650764,3.0385522707369192,0.691153161953081,3.8187108282864943,0.6792718340663283,0.691153161953081,5.117993812416755,0.691153161953081,3.0385522707369192])",0.0
R246,"['huge', 'weight', 'daughter.', 'news', 'none', 'wish', 'include', 'song', 'action', 'ball', 'simple.', 'experts', 'discuss', 'ongoing', 'developments', 'economic', 'growth.']","(10000,[495,2198,2433,2953,3614,4506,4687,4805,6633,6836,7350,7492,8004,9034,9144,9462,9831],[4.270695952029551,4.42484663185681,5.117993812416755,4.42484663185681,0.691153161953081,0.691153161953081,0.691153161953081,5.523458920524919,3.914021008090819,4.830311739964974,4.137164559405029,4.270695952029551,3.6516567436233283,2.849310271098391,2.455405985391302,0.691153161953081,4.019381523748645])",1.0
F004,"['continue', 'front', 'speak', 'offer', 'interesting.', 'rather', 'foreign', 'cup', 'program', 'challenge', 'do.', 'board', 'response', 'political', 'policy.', '—', 'shocking', 'claims', 'secret', 'cure', 'surface', 'internet.']","(10000,[109,503,504,573,743,1862,2445,2837,2958,3059,3892,3935,4732,5850,5935,6206,6747,6944,7281,7454,7936,8338],[5.117993812416755,0.691153161953081,4.270695952029551,4.270695952029551,3.6516567436233283,5.523458920524919,4.137164559405029,4.019381523748645,3.7316994512968646,5.117993812416755,2.5530444549552183,4.270695952029551,4.137164559405029,0.691153161953081,4.137164559405029,4.270695952029551,2.5530444549552183,2.8154087194227095,0.6792718340663283,4.270695952029551,0.691153161953081,0.691153161953081])",0.0
F220,"['grow', 'soon', 'beat.', 'inside', 'friend', 'woman', 'author', 'nothing.', 'body', 'near', 'state.', '—', 'shocking', 'claims', 'celebrity', 'scandal', 'surface', 'internet.']","(10000,[488,503,841,1041,2404,3486,4563,4921,5850,5974,7281,7936,8338,8661,8929,9066,9350,9612],[4.019381523748645,0.691153161953081,4.42484663185681,4.42484663185681,4.830311739964974,2.849310271098391,4.137164559405029,2.849310271098391,0.691153161953081,4.270695952029551,0.6792718340663283,0.691153161953081,0.691153161953081,5.117993812416755,4.830311739964974,4.137164559405029,4.270695952029551,4.42484663185681])",0.0
F121,"['forward', 'occur', 'may', 'present', 'perform.', 'short', 'hotel', 'late', 'memory', 'summer', 'technology', 'free', 'training.', '—', 'shocking', 'claims', 'hoax', 'surface', 'internet.']","(10000,[503,1020,1073,1262,1921,2663,2764,3079,4377,5850,6941,7281,7936,8130,8338,8411,9160,9481,9513],[0.691153161953081,2.4324164671666035,4.137164559405029,3.7316994512968646,4.42484663185681,4.137164559405029,5.523458920524919,4.019381523748645,2.60568818844064,0.691153161953081,4.42484663185681,0.6792718340663283,0.691153161953081,4.607168188650764,0.691153161953081,3.2721671219184243,3.8187108282864943,5.117993812416755,3.7316994512968646])",0.0
F245,"['assume', 'thing', 'student.', 'knowledge', 'player', 'economic', 'body', 'clearly.', 'street', 'card', 'suffer', 'plant.', '—', 'shocking', 'claims', 'mind', 'control', 'surface', 'internet.']","(10000,[503,841,1099,1208,1985,2144,2664,3184,3684,3857,5850,6135,6604,7178,7281,7864,7936,8338,9144],[0.691153161953081,4.42484663185681,4.42484663185681,2.849310271098391,5.523458920524919,3.914021008090819,3.6516567436233283,2.8154087194227095,3.577548771469606,4.42484663185681,0.691153161953081,4.137164559405029,4.137164559405029,5.117993812416755,0.6792718340663283,5.117993812416755,0.691153161953081,0.691153161953081,2.455405985391302])",0.0
R035,"['quite', 'ready', 'agree', 'picture', 'public', 'partner.', 'security', 'house', 'light', 'certain', 'beautiful.', 'experts', 'discuss', 'ongoing', 'developments', 'climate', 'change.']","(10000,[821,870,1720,1770,2059,2481,2634,3614,4506,4590,4687,5836,6056,6557,6925,9288,9462],[2.849310271098391,5.117993812416755,3.8187108282864943,2.997730276216664,2.6330871626287546,3.8187108282864943,4.019381523748645,0.691153161953081,0.691153161953081,5.117993812416755,0.691153161953081,4.830311739964974,3.914021008090819,5.523458920524919,4.42484663185681,4.137164559405029,0.691153161953081])",1.0
R024,"['tax', 'develop', 'mother', 'follow', 'single.', 'meeting', 'scientist', 'enjoy', 'heavy', 'along.', 'think', 'drive', 'rest', 'away', 'food', 'continue', 'rock', 'painting.', 'experts', 'discuss', 'ongoing', 'developments', 'education.']","(10000,[20,354,574,743,1241,1766,1805,2335,2708,3489,3614,3737,4506,4687,5047,6226,6325,6587,7138,8653,8949,9367,9462],[4.270695952029551,4.270695952029551,4.137164559405029,3.6516567436233283,3.8187108282864943,5.117993812416755,3.914021008090819,4.270695952029551,3.4440173788450834,4.830311739964974,0.691153161953081,4.019381523748645,0.691153161953081,0.691153161953081,2.7200985396183848,4.019381523748645,3.8187108282864943,4.019381523748645,5.523458920524919,4.607168188650764,4.42484663185681,4.137164559405029,0.691153161953081])",1.0
F079,"['clear', 'plant', 'scientist.', 'prepare', 'road', 'wish', 'government', 'west', 'prevent', 'reflect.', '—', 'shocking', 'claims', 'miracle', 'drug', 'surface', 'internet.']","(10000,[495,503,1256,1611,2259,2286,3252,5085,5725,5850,7244,7281,7860,7936,8338,8634,9166],[4.270695952029551,0.691153161953081,3.125563647726549,4.270695952029551,2.8154087194227095,4.42484663185681,4.137164559405029,3.914021008090819,4.270695952029551,0.691153161953081,3.6516567436233283,0.6792718340663283,2.8154087194227095,0.691153161953081,0.691153161953081,5.523458920524919,4.607168188650764])",0.0
R094,"['need', 'huge', 'wife', 'ago', 'property.', 'painting', 'guess', 'coach', 'catch', 'music', 'also', 'process', 'but.', 'blue', 'bill', 'debate', 'nearly.', 'experts', 'discuss', 'ongoing', 'developments', 'policy.']","(10000,[1034,1896,2198,2437,3021,3514,3614,3792,4506,4687,5768,6370,6537,6944,7949,8040,8135,8208,8276,8660,8927,9462],[3.8187108282864943,4.137164559405029,4.42484663185681,5.523458920524919,4.270695952029551,4.270695952029551,0.691153161953081,3.914021008090819,0.691153161953081,0.691153161953081,4.137164559405029,3.914021008090819,4.270695952029551,2.8154087194227095,4.019381523748645,3.2721671219184243,4.270695952029551,4.830311739964974,4.019381523748645,4.830311739964974,5.117993812416755,0.691153161953081])",1.0
R040,"['third', 'represent', 'green', 'miss', 'forward', 'concern.', 'order', 'share', 'front', 'enjoy', 'mouth', 'everything', 'say.', 'project', 'nearly', 'rule', 'reduce', 'rate', 'tax.', 'experts', 'discuss', 'ongoing', 'developments', 'policy.']","(10000,[253,343,504,551,1071,1226,1805,2230,2866,3614,3947,4506,4529,4687,5739,6944,7497,8159,8411,8717,8771,9156,9462,9719],[4.137164559405029,4.137164559405029,4.270695952029551,4.607168188650764,4.137164559405029,4.607168188650764,3.914021008090819,4.607168188650764,4.607168188650764,0.691153161953081,4.42484663185681,0.691153161953081,5.523458920524919,0.691153161953081,5.117993812416755,2.8154087194227095,4.42484663185681,3.4440173788450834,3.2721671219184243,4.42484663185681,4.830311739964974,3.8187108282864943,0.691153161953081,5.523458920524919])",1.0
F170,"['mouth', 'forget', 'national', 'condition', 'begin', 'individual.', 'able', 'member.', 'economic', 'lot', 'identify', 'card', 'field', 'pull', 'civil.', '—', 'shocking', 'claims', 'immortal', 'jellyfish', 'surface', 'internet.']","(10000,[503,1513,2066,2144,2403,3188,3496,3967,4464,4943,5328,5850,6597,7074,7146,7281,7497,7910,7936,8338,9144,9876],[0.691153161953081,4.270695952029551,2.7508701982851385,3.914021008090819,4.137164559405029,5.523458920524919,4.270695952029551,4.019381523748645,4.830311739964974,4.42484663185681,3.6516567436233283,0.691153161953081,4.270695952029551,3.577548771469606,4.019381523748645,0.6792718340663283,4.42484663185681,4.270695952029551,0.691153161953081,0.691153161953081,2.455405985391302,2.7508701982851385])",0.0
F130,"['audience', 'include', 'area.', 'name', 'within', 'bar', 'say', 'sing.', '—', 'shocking', 'claims', 'immortal', 'jellyfish', 'surface', 'internet.']","(10000,[15,503,1312,2066,2953,4066,4105,5850,5862,7281,7332,7936,8338,9817,9876],[3.7316994512968646,0.691153161953081,4.607168188650764,2.7508701982851385,4.42484663185681,5.117993812416755,5.523458920524919,0.691153161953081,3.8187108282864943,0.6792718340663283,4.270695952029551,0.691153161953081,0.691153161953081,3.4440173788450834,2.7508701982851385])",0.0
R085,"['tree', 'watch', 'out.', 'experts', 'discuss', 'ongoing', 'developments', 'economic', 'growth.']","(10000,[2708,3614,4506,4687,5778,5871,9034,9144,9462],[3.4440173788450834,0.691153161953081,0.691153161953081,0.691153161953081,4.830311739964974,4.42484663185681,2.849310271098391,2.455405985391302,0.691153161953081])",1.0
R054,"['film', 'responsibility', 'billion', 'debate.', 'almost', 'respond', 'find', 'human.', 'size', 'dog', 'region', 'month', 'small', 'even', 'age.', 'experts', 'discuss', 'ongoing', 'developments', 'budget', 'report.']","(10000,[222,258,2500,3192,3479,3502,3614,4262,4506,4687,4991,5003,5432,5741,6406,7510,8159,8391,8566,9462,9564],[4.270695952029551,4.137164559405029,5.117993812416755,4.270695952029551,4.607168188650764,4.42484663185681,0.691153161953081,5.117993812416755,0.691153161953081,0.691153161953081,2.60568818844064,4.270695952029551,2.7200985396183848,3.7316994512968646,3.914021008090819,4.270695952029551,3.4440173788450834,4.607168188650764,4.019381523748645,0.691153161953081,4.019381523748645])",1.0
R047,"['eat', 'two', 'family', 'describe', 'participant.', 'player', 'reflect', 'democrat', 'perhaps', 'admit', 'identify', 'cut.', 'experts', 'discuss', 'ongoing', 'developments', 'technology', 'breakthrough.']","(10000,[1020,1259,1762,2227,3614,3967,4506,4687,4728,4898,5234,5321,6604,7085,7276,8297,8714,9462],[2.4324164671666035,4.270695952029551,4.270695952029551,2.7200985396183848,0.691153161953081,4.019381523748645,0.691153161953081,0.691153161953081,4.270695952029551,4.830311739964974,4.42484663185681,4.607168188650764,4.137164559405029,4.019381523748645,4.019381523748645,4.42484663185681,4.830311739964974,0.691153161953081])",1.0
R199,"['beautiful', 'blue', 'including', 'light', 'building', 'strong', 'anyone.', 'experts', 'discuss', 'ongoing', 'developments', 'economic', 'growth.']","(10000,[1273,1720,3614,4506,4687,5768,5852,5931,6355,7334,9034,9144,9462],[3.6516567436233283,3.8187108282864943,0.691153161953081,0.691153161953081,0.691153161953081,4.137164559405029,3.914021008090819,5.523458920524919,4.42484663185681,4.270695952029551,2.849310271098391,2.455405985391302,0.691153161953081])",1.0
F062,"['mother', 'education', 'task', 'consider.', 'community', 'thought', 'expert', 'front.', '—', 'shocking', 'claims', 'miracle', 'drug', 'surface', 'internet.']","(10000,[55,354,503,914,1256,4253,5530,5850,6751,7281,7860,7936,8174,8338,8451],[5.117993812416755,4.270695952029551,0.691153161953081,4.137164559405029,3.125563647726549,5.523458920524919,5.117993812416755,0.691153161953081,4.830311739964974,0.6792718340663283,2.8154087194227095,0.691153161953081,4.137164559405029,0.691153161953081,3.8187108282864943])",0.0
R244,"['interview', 'interesting', 'ago', 'tell.', 'purpose', 'focus', 'result.', 'executive', 'suffer', 'draw.', 'experts', 'discuss', 'ongoing', 'developments', 'technology', 'breakthrough.']","(10000,[1020,1896,2227,3614,3634,3759,3931,4506,4687,6035,6135,7670,8089,9083,9462,9966],[2.4324164671666035,4.137164559405029,2.7200985396183848,0.691153161953081,4.607168188650764,5.117993812416755,3.2721671219184243,0.691153161953081,0.691153161953081,3.8187108282864943,4.137164559405029,4.830311739964974,4.42484663185681,4.830311739964974,0.691153161953081,4.137164559405029])",1.0
R107,"['career', 'south', 'good', 'gun.', 'father', 'continue', 'reduce', 'idea.', 'experts', 'discuss', 'ongoing', 'developments', 'election.']","(10000,[743,1375,1800,3556,3614,4506,4687,4816,4930,6168,7586,8159,9462],[3.6516567436233283,5.117993812416755,4.830311739964974,2.8844015909096608,0.691153161953081,0.691153161953081,0.691153161953081,3.914021008090819,3.8187108282864943,3.914021008090819,4.607168188650764,3.4440173788450834,0.691153161953081])",1.0
F148,"['challenge', 'economy', 'student', 'step', 'at.', 'mind', 'table', 'two', 'hit', 'population', 'through.', '—', 'shocking', 'claims', 'aliens', 'surface', 'internet.']","(10000,[217,503,650,781,1558,3184,3536,3931,4728,5850,5935,7152,7281,7936,8252,8338,9258],[3.8187108282864943,0.691153161953081,2.958509563063383,4.607168188650764,4.019381523748645,2.8154087194227095,4.270695952029551,3.2721671219184243,4.270695952029551,0.691153161953081,4.137164559405029,5.523458920524919,0.6792718340663283,0.691153161953081,4.270695952029551,0.691153161953081,4.137164559405029])",0.0
F023,"['financial', 'make', 'away.', 'focus', 'back', 'person', 'exactly', 'air', 'inside.', '—', 'shocking', 'claims', 'mind', 'control', 'surface', 'internet.']","(10000,[88,503,1208,2096,3184,3249,3525,3931,5465,5850,6830,7281,7407,7936,8338,8430],[4.607168188650764,0.691153161953081,2.849310271098391,4.019381523748645,2.8154087194227095,3.7316994512968646,4.019381523748645,3.2721671219184243,3.914021008090819,0.691153161953081,5.523458920524919,0.6792718340663283,4.270695952029551,0.691153161953081,0.691153161953081,4.42484663185681])",0.0
R075,"['little', 'officer', 'heart', 'always', 'prevent.', 'action', 'guy', 'lay', 'collection', 'right', 'sure', 'response.', 'expect', 'student', 'others', 'single.', 'experts', 'discuss', 'ongoing', 'developments', 'budget', 'report.']","(10000,[94,696,1590,1790,1821,1868,2338,3489,3536,3614,3691,4475,4506,4687,4991,5432,6633,6940,8209,9011,9462,9808],[4.137164559405029,4.830311739964974,4.42484663185681,3.8187108282864943,3.914021008090819,4.830311739964974,4.607168188650764,4.830311739964974,4.270695952029551,0.691153161953081,4.42484663185681,3.6516567436233283,0.691153161953081,0.691153161953081,2.60568818844064,2.7200985396183848,3.914021008090819,3.914021008090819,3.6516567436233283,4.830311739964974,0.691153161953081,4.270695952029551])",1.0
R220,"['high', 'hear', 'doctor', 'human.', 'weight', 'month', 'contain', 'fight', 'character.', 'experts', 'discuss', 'ongoing', 'developments', 'public', 'health.']","(10000,[777,1770,2116,2526,3614,4506,4687,4842,5741,6219,7493,8004,8391,8530,9462],[4.137164559405029,2.997730276216664,4.270695952029551,3.914021008090819,0.691153161953081,0.691153161953081,0.691153161953081,5.117993812416755,3.7316994512968646,3.172083663361442,3.6516567436233283,3.6516567436233283,4.607168188650764,5.117993812416755,0.691153161953081])",1.0
R099,"['word', 'run', 'much', 'dinner.', 'congress', 'compare', 'something.', 'experts', 'discuss', 'ongoing', 'developments', 'economic', 'growth.']","(10000,[266,524,3214,3519,3614,4240,4506,4687,8728,9034,9144,9246,9462],[4.830311739964974,3.8187108282864943,4.607168188650764,3.914021008090819,0.691153161953081,4.830311739964974,0.691153161953081,0.691153161953081,4.019381523748645,2.849310271098391,2.455405985391302,4.019381523748645,0.691153161953081])",1.0
F066,"['foot', 'star', 'lay', 'bit', 'reflect', 'something.', 'base', 'financial', 'process.', '—', 'shocking', 'claims', 'flat', 'earth', 'surface', 'internet.']","(10000,[503,1989,2918,4240,4475,5170,5321,5850,7281,7407,7890,7936,8077,8173,8338,9676],[0.691153161953081,4.42484663185681,3.0385522707369192,4.830311739964974,3.6516567436233283,4.270695952029551,4.607168188650764,0.691153161953081,0.6792718340663283,4.270695952029551,4.270695952029551,0.691153161953081,4.830311739964974,4.607168188650764,0.691153161953081,3.0385522707369192])",0.0
F060,"['night', 'explain', 'outside', 'fine', 'country', 'necessary.', 'strong', 'firm', 'stop', 'determine', 'hope', 'learn', 'either.', 'business', 'enjoy', 'future', 'community', 'window', 'tell', 'seek', 'beautiful.', '—', 'shocking', 'claims', 'flat', 'earth', 'surface', 'internet.']","(10000,[171,503,796,870,1107,1805,1850,2403,2918,5341,5374,5850,5967,6000,6355,6431,6488,6869,7281,7632,7734,7870,7936,8174,8338,8568,8894,9676],[4.607168188650764,0.691153161953081,3.7316994512968646,5.117993812416755,5.523458920524919,3.914021008090819,3.8187108282864943,4.137164559405029,3.0385522707369192,4.019381523748645,4.270695952029551,0.691153161953081,4.137164559405029,3.6516567436233283,4.42484663185681,4.019381523748645,4.607168188650764,4.830311739964974,0.6792718340663283,4.830311739964974,4.270695952029551,3.8187108282864943,0.691153161953081,4.137164559405029,0.691153161953081,4.270695952029551,4.42484663185681,3.0385522707369192])",0.0
F022,"['likely', 'everything', 'others', 'energy', 'describe', 'tough', 'enjoy.', 'police', 'attention', 'opportunity.', 'mr', 'listen', 'end', 'low.', '—', 'shocking', 'claims', 'government', 'cover-up', 'surface', 'internet.']","(10000,[309,429,453,503,2259,2647,3144,3876,4533,5447,5850,6847,6940,7085,7281,7936,8307,8338,8546,9156,9813],[4.830311739964974,3.8187108282864943,4.019381523748645,0.691153161953081,2.8154087194227095,4.019381523748645,4.830311739964974,3.914021008090819,4.42484663185681,3.577548771469606,0.691153161953081,4.830311739964974,3.914021008090819,4.019381523748645,0.6792718340663283,0.691153161953081,4.137164559405029,0.691153161953081,4.830311739964974,3.8187108282864943,2.997730276216664])",0.0
F127,"['east', 'accept', 'suffer.', 'amount', 'fish', 'rate', 'course', 'peace.', 'bar', 'wrong', 'information', 'continue', 'throw', 'cover', 'body.', 'every', 'organization', 'wife', 'bank', 'look', 'power.', '—', 'shocking', 'claims', 'mind', 'control', 'surface', 'internet.']","(10000,[253,503,743,1029,1208,1364,1376,2657,3021,3184,3652,4944,5726,5850,6104,6512,6576,6731,7222,7281,7332,7936,8190,8325,8338,8982,9681,9939],[4.137164559405029,0.691153161953081,3.6516567436233283,4.42484663185681,2.849310271098391,4.270695952029551,4.137164559405029,3.4440173788450834,4.270695952029551,2.8154087194227095,3.577548771469606,4.830311739964974,3.6516567436233283,0.691153161953081,4.137164559405029,4.42484663185681,4.607168188650764,5.117993812416755,4.137164559405029,0.6792718340663283,4.270695952029551,0.691153161953081,4.137164559405029,4.830311739964974,0.691153161953081,3.8187108282864943,3.914021008090819,4.42484663185681])",0.0
R212,"['conference', 'black', 'support', 'kitchen.', 'adult', 'popular.', 'bill', 'local', 'game', 'process', 'action', 'prepare', 'street.', 'experts', 'discuss', 'ongoing', 'developments', 'education.']","(10000,[72,228,1948,1951,2286,3614,4506,4687,5047,5657,6633,7786,8040,8135,8217,8975,9372,9462],[4.019381523748645,4.270695952029551,4.270695952029551,5.523458920524919,4.42484663185681,0.691153161953081,0.691153161953081,0.691153161953081,2.7200985396183848,4.270695952029551,3.914021008090819,4.830311739964974,3.2721671219184243,4.270695952029551,4.830311739964974,3.914021008090819,4.830311739964974,0.691153161953081])",1.0
F119,"['black', 'collection', 'true', 'become', 'cost', 'month.', 'customer', 'example', 'say', 'learn', 'note', 'continue.', 'word', 'seem', 'goal', 'per', 'majority.', '—', 'shocking', 'claims', 'mind', 'control', 'surface', 'internet.']","(10000,[298,503,1208,1413,1481,1948,2588,3184,3519,3709,4490,5089,5850,5862,5967,6221,7090,7188,7281,7936,8209,8338,9606,9909],[4.019381523748645,0.691153161953081,2.849310271098391,3.8187108282864943,4.830311739964974,4.270695952029551,4.270695952029551,2.8154087194227095,3.914021008090819,4.607168188650764,4.137164559405029,3.6516567436233283,0.691153161953081,3.8187108282864943,4.137164559405029,5.117993812416755,3.6516567436233283,3.8187108282864943,0.6792718340663283,0.691153161953081,3.6516567436233283,0.691153161953081,3.914021008090819,3.914021008090819])",0.0
F103,"['today', 'page', 'chair', 'research', 'white', 'fill.', 'network', 'show', 'care', 'yet', 'near', 'today.', 'unit', 'seat', 'society', 'still', 'physical', 'nor.', 'exactly', 'rich', 'serious', 'require.', '—', 'shocking', 'claims', 'hoax', 'surface', 'internet.']","(10000,[47,327,453,503,681,1117,2096,2827,3712,3882,4019,4037,4377,5310,5716,5843,5850,5974,6212,6335,7281,7936,8338,8439,8649,9152,9432,9806],[3.8187108282864943,4.137164559405029,4.019381523748645,0.691153161953081,4.607168188650764,3.7316994512968646,4.019381523748645,4.42484663185681,4.270695952029551,4.607168188650764,4.019381523748645,3.914021008090819,2.60568818844064,4.270695952029551,5.117993812416755,4.137164559405029,0.691153161953081,4.270695952029551,3.914021008090819,4.607168188650764,0.6792718340663283,0.691153161953081,0.691153161953081,5.117993812416755,4.42484663185681,4.270695952029551,4.137164559405029,5.117993812416755])",0.0
F191,"['loss', 'lot', 'add', 'where.', 'identify', 'already', 'sister.', '—', 'shocking', 'claims', 'mind', 'control', 'surface', 'internet.']","(10000,[503,594,1208,2664,3184,3967,4522,4943,5329,5850,7281,7936,8338,9887],[0.691153161953081,4.607168188650764,2.849310271098391,3.6516567436233283,2.8154087194227095,4.019381523748645,4.607168188650764,4.42484663185681,4.270695952029551,0.691153161953081,0.6792718340663283,0.691153161953081,0.691153161953081,4.42484663185681])",0.0
F002,"['daughter', 'condition', 'image', 'dog', 'give.', 'let', 'paper', 'foreign', 'often.', '—', 'shocking', 'claims', 'mind', 'control', 'surface', 'internet.']","(10000,[503,1208,3184,5303,5328,5850,6206,7281,7623,7936,8267,8338,8690,8757,8759,9564],[0.691153161953081,2.849310271098391,2.8154087194227095,4.270695952029551,3.6516567436233283,0.691153161953081,4.270695952029551,0.6792718340663283,4.270695952029551,0.691153161953081,4.607168188650764,0.691153161953081,4.270695952029551,5.117993812416755,5.523458920524919,4.019381523748645])",0.0
R155,"['consider', 'people', 'congress', 'onto.', 'commercial', 'center', 'store', 'teach', 'information', 'marriage', 'because.', 'yeah', 'require', 'us', 'mind', 'get.', 'experts', 'discuss', 'ongoing', 'developments', 'election.']","(10000,[312,1480,2147,3184,3249,3556,3614,4263,4506,4687,5683,6229,6443,6660,6793,7184,8190,8449,8522,8728,9462],[4.270695952029551,4.019381523748645,5.117993812416755,2.8154087194227095,3.7316994512968646,2.8844015909096608,0.691153161953081,4.607168188650764,0.691153161953081,0.691153161953081,5.117993812416755,4.42484663185681,3.8187108282864943,4.42484663185681,5.117993812416755,3.8187108282864943,4.137164559405029,4.137164559405029,4.270695952029551,4.019381523748645,0.691153161953081])",1.0
R006,"['cause', 'space', 'still', 'west.', 'partner', 'especially.', 'experts', 'discuss', 'ongoing', 'developments', 'technology', 'breakthrough.']","(10000,[116,316,1020,1770,2227,3614,3712,4506,4687,5987,9188,9462],[3.914021008090819,4.830311739964974,2.4324164671666035,2.997730276216664,2.7200985396183848,0.691153161953081,4.270695952029551,0.691153161953081,0.691153161953081,5.523458920524919,4.019381523748645,0.691153161953081])",1.0
F086,"['another', 'mr', 'probably', 'may', 'structure', 'degree.', 'american', 'game', 'morning', 'term', 'service', 'performance.', 'site', 'phone', 'per', 'step', 'brother', 'buy', 'along.', '—', 'shocking', 'claims', 'government', 'cover-up', 'surface', 'internet.']","(10000,[80,291,298,503,1558,1596,1626,1766,2188,2252,2259,2297,2647,2996,3160,4928,5850,5891,7281,7652,7936,8166,8338,8975,9160,9813],[4.137164559405029,4.607168188650764,4.019381523748645,0.691153161953081,4.019381523748645,5.117993812416755,4.137164559405029,5.117993812416755,4.42484663185681,4.607168188650764,2.8154087194227095,4.42484663185681,4.019381523748645,3.6516567436233283,4.42484663185681,4.830311739964974,0.691153161953081,4.137164559405029,0.6792718340663283,4.607168188650764,0.691153161953081,4.137164559405029,0.691153161953081,3.914021008090819,3.8187108282864943,2.997730276216664])",0.0
R168,"['name', 'yeah', 'kind', 'executive.', 'degree', 'whether', 'look', 'everyone', 'bar', 'reason.', 'experts', 'discuss', 'ongoing', 'developments', 'election.']","(10000,[15,751,3249,3406,3556,3614,4506,4687,5375,6044,7332,8893,9462,9939,9943],[3.7316994512968646,5.117993812416755,3.7316994512968646,4.42484663185681,2.8844015909096608,0.691153161953081,0.691153161953081,0.691153161953081,5.117993812416755,4.137164559405029,4.270695952029551,4.137164559405029,0.691153161953081,4.42484663185681,4.270695952029551])",1.0
R077,"['case', 'executive', 'step', 'sell', 'exist', 'near.', 'race', 'ahead', 'person', 'he.', 'experts', 'discuss', 'ongoing', 'developments', 'public', 'health.']","(10000,[454,1558,1770,3249,3614,4485,4506,4687,6219,6342,6602,6817,8257,8268,9462,9966],[3.577548771469606,4.019381523748645,2.997730276216664,3.7316994512968646,0.691153161953081,4.607168188650764,0.691153161953081,0.691153161953081,3.172083663361442,4.42484663185681,4.42484663185681,4.607168188650764,5.117993812416755,4.42484663185681,0.691153161953081,4.137164559405029])",1.0
F209,"['miss', 'game', 'stuff', 'or.', 'security', 'couple', 'short', 'buy', 'quality.', '—', 'shocking', 'claims', 'hoax', 'surface', 'internet.']","(10000,[80,503,1071,1262,2589,2634,4377,5850,7281,7702,7722,7936,8338,8975,9718],[4.137164559405029,0.691153161953081,4.137164559405029,3.7316994512968646,3.914021008090819,4.019381523748645,2.60568818844064,0.691153161953081,0.6792718340663283,4.42484663185681,3.914021008090819,0.691153161953081,0.691153161953081,3.914021008090819,5.523458920524919])",0.0
R236,"['head', 'seem', 'food', 'final', 'whose.', 'whole', 'deal', 'world.', 'experts', 'discuss', 'ongoing', 'developments', 'public', 'health.']","(10000,[627,1064,1433,1653,1770,2588,3614,4506,4687,6219,6287,6383,8653,9462],[4.830311739964974,4.830311739964974,3.914021008090819,3.914021008090819,2.997730276216664,4.270695952029551,0.691153161953081,0.691153161953081,0.691153161953081,3.172083663361442,4.270695952029551,5.117993812416755,4.607168188650764,0.691153161953081])",1.0
F186,"['nature', 'floor', 'test', 'next', 'card.', '—', 'shocking', 'claims', 'aliens', 'surface', 'internet.']","(10000,[503,650,2092,3611,4319,5850,6586,7281,7936,8273,8338],[0.691153161953081,2.958509563063383,5.117993812416755,4.137164559405029,3.5085558999826545,0.691153161953081,4.019381523748645,0.6792718340663283,0.691153161953081,3.914021008090819,0.691153161953081])",0.0
R243,"['cause', 'training', 'card', 'prevent', 'send.', 'church', 'describe', 'camera', 'popular', 'traditional.', 'experts', 'discuss', 'ongoing', 'developments', 'public', 'health.']","(10000,[316,1273,1650,1770,2144,2900,3252,3614,4506,4687,5952,6148,6219,7085,7538,9462],[4.830311739964974,3.6516567436233283,4.830311739964974,2.997730276216664,3.914021008090819,5.523458920524919,4.137164559405029,0.691153161953081,0.691153161953081,0.691153161953081,5.117993812416755,4.607168188650764,3.172083663361442,4.019381523748645,4.270695952029551,0.691153161953081])",1.0
F094,"['call', 'part', 'common', 'nature', 'production', 'offer', 'effort', 'letter.', 'southern', 'continue', 'performance', 'may.', '—', 'shocking', 'claims', 'immortal', 'jellyfish', 'surface', 'internet.']","(10000,[503,743,2066,2958,3611,3743,4300,5146,5726,5850,6332,6572,7281,7936,8338,8353,8740,9351,9876],[0.691153161953081,3.6516567436233283,2.7508701982851385,3.7316994512968646,4.137164559405029,4.270695952029551,4.830311739964974,4.137164559405029,3.6516567436233283,0.691153161953081,4.019381523748645,5.117993812416755,0.6792718340663283,0.691153161953081,0.691153161953081,4.137164559405029,4.607168188650764,5.523458920524919,2.7508701982851385])",0.0
R032,"['development', 'population', 'score', 'issue', 'happen', 'indeed.', 'high', 'main', 'cost', 'easy', 'easy.', 'experts', 'discuss', 'ongoing', 'developments', 'economic', 'growth.']","(10000,[760,1637,1927,1996,2116,2871,3614,4175,4490,4506,4687,4704,6616,9034,9144,9258,9462],[4.270695952029551,3.914021008090819,4.42484663185681,5.117993812416755,4.270695952029551,4.42484663185681,0.691153161953081,5.117993812416755,4.137164559405029,0.691153161953081,0.691153161953081,4.270695952029551,3.6516567436233283,2.849310271098391,2.455405985391302,4.137164559405029,0.691153161953081])",1.0
R033,"['serve', 'ability', 'program', 'either', 'medical.', 'trial', 'state', 'here.', 'worker', 'eight', 'every', 'sell', 'true.', 'experts', 'discuss', 'ongoing', 'developments', 'education.']","(10000,[573,1725,1808,2676,3410,3614,3681,4485,4506,4687,5047,5493,7008,8482,9126,9210,9462,9681],[4.270695952029551,4.42484663185681,5.117993812416755,4.270695952029551,4.019381523748645,0.691153161953081,4.270695952029551,4.607168188650764,0.691153161953081,0.691153161953081,2.7200985396183848,5.523458920524919,5.523458920524919,4.270695952029551,3.6516567436233283,4.42484663185681,0.691153161953081,3.914021008090819])",1.0
R045,"['compare', 'commercial', 'cell.', 'thousand', 'water', 'finally', 'effort', 'family.', 'experts', 'discuss', 'ongoing', 'developments', 'technology', 'breakthrough.']","(10000,[1020,1817,2227,2589,3614,4506,4687,5726,6443,6798,8033,8549,9246,9462],[2.4324164671666035,4.42484663185681,2.7200985396183848,3.914021008090819,0.691153161953081,0.691153161953081,0.691153161953081,3.6516567436233283,3.8187108282864943,5.117993812416755,5.523458920524919,4.830311739964974,4.019381523748645,0.691153161953081])",1.0
R116,"['none', 'board', 'protect', 'particularly', 'include.', 'fall', 'provide', 'factor', 'learn', 'population', 'test.', 'gun', 'far', 'bit', 'bit', 'own.', 'experts', 'discuss', 'ongoing', 'developments', 'education.']","(10000,[1989,3614,3729,4158,4506,4687,5047,5946,5967,6443,7235,7454,7813,8313,8403,8960,9258,9462,9561,9831],[8.84969326371362,0.691153161953081,4.607168188650764,4.137164559405029,0.691153161953081,0.691153161953081,2.7200985396183848,4.270695952029551,4.137164559405029,3.8187108282864943,4.42484663185681,4.270695952029551,5.117993812416755,4.019381523748645,4.607168188650764,4.607168188650764,4.137164559405029,0.691153161953081,4.42484663185681,4.019381523748645])",1.0
F056,"['body', 'magazine', 'drop', 'enter.', 'surface', 'coach', 'executive', 'name', 'personal', 'them.', 'agree', 'boy', 'ground', 'fill', 'word', 'second.', '—', 'shocking', 'claims', 'celebrity', 'scandal', 'surface', 'internet.']","(10000,[15,157,190,503,841,3486,3514,3519,4921,5268,5850,6487,6925,7281,7936,7939,8338,8413,8577,8957,9727,9966],[3.7316994512968646,3.4440173788450834,5.523458920524919,0.691153161953081,4.42484663185681,2.849310271098391,4.270695952029551,3.914021008090819,2.849310271098391,5.117993812416755,0.691153161953081,3.914021008090819,4.42484663185681,1.3585436681326566,0.691153161953081,3.8187108282864943,0.691153161953081,3.914021008090819,4.607168188650764,4.830311739964974,4.42484663185681,4.137164559405029])",0.0
R043,"['office', 'serious', 'large', 'many.', 'range', 'road', 'sometimes', 'inside', 'beat.', 'experts', 'discuss', 'ongoing', 'developments', 'policy.']","(10000,[165,1117,2846,3614,4506,4687,5725,5869,6944,7022,8344,9066,9462,9612],[3.6516567436233283,3.7316994512968646,4.607168188650764,0.691153161953081,0.691153161953081,0.691153161953081,4.270695952029551,4.270695952029551,2.8154087194227095,4.42484663185681,3.7316994512968646,4.137164559405029,0.691153161953081,4.42484663185681])",1.0
R145,"['race', 'interview', 'visit', 'small', 'history', 'if.', 'everyone', 'forward', 'much.', 'experts', 'discuss', 'ongoing', 'developments', 'economic', 'growth.']","(10000,[222,454,698,3614,4506,4687,6035,6259,6543,7634,8411,8893,9034,9144,9462],[4.270695952029551,3.577548771469606,3.914021008090819,0.691153161953081,0.691153161953081,0.691153161953081,3.8187108282864943,5.523458920524919,4.607168188650764,5.523458920524919,3.2721671219184243,4.137164559405029,2.849310271098391,2.455405985391302,0.691153161953081])",1.0
F200,"['draw', 'tax', 'main', 'notice', 'statement', 'return', 'meeting', 'recently.', '—', 'shocking', 'claims', 'secret', 'cure', 'surface', 'internet.']","(10000,[20,503,635,1031,1525,1637,3892,5850,6587,6747,7281,7936,8167,8338,9817],[4.270695952029551,0.691153161953081,3.8187108282864943,5.523458920524919,4.607168188650764,3.914021008090819,2.5530444549552183,0.691153161953081,4.019381523748645,2.5530444549552183,0.6792718340663283,0.691153161953081,4.137164559405029,0.691153161953081,3.4440173788450834])",0.0
F034,"['name', 'improve', 'end', 'go.', '—', 'shocking', 'claims', 'celebrity', 'scandal', 'surface', 'internet.']","(10000,[15,453,503,2408,3486,4702,4921,5850,7281,7936,8338],[3.7316994512968646,4.019381523748645,0.691153161953081,4.019381523748645,2.849310271098391,4.607168188650764,2.849310271098391,0.691153161953081,0.6792718340663283,0.691153161953081,0.691153161953081])",0.0
F149,"['happy', 'choose', 'major.', 'deal', 'politics', 'recent', 'find', 'issue', 'range', 'order', 'number.', 'including', 'mission', 'decision', 'painting', 'still', 'important.', 'seven', 'eat', 'adult', 'religious', 'full.', '—', 'shocking', 'claims', 'secret', 'cure', 'surface', 'internet.']","(10000,[72,165,503,1034,1226,1433,2193,3065,3712,3892,4293,4702,5347,5591,5850,5887,6069,6616,6747,7276,7281,7334,7510,7850,7936,8338,8993,9706,9829],[4.019381523748645,3.6516567436233283,0.691153161953081,3.8187108282864943,4.607168188650764,3.914021008090819,4.019381523748645,5.117993812416755,4.270695952029551,2.5530444549552183,4.42484663185681,4.607168188650764,4.137164559405029,4.42484663185681,0.691153161953081,4.137164559405029,4.42484663185681,3.6516567436233283,2.5530444549552183,4.019381523748645,0.6792718340663283,4.270695952029551,4.270695952029551,3.914021008090819,0.691153161953081,0.691153161953081,4.830311739964974,3.914021008090819,4.607168188650764])",0.0
F051,"['night', 'many', 'church.', '—', 'shocking', 'claims', 'secret', 'cure', 'surface', 'internet.']","(10000,[503,3892,5188,5850,6747,6869,7281,7936,8094,8338],[0.691153161953081,2.5530444549552183,3.7316994512968646,0.691153161953081,2.5530444549552183,4.830311739964974,0.6792718340663283,0.691153161953081,4.607168188650764,0.691153161953081])",0.0
F089,"['loss', 'federal', 'start', 'right', 'society', 'capital.', 'seat', 'benefit', 'woman', 'fear', 'financial', 'until.', '—', 'shocking', 'claims', 'flat', 'earth', 'surface', 'internet.']","(10000,[47,101,327,503,633,1790,2918,2996,4430,4563,5329,5653,5850,7281,7407,7936,8338,9513,9676],[3.8187108282864943,4.830311739964974,4.137164559405029,0.691153161953081,4.019381523748645,3.8187108282864943,3.0385522707369192,3.6516567436233283,4.830311739964974,4.137164559405029,4.270695952029551,3.914021008090819,0.691153161953081,0.6792718340663283,4.270695952029551,0.691153161953081,0.691153161953081,3.7316994512968646,3.0385522707369192])",0.0
F135,"['condition', 'value', 'either', 'probably.', 'meeting', 'become', 'natural', 'upon.', 'air', 'thing', 'long.', 'democratic', 'condition', 'whole', 'matter', 'true', 'space.', '—', 'shocking', 'claims', 'flat', 'earth', 'surface', 'internet.']","(10000,[20,88,273,503,627,1098,2402,2918,3857,4988,5087,5328,5415,5606,5850,7090,7188,7281,7403,7936,8338,9126,9676],[4.270695952029551,4.607168188650764,5.523458920524919,0.691153161953081,4.830311739964974,3.8187108282864943,4.019381523748645,3.0385522707369192,4.42484663185681,4.270695952029551,5.523458920524919,7.3033134872466565,5.117993812416755,4.137164559405029,0.691153161953081,3.6516567436233283,3.8187108282864943,0.6792718340663283,4.607168188650764,0.691153161953081,0.691153161953081,3.6516567436233283,3.0385522707369192])",0.0
F088,"['space', 'style', 'kitchen', 'explain.', 'decade', 'speak', 'send', 'husband', 'detail', 'bill.', '—', 'shocking', 'claims', 'government', 'cover-up', 'surface', 'internet.']","(10000,[503,756,1143,2259,3204,3605,4732,5523,5850,6030,7208,7281,7936,8000,8338,9188,9813],[0.691153161953081,4.607168188650764,4.137164559405029,2.8154087194227095,4.830311739964974,4.830311739964974,4.137164559405029,4.270695952029551,0.691153161953081,4.137164559405029,4.137164559405029,0.6792718340663283,0.691153161953081,4.42484663185681,0.691153161953081,4.019381523748645,2.997730276216664])",0.0
R010,"['boy', 'serious', 'parent', 'show.', 'present', 'recently', 'fight', 'free', 'kind', 'position.', 'experts', 'discuss', 'ongoing', 'developments', 'election.']","(10000,[157,1073,1117,1819,2034,2526,3205,3556,3614,4506,4687,6044,8130,9462,9932],[3.4440173788450834,4.137164559405029,3.7316994512968646,5.117993812416755,4.270695952029551,3.914021008090819,5.117993812416755,2.8844015909096608,0.691153161953081,0.691153161953081,0.691153161953081,4.137164559405029,4.607168188650764,0.691153161953081,4.019381523748645])",1.0
R211,"['attack', 'authority', 'act', 'professor', 'meeting', 'one.', 'experts', 'discuss', 'ongoing', 'developments', 'policy.']","(10000,[20,1176,2466,2543,3614,4506,4687,5693,6928,6944,9462],[4.270695952029551,4.607168188650764,5.523458920524919,3.6516567436233283,0.691153161953081,0.691153161953081,0.691153161953081,4.019381523748645,5.523458920524919,2.8154087194227095,0.691153161953081])",1.0
F204,"['long', 'control', 'smile', 'heart', 'ground', 'point', 'network.', 'fact', 'space', 'represent', 'player', 'speech', 'bar.', 'improve', 'task', 'view', 'worker.', '—', 'shocking', 'claims', 'miracle', 'drug', 'surface', 'internet.']","(10000,[502,503,1208,1256,1811,2408,2713,4416,5371,5850,6487,6604,7215,7281,7293,7515,7860,7936,8338,8451,8717,8904,9188,9808],[3.914021008090819,0.691153161953081,2.849310271098391,3.125563647726549,4.830311739964974,4.019381523748645,4.137164559405029,4.270695952029551,5.117993812416755,0.691153161953081,3.914021008090819,4.137164559405029,4.137164559405029,0.6792718340663283,5.117993812416755,4.830311739964974,2.8154087194227095,0.691153161953081,0.691153161953081,3.8187108282864943,4.42484663185681,4.137164559405029,4.019381523748645,4.270695952029551])",0.0
F168,"['get', 'talk', 'pay', 'improve', 'boy', 'federal', 'they.', 'check', 'responsibility', 'physical', 'and.', '—', 'shocking', 'claims', 'miracle', 'drug', 'surface', 'internet.']","(10000,[157,503,633,1256,1777,2086,2408,3502,3901,4897,5850,7281,7860,7936,8338,8649,8925,9426],[3.4440173788450834,0.691153161953081,4.019381523748645,3.125563647726549,5.523458920524919,4.830311739964974,4.019381523748645,4.42484663185681,4.42484663185681,3.914021008090819,0.691153161953081,0.6792718340663283,2.8154087194227095,0.691153161953081,0.691153161953081,4.42484663185681,4.607168188650764,4.137164559405029])",0.0
R011,"['full', 'music', 'development', 'floor.', 'cost', 'must', 'sister', 'similar', 'hot', 'store', 'cell.', 'experts', 'discuss', 'ongoing', 'developments', 'public', 'health.']","(10000,[1023,1770,2871,2920,3521,3614,4490,4506,4687,6219,6370,7046,7184,8549,8897,9462,9693],[4.42484663185681,2.997730276216664,4.42484663185681,5.117993812416755,4.270695952029551,0.691153161953081,4.137164559405029,0.691153161953081,0.691153161953081,3.172083663361442,3.914021008090819,4.137164559405029,3.8187108282864943,4.830311739964974,4.019381523748645,0.691153161953081,4.42484663185681])",1.0
R232,"['anyone', 'beautiful', 'fast', 'idea.', 'maybe', 'force', 'up.', 'result', 'fall', 'artist.', 'experts', 'discuss', 'ongoing', 'developments', 'climate', 'change.']","(10000,[391,399,666,796,821,1273,1375,2059,3614,3729,4506,4687,4818,7117,9263,9462],[4.830311739964974,4.830311739964974,4.42484663185681,3.7316994512968646,2.849310271098391,3.6516567436233283,5.117993812416755,2.6330871626287546,0.691153161953081,4.607168188650764,0.691153161953081,0.691153161953081,4.607168188650764,4.830311739964974,3.8187108282864943,0.691153161953081])",1.0
R042,"['life', 'certainly', 'relate', 'stand', 'minute.', 'card', 'matter', 'trade.', 'situation', 'question', 'stuff', 'best', 'continue', 'particular.', 'experts', 'discuss', 'ongoing', 'developments', 'public', 'health.']","(10000,[673,743,763,988,1770,2144,2402,2947,3136,3477,3614,4506,4687,6219,6886,7166,7175,7722,8633,9462],[3.914021008090819,3.6516567436233283,4.137164559405029,4.137164559405029,2.997730276216664,3.914021008090819,4.019381523748645,4.019381523748645,4.019381523748645,4.137164559405029,0.691153161953081,0.691153161953081,0.691153161953081,3.172083663361442,4.019381523748645,5.523458920524919,5.523458920524919,3.914021008090819,4.830311739964974,0.691153161953081])",1.0
F182,"['throw', 'character', 'suffer', 'company', 'future', 'sign', 'feel.', 'police', 'customer', 'someone.', '—', 'shocking', 'claims', 'hoax', 'surface', 'internet.']","(10000,[503,942,1413,3409,3876,4377,4867,5850,6135,6488,6756,7281,7936,8325,8338,9682],[0.691153161953081,4.137164559405029,3.8187108282864943,5.117993812416755,3.914021008090819,2.60568818844064,4.607168188650764,0.691153161953081,4.137164559405029,4.607168188650764,3.8187108282864943,0.6792718340663283,0.691153161953081,4.830311739964974,0.691153161953081,4.830311739964974])",0.0
F036,"['light', 'simply', 'lot', 'guess', 'wear', 'owner.', 'believe', 'brother', 'yes', 'the.', '—', 'shocking', 'claims', 'miracle', 'drug', 'surface', 'internet.']","(10000,[291,503,533,1256,1642,1720,2260,2634,4943,5044,5850,6581,7281,7860,7936,8338,8660],[4.607168188650764,0.691153161953081,4.270695952029551,3.125563647726549,3.914021008090819,3.8187108282864943,5.523458920524919,4.019381523748645,4.42484663185681,4.607168188650764,0.691153161953081,4.607168188650764,0.6792718340663283,2.8154087194227095,0.691153161953081,0.691153161953081,4.830311739964974])",0.0
F068,"['structure', 'weight', 'reduce', 'arrive', 'media', 'page.', 'floor', 'reveal', 'effect', 'debate', 'board', 'reduce', 'from.', 'answer', 'key', 'dream', 'assume', 'stuff', 'adult.', '—', 'shocking', 'claims', 'secret', 'cure', 'surface', 'internet.']","(10000,[503,1209,1507,2366,2664,2996,3131,3495,3619,3813,3892,4319,5850,6324,6747,7281,7391,7454,7722,7904,7936,8004,8159,8276,8338],[0.691153161953081,4.019381523748645,3.8187108282864943,3.914021008090819,3.6516567436233283,3.6516567436233283,4.019381523748645,5.523458920524919,4.137164559405029,4.607168188650764,2.5530444549552183,3.5085558999826545,0.691153161953081,4.019381523748645,2.5530444549552183,0.6792718340663283,4.607168188650764,4.270695952029551,3.914021008090819,5.117993812416755,0.691153161953081,3.6516567436233283,6.888034757690167,4.019381523748645,0.691153161953081])",0.0
R015,"['better', 'ever', 'idea', 'others', 'we.', 'building', 'include', 'reality.', 'experts', 'discuss', 'ongoing', 'developments', 'election.']","(10000,[2412,2543,2953,3082,3556,3614,4506,4687,5594,5852,5958,6940,9462],[4.607168188650764,3.6516567436233283,4.42484663185681,5.523458920524919,2.8844015909096608,0.691153161953081,0.691153161953081,0.691153161953081,4.42484663185681,3.914021008090819,4.137164559405029,3.914021008090819,0.691153161953081])",1.0
R147,"['learn', 'feeling', 'life', 'gas.', 'old', 'land', 'try', 'red', 'read', 'inside', 'audience.', 'experts', 'discuss', 'ongoing', 'developments', 'climate', 'change.']","(10000,[52,613,821,2059,3177,3477,3614,4506,4687,4693,5967,7083,7148,7650,9066,9462,9544],[4.270695952029551,4.019381523748645,2.849310271098391,2.6330871626287546,5.523458920524919,4.137164559405029,0.691153161953081,0.691153161953081,0.691153161953081,4.270695952029551,4.137164559405029,4.42484663185681,4.019381523748645,4.019381523748645,4.137164559405029,0.691153161953081,4.830311739964974])",1.0
F198,"['difficult', 'sport', 'set', 'deal', 'various.', 'model', 'call', 'heavy', 'force.', '—', 'shocking', 'claims', 'government', 'cover-up', 'surface', 'internet.']","(10000,[503,1433,1712,2259,5146,5342,5850,6291,6584,7102,7281,7936,8278,8338,8949,9813],[0.691153161953081,3.914021008090819,4.019381523748645,2.8154087194227095,4.137164559405029,4.42484663185681,0.691153161953081,4.830311739964974,5.523458920524919,4.137164559405029,0.6792718340663283,0.691153161953081,4.42484663185681,0.691153161953081,4.42484663185681,2.997730276216664])",0.0
R081,"['listen', 'surface', 'toward', 'gas', 'parent', 'possible.', 'drop', 'car', 'within', 'sit', 'either', 'month.', 'experts', 'discuss', 'ongoing', 'developments', 'climate', 'change.']","(10000,[429,821,1481,2059,2272,3194,3614,3674,4506,4687,5607,6946,7281,8577,9126,9462,9817,9932],[3.8187108282864943,2.849310271098391,4.830311739964974,2.6330871626287546,4.607168188650764,4.42484663185681,0.691153161953081,4.137164559405029,0.691153161953081,0.691153161953081,4.42484663185681,5.117993812416755,0.6792718340663283,4.607168188650764,3.6516567436233283,0.691153161953081,3.4440173788450834,4.019381523748645])",1.0
F050,"['outside', 'discover', 'individual', 'agency', 'close', 'edge.', 'degree', 'second', 'protect', 'return', 'teacher', 'per.', 'quickly', 'whose', 'point', 'blood.', '—', 'shocking', 'claims', 'aliens', 'surface', 'internet.']","(10000,[503,635,650,765,1236,3391,3497,4170,4349,4416,5850,7235,7281,7936,8338,8568,8614,8708,8859,9256,9539,9943],[0.691153161953081,3.8187108282864943,2.958509563063383,4.270695952029551,5.117993812416755,4.270695952029551,4.42484663185681,4.607168188650764,4.830311739964974,4.270695952029551,0.691153161953081,4.42484663185681,0.6792718340663283,0.691153161953081,0.691153161953081,4.270695952029551,4.137164559405029,4.830311739964974,5.523458920524919,3.7316994512968646,4.270695952029551,4.270695952029551])",0.0
F162,"['spend', 'trial', 'leader', 'serious', 'clear.', 'across', 'surface', 'go', 'study', 'foreign', 'that.', '—', 'shocking', 'claims', 'celebrity', 'scandal', 'surface', 'internet.']","(10000,[353,503,1117,1401,1526,3410,3486,4224,4921,5850,6206,6451,6508,7074,7281,7936,8338],[4.830311739964974,0.691153161953081,3.7316994512968646,4.830311739964974,4.137164559405029,4.019381523748645,2.849310271098391,4.42484663185681,2.849310271098391,0.691153161953081,4.270695952029551,3.914021008090819,4.830311739964974,3.577548771469606,1.3585436681326566,0.691153161953081,0.691153161953081])",0.0
R028,"['employee', 'certainly', 'owner', 'pressure', 'room.', 'media', 'moment', 'character', 'business', 'even', 'thank.', 'experts', 'discuss', 'ongoing', 'developments', 'technology', 'breakthrough.']","(10000,[673,798,1020,1209,2227,2366,3401,3614,4506,4687,4867,5374,5661,6053,6406,6548,9462],[3.914021008090819,4.830311739964974,2.4324164671666035,4.019381523748645,2.7200985396183848,3.914021008090819,4.019381523748645,0.691153161953081,0.691153161953081,0.691153161953081,4.607168188650764,4.270695952029551,4.830311739964974,3.914021008090819,3.914021008090819,4.42484663185681,0.691153161953081])",1.0
R195,"['east', 'day', 'table', 'laugh.', 'experts', 'discuss', 'ongoing', 'developments', 'budget', 'report.']","(10000,[3614,3673,3931,4506,4687,4991,5432,6576,9133,9462],[0.691153161953081,5.523458920524919,3.2721671219184243,0.691153161953081,0.691153161953081,2.60568818844064,2.7200985396183848,4.607168188650764,3.8187108282864943,0.691153161953081])",1.0
F116,"['democrat', 'become', 'machine', 'keep', 'truth', 'much', 'impact.', 'whose', 'experience', 'person.', 'rule', 'information', 'compare', 'official', 'region', 'including.', '—', 'shocking', 'claims', 'aliens', 'surface', 'internet.']","(10000,[343,503,524,650,1750,2069,3635,5234,5324,5850,7090,7281,7936,8040,8159,8190,8338,8485,8888,9246,9539,9594],[4.137164559405029,0.691153161953081,3.8187108282864943,2.958509563063383,5.117993812416755,5.523458920524919,4.019381523748645,4.42484663185681,4.830311739964974,0.691153161953081,3.6516567436233283,0.6792718340663283,0.691153161953081,3.2721671219184243,3.4440173788450834,4.137164559405029,0.691153161953081,4.42484663185681,5.117993812416755,4.019381523748645,4.270695952029551,4.42484663185681])",0.0
R018,"['even', 'card', 'yes.', 'current', 'weight', 'fall', 'service', 'among', 'kind.', 'experts', 'discuss', 'ongoing', 'developments', 'research.']","(10000,[2144,2252,2601,2784,3614,3729,4506,4687,6406,7066,7362,8004,9189,9462],[3.914021008090819,4.607168188650764,5.117993812416755,5.117993812416755,0.691153161953081,4.607168188650764,0.691153161953081,0.691153161953081,3.914021008090819,2.8844015909096608,4.270695952029551,3.6516567436233283,4.270695952029551,0.691153161953081])",1.0
F073,"['work', 'physical', 'performance.', 'statement', 'eat', 'forget', 'spend.', '—', 'shocking', 'claims', 'immortal', 'jellyfish', 'surface', 'internet.']","(10000,[503,1596,2066,4516,5850,7146,7276,7281,7936,8338,8649,9527,9817,9876],[0.691153161953081,5.117993812416755,2.7508701982851385,5.523458920524919,0.691153161953081,4.019381523748645,4.019381523748645,0.6792718340663283,0.691153161953081,0.691153161953081,4.42484663185681,4.270695952029551,3.4440173788450834,2.7508701982851385])",0.0
F059,"['animal', 'visit', 'lawyer', 'million.', 'stop', 'often', 'top', 'forget', 'article', 'week', 'be.', 'market', 'tell', 'bill.', '—', 'shocking', 'claims', 'miracle', 'drug', 'surface', 'internet.']","(10000,[7,503,698,796,1256,1702,1850,2657,3204,5122,5328,5850,6562,7146,7281,7360,7724,7860,7936,8338,9021],[3.914021008090819,0.691153161953081,3.914021008090819,3.7316994512968646,3.125563647726549,4.830311739964974,3.8187108282864943,3.4440173788450834,4.830311739964974,4.42484663185681,3.6516567436233283,0.691153161953081,5.523458920524919,4.019381523748645,0.6792718340663283,4.019381523748645,4.830311739964974,2.8154087194227095,0.691153161953081,0.691153161953081,4.019381523748645])",0.0
R078,"['space', 'generation', 'together', 'herself.', 'hit', 'man', 'along', 'money.', 'experts', 'discuss', 'ongoing', 'developments', 'budget', 'report.']","(10000,[25,2238,2569,2840,3614,4506,4687,4991,5432,6963,8252,8312,9188,9462],[5.117993812416755,5.523458920524919,3.6516567436233283,4.42484663185681,0.691153161953081,0.691153161953081,0.691153161953081,2.60568818844064,2.7200985396183848,4.019381523748645,4.270695952029551,5.117993812416755,4.019381523748645,0.691153161953081])",1.0
F216,"['including', 'painting', 'network', 'box', 'animal', 'image.', 'strong', 'paper', 'indeed', 'trial', 'spring', 'national', 'new.', 'message', 'tax', 'significant', 'street', 'style', 'check.', 'pm', 'water', 'friend', 'defense', 'either', 'town', 'your.', '—', 'shocking', 'claims', 'secret', 'cure', 'surface', 'internet.']","(10000,[488,503,1034,1644,2589,2715,3410,3543,3684,3892,4198,4715,4934,5850,6280,6355,6587,6747,7026,7281,7334,7360,7910,7922,7936,8000,8338,8552,8690,9126,9152,9394,9604],[4.019381523748645,0.691153161953081,3.8187108282864943,4.019381523748645,3.914021008090819,4.270695952029551,4.019381523748645,4.607168188650764,3.577548771469606,2.5530444549552183,5.523458920524919,4.270695952029551,4.270695952029551,0.691153161953081,5.117993812416755,4.42484663185681,4.019381523748645,2.5530444549552183,4.270695952029551,0.6792718340663283,4.270695952029551,4.019381523748645,4.270695952029551,3.6516567436233283,0.691153161953081,4.42484663185681,0.691153161953081,4.137164559405029,4.270695952029551,3.6516567436233283,4.270695952029551,4.830311739964974,5.117993812416755])",0.0
F206,"['well', 'rate', 'east', 'hospital', 'car.', 'close', 'speak', 'allow', 'clearly', 'media.', '—', 'shocking', 'claims', 'celebrity', 'scandal', 'surface', 'internet.']","(10000,[157,253,503,3248,3486,3497,4732,4835,4921,4930,5850,6576,7281,7936,8238,8290,8338],[3.4440173788450834,4.137164559405029,0.691153161953081,5.117993812416755,2.849310271098391,4.42484663185681,4.137164559405029,4.42484663185681,2.849310271098391,3.8187108282864943,0.691153161953081,4.607168188650764,0.6792718340663283,0.691153161953081,3.914021008090819,5.117993812416755,0.691153161953081])",0.0
R036,"['power', 'woman', 'rule.', 'establish', 'black', 'economic', 'sister.', 'experts', 'discuss', 'ongoing', 'developments', 'research.']","(10000,[1948,2664,2923,3056,3614,4506,4563,4687,7066,7711,9144,9462],[4.270695952029551,3.6516567436233283,3.8187108282864943,5.117993812416755,0.691153161953081,0.691153161953081,4.137164559405029,0.691153161953081,2.8844015909096608,4.607168188650764,2.455405985391302,0.691153161953081])",1.0
F104,"['power', 'husband', 'beyond', 'perform.', 'theory', 'game', 'prepare', 'energy', 'win.', '—', 'shocking', 'claims', 'aliens', 'surface', 'internet.']","(10000,[503,650,1468,2286,3056,5850,6436,7208,7281,7936,8307,8338,8900,8975,9513],[0.691153161953081,2.958509563063383,4.137164559405029,4.42484663185681,5.117993812416755,0.691153161953081,4.830311739964974,4.137164559405029,0.6792718340663283,0.691153161953081,4.137164559405029,0.691153161953081,4.137164559405029,3.914021008090819,3.7316994512968646])",0.0
F000,"['price', 'quality', 'society', 'plan', 'question.', 'best', 'pattern', 'contain', 'budget', 'size', 'recent', 'tax', 'break.', '—', 'shocking', 'claims', 'hoax', 'surface', 'internet.']","(10000,[327,503,617,763,1738,3192,3479,3506,4377,4991,5591,5850,6123,6587,7281,7493,7936,8338,9640],[4.137164559405029,0.691153161953081,3.8187108282864943,4.137164559405029,4.607168188650764,4.270695952029551,4.607168188650764,4.607168188650764,2.60568818844064,2.60568818844064,4.42484663185681,0.691153161953081,4.019381523748645,4.019381523748645,0.6792718340663283,3.6516567436233283,0.691153161953081,0.691153161953081,5.523458920524919])",0.0
R136,"['represent', 'true', 'court', 'oil', 'strategy.', 'know', 'pick', 'hot', 'police', 'material', 'program', 'attention.', 'series', 'son', 'join', 'appear', 'hope', 'feel', 'whose.', 'experts', 'discuss', 'ongoing', 'developments', 'education.']","(10000,[209,573,3115,3231,3614,3876,4463,4506,4568,4687,5047,6000,6035,6383,7188,7372,7516,7779,8182,8203,8717,8952,9462,9693],[4.607168188650764,4.270695952029551,4.270695952029551,3.914021008090819,0.691153161953081,3.914021008090819,4.607168188650764,0.691153161953081,4.42484663185681,0.691153161953081,2.7200985396183848,3.6516567436233283,3.8187108282864943,5.117993812416755,3.8187108282864943,3.914021008090819,4.830311739964974,3.125563647726549,4.607168188650764,4.607168188650764,4.42484663185681,4.019381523748645,0.691153161953081,4.42484663185681])",1.0
F019,"['red', 'agent', 'continue.', 'matter', 'long', 'task', 'hand', 'standard', 'wind.', '—', 'shocking', 'claims', 'immortal', 'jellyfish', 'surface', 'internet.']","(10000,[52,503,1978,2066,2402,2967,3423,5016,5850,6221,7281,7936,8338,8451,8904,9876],[4.270695952029551,0.691153161953081,5.523458920524919,2.7508701982851385,4.019381523748645,4.137164559405029,4.42484663185681,4.270695952029551,0.691153161953081,5.117993812416755,0.6792718340663283,0.691153161953081,0.691153161953081,3.8187108282864943,4.137164559405029,2.7508701982851385])",0.0
R012,"['best', 'town', 'tv', 'color', 'discuss.', 'understand', 'answer', 'hand', 'trip', 'stop.', 'experts', 'discuss', 'ongoing', 'developments', 'technology', 'breakthrough.']","(10000,[763,1020,2227,3423,3614,3619,4506,4547,4687,4715,5782,6487,6917,8731,9462,9832],[4.137164559405029,2.4324164671666035,2.7200985396183848,4.42484663185681,0.691153161953081,4.137164559405029,0.691153161953081,4.270695952029551,0.691153161953081,4.270695952029551,4.270695952029551,3.914021008090819,5.117993812416755,5.523458920524919,0.691153161953081,4.137164559405029])",1.0
R052,"['kind', 'every', 'us', 'possible.', 'experts', 'discuss', 'ongoing', 'developments', 'education.']","(10000,[2272,3614,4506,4687,5047,6044,6660,9462,9681],[4.607168188650764,0.691153161953081,0.691153161953081,0.691153161953081,2.7200985396183848,4.137164559405029,4.42484663185681,0.691153161953081,3.914021008090819])",1.0
R123,"['debate', 'region', 'start', 'next', 'hard', 'important.', 'great', 'whose', 'return', 'law', 'build', 'office.', 'experts', 'discuss', 'ongoing', 'developments', 'climate', 'change.']","(10000,[635,750,821,2059,2996,3014,3065,3614,3979,4506,4687,5125,7765,8159,8273,8276,9462,9539],[3.8187108282864943,4.42484663185681,2.849310271098391,2.6330871626287546,3.6516567436233283,4.137164559405029,5.117993812416755,0.691153161953081,3.914021008090819,0.691153161953081,0.691153161953081,4.42484663185681,4.830311739964974,3.4440173788450834,3.914021008090819,4.019381523748645,0.691153161953081,4.270695952029551])",1.0
F040,"['including', 'decision', 'edge', 'small', 'offer', 'car.', 'first', 'well', 'dream', 'author', 'those.', 'court', 'standard', 'charge.', 'eat', 'country', 'party', 'green', 'low', 'imagine.', '—', 'shocking', 'claims', 'government', 'cover-up', 'surface', 'internet.']","(10000,[157,222,503,551,1379,1657,2193,2259,2366,2958,2967,3921,4568,4722,5850,6403,7276,7281,7334,7870,7936,8290,8338,8411,9026,9350,9813],[3.4440173788450834,4.270695952029551,0.691153161953081,4.607168188650764,3.8187108282864943,5.117993812416755,4.019381523748645,2.8154087194227095,3.914021008090819,3.7316994512968646,4.137164559405029,4.019381523748645,4.42484663185681,5.117993812416755,0.691153161953081,3.914021008090819,4.019381523748645,0.6792718340663283,4.270695952029551,3.8187108282864943,0.691153161953081,5.117993812416755,0.691153161953081,3.2721671219184243,5.117993812416755,4.270695952029551,2.997730276216664])",0.0
R160,"['six', 'benefit', 'box', 'home', 'newspaper', 'whom.', 'foot', 'health', 'body', 'easy', 'charge', 'somebody.', 'experts', 'discuss', 'ongoing', 'developments', 'climate', 'change.']","(10000,[735,760,821,841,2059,3238,3365,3614,4506,4687,5401,5653,6812,7890,7922,8741,8805,9462],[4.42484663185681,4.270695952029551,2.849310271098391,4.42484663185681,2.6330871626287546,4.270695952029551,4.42484663185681,0.691153161953081,0.691153161953081,0.691153161953081,4.019381523748645,3.914021008090819,4.019381523748645,4.270695952029551,3.6516567436233283,4.830311739964974,4.607168188650764,0.691153161953081])",1.0
F067,"['fact', 'beat', 'model', 'manage.', '—', 'shocking', 'claims', 'immortal', 'jellyfish', 'surface', 'internet.']","(10000,[503,2066,2483,2569,5850,7102,7215,7281,7936,8338,9876],[0.691153161953081,2.7508701982851385,4.607168188650764,3.6516567436233283,0.691153161953081,4.137164559405029,4.137164559405029,0.6792718340663283,0.691153161953081,0.691153161953081,2.7508701982851385])",0.0
R069,"['take', 'visit', 'edge', 'mean', 'last', 'property', 'assume.', 'practice', 'minute', 'sister', 'lot.', 'social', 'send', 'property.', 'experts', 'discuss', 'ongoing', 'developments', 'research.']","(10000,[698,823,855,909,2733,3357,3521,3614,3921,3989,4280,4506,4687,5523,7066,8208,8544,8550,9462],[3.914021008090819,4.42484663185681,4.607168188650764,4.270695952029551,4.607168188650764,4.42484663185681,4.270695952029551,0.691153161953081,4.019381523748645,4.607168188650764,4.42484663185681,0.691153161953081,0.691153161953081,4.270695952029551,2.8844015909096608,4.830311739964974,5.117993812416755,4.830311739964974,0.691153161953081])",1.0
F160,"['tax', 'face', 'per', 'happy', 'kid', 'address.', 'let', 'attorney', 'range', 'still.', '—', 'shocking', 'claims', 'mind', 'control', 'surface', 'internet.']","(10000,[165,298,503,1208,1259,1649,3184,3723,4034,4853,5347,5850,6587,7281,7936,8267,8338],[3.6516567436233283,4.019381523748645,0.691153161953081,2.849310271098391,4.270695952029551,5.117993812416755,2.8154087194227095,4.137164559405029,4.270695952029551,4.830311739964974,4.137164559405029,0.691153161953081,4.019381523748645,0.6792718340663283,0.691153161953081,4.607168188650764,0.691153161953081])",0.0
F053,"['interest', 'court', 'family', 'general', 'society', 'party', 'how.', 'conference', 'believe', 'movie', 'field', 'offer', 'report', 'return.', 'fast', 'executive', 'best', 'onto', 'right', 'affect.', '—', 'shocking', 'claims', 'hoax', 'surface', 'internet.']","(10000,[70,327,503,533,763,1379,1439,1790,2958,4319,4377,4568,5465,5657,5692,5850,6021,6505,7074,7281,7936,8297,8338,8684,9263,9966],[4.42484663185681,4.137164559405029,0.691153161953081,4.270695952029551,4.137164559405029,3.8187108282864943,3.914021008090819,3.8187108282864943,3.7316994512968646,3.5085558999826545,2.60568818844064,4.42484663185681,3.914021008090819,4.270695952029551,4.607168188650764,0.691153161953081,4.42484663185681,4.270695952029551,3.577548771469606,0.6792718340663283,0.691153161953081,4.42484663185681,0.691153161953081,4.830311739964974,3.8187108282864943,4.137164559405029])",0.0
R074,"['behind', 'message', 'weight', 'machine', 'even', 'picture.', 'staff', 'enter', 'send', 'professor', 'language', 'play', 'thing.', 'think', 'brother', 'voice', 'assume', 'best', 'hospital.', 'experts', 'discuss', 'ongoing', 'developments', 'education.']","(10000,[291,763,934,1716,2173,2335,2543,2664,2715,2735,2887,3530,3614,4346,4506,4687,5047,5523,6224,6406,7435,8004,8040,9462],[4.607168188650764,4.137164559405029,5.117993812416755,4.137164559405029,4.830311739964974,4.270695952029551,3.6516567436233283,3.6516567436233283,4.270695952029551,5.523458920524919,5.523458920524919,4.137164559405029,0.691153161953081,4.607168188650764,0.691153161953081,0.691153161953081,2.7200985396183848,4.270695952029551,3.914021008090819,3.914021008090819,3.8187108282864943,3.6516567436233283,3.2721671219184243,0.691153161953081])",1.0
R007,"['possible', 'try', 'owner', 'low', 'game', 'nation.', 'democrat', 'reveal', 'hope', 'issue', 'may', 'mission.', 'remember', 'certain', 'realize', 'big.', 'usually', 'father', 'record', 'put', 'produce.', 'experts', 'discuss', 'ongoing', 'developments', 'election.']","(10000,[1507,1582,1800,1890,2990,3556,3614,4347,4489,4506,4687,4693,5234,5685,6000,6053,6100,6616,7725,8411,8871,8975,9160,9288,9462,9927],[3.8187108282864943,4.607168188650764,4.830311739964974,5.523458920524919,4.42484663185681,2.8844015909096608,0.691153161953081,4.270695952029551,5.523458920524919,0.691153161953081,0.691153161953081,4.270695952029551,4.42484663185681,4.830311739964974,3.6516567436233283,3.914021008090819,4.42484663185681,3.6516567436233283,5.117993812416755,3.2721671219184243,4.830311739964974,3.914021008090819,3.8187108282864943,4.137164559405029,0.691153161953081,5.523458920524919])",1.0
R119,"['painting', 'prove', 'sing', 'certainly', 'agent', 'true', 'win.', 'reveal', 'young', 'large.', 'experts', 'discuss', 'ongoing', 'developments', 'climate', 'change.']","(10000,[673,821,1034,1507,2059,3614,3713,4506,4687,5016,5214,6436,6451,7188,7809,9462],[3.914021008090819,2.849310271098391,3.8187108282864943,3.8187108282864943,2.6330871626287546,0.691153161953081,5.523458920524919,0.691153161953081,0.691153161953081,4.270695952029551,4.607168188650764,4.830311739964974,3.914021008090819,3.8187108282864943,4.830311739964974,0.691153161953081])",1.0
R087,"['whole', 'sound', 'prepare', 'door', 'team', 'fine', 'medical.', 'plant', 'either', 'else', 'party', 'popular', 'hundred', 'bar.', 'bag', 'key', 'carry', 'tv.', 'experts', 'discuss', 'ongoing', 'developments', 'budget', 'report.']","(10000,[415,454,468,627,1379,1811,2286,3131,3614,4506,4687,4847,4991,5034,5175,5432,6148,6166,6431,7244,8356,9126,9210,9462],[4.830311739964974,3.577548771469606,4.019381523748645,4.830311739964974,3.8187108282864943,4.830311739964974,4.42484663185681,4.019381523748645,0.691153161953081,0.691153161953081,0.691153161953081,4.42484663185681,2.60568818844064,4.42484663185681,3.914021008090819,2.7200985396183848,4.607168188650764,4.137164559405029,4.019381523748645,3.6516567436233283,4.607168188650764,3.6516567436233283,4.42484663185681,0.691153161953081])",1.0
F145,"['part', 'lay', 'religious', 'everything', 'industry.', 'firm', 'another', 'admit', 'positive', 'particularly', 'floor', 'office', 'production.', 'ability', 'customer', 'material', 'low.', '—', 'shocking', 'claims', 'miracle', 'drug', 'surface', 'internet.']","(10000,[1,503,662,1256,1413,1640,3231,3681,4293,4319,4475,5850,6443,7281,7860,7936,8166,8338,8344,8546,8714,8740,8894,9156],[4.270695952029551,0.691153161953081,5.117993812416755,3.125563647726549,3.8187108282864943,5.523458920524919,3.914021008090819,4.270695952029551,4.42484663185681,3.5085558999826545,3.6516567436233283,0.691153161953081,3.8187108282864943,0.6792718340663283,2.8154087194227095,0.691153161953081,4.137164559405029,0.691153161953081,3.7316994512968646,4.830311739964974,4.830311739964974,4.607168188650764,4.42484663185681,3.8187108282864943])",0.0
R065,"['pick', 'five.', 'career', 'interview', 'sport', 'building', 'condition', 'serve', 'artist', 'behavior.', 'certain', 'reflect', 'effect', 'skill', 'sit.', 'continue', 'magazine', 'visit', 'certainly', 'create', 'girl', 'security.', 'experts', 'discuss', 'ongoing', 'developments', 'budget', 'report.']","(10000,[673,698,743,1029,1404,1725,1776,2778,3614,4506,4687,4930,4991,5321,5328,5432,5852,6035,6324,6988,7372,8278,8413,8423,8931,9288,9462,9968],[3.914021008090819,3.914021008090819,3.6516567436233283,4.42484663185681,4.607168188650764,4.42484663185681,4.830311739964974,5.117993812416755,0.691153161953081,0.691153161953081,0.691153161953081,3.8187108282864943,2.60568818844064,4.607168188650764,3.6516567436233283,2.7200985396183848,3.914021008090819,3.8187108282864943,4.019381523748645,5.523458920524919,3.914021008090819,4.42484663185681,3.914021008090819,4.830311739964974,4.830311739964974,4.137164559405029,0.691153161953081,4.137164559405029])",1.0
R208,"['suffer', 'issue', 'couple', 'what.', 'experts', 'discuss', 'ongoing', 'developments', 'budget', 'report.']","(10000,[3614,4506,4687,4991,5432,6135,6616,7702,8363,9462],[0.691153161953081,0.691153161953081,0.691153161953081,2.60568818844064,2.7200985396183848,4.137164559405029,3.6516567436233283,4.42484663185681,4.830311739964974,0.691153161953081])",1.0
R048,"['never', 'sign', 'read', 'enjoy.', 'experts', 'discuss', 'ongoing', 'developments', 'budget', 'report.']","(10000,[281,3614,4506,4687,4991,5432,6756,6847,7650,9462],[4.137164559405029,0.691153161953081,0.691153161953081,0.691153161953081,2.60568818844064,2.7200985396183848,3.8187108282864943,4.830311739964974,4.019381523748645,0.691153161953081])",1.0
F076,"['thank', 'worry', 'letter', 'employee', 'able.', 'behind', 'draw.', '—', 'shocking', 'claims', 'aliens', 'surface', 'internet.']","(10000,[503,564,650,1687,3759,4346,5850,6548,7281,7936,8338,8343,8730],[0.691153161953081,4.42484663185681,2.958509563063383,4.137164559405029,5.117993812416755,4.607168188650764,0.691153161953081,4.42484663185681,0.6792718340663283,0.691153161953081,0.691153161953081,4.270695952029551,4.607168188650764])",0.0
R019,"['travel', 'amount', 'speech', 'natural.', 'building', 'go', 'tough.', 'experts', 'discuss', 'ongoing', 'developments', 'policy.']","(10000,[502,3614,4237,4506,4687,5852,6451,6944,7036,7222,8681,9462],[3.914021008090819,0.691153161953081,5.523458920524919,0.691153161953081,0.691153161953081,3.914021008090819,3.914021008090819,2.8154087194227095,5.523458920524919,4.137164559405029,4.270695952029551,0.691153161953081])",1.0
F115,"['report', 'good', 'garden', 'gas', 'present', 'ground', 'tv.', 'different', 'soon', 'language', 'break', 'pass', 'consider.', '—', 'shocking', 'claims', 'immortal', 'jellyfish', 'surface', 'internet.']","(10000,[503,668,1041,1716,2066,5607,5850,5936,6168,6487,6505,6683,6751,7281,7936,8130,8338,8356,8392,9876],[0.691153161953081,3.914021008090819,4.42484663185681,4.137164559405029,2.7508701982851385,4.42484663185681,0.691153161953081,4.019381523748645,3.914021008090819,3.914021008090819,4.270695952029551,4.270695952029551,4.830311739964974,0.6792718340663283,0.691153161953081,4.607168188650764,0.691153161953081,4.607168188650764,4.42484663185681,2.7508701982851385])",0.0
R031,"['step', 'fly', 'threat', 'full', 'step.', 'teach', 'suddenly', 'around', 'through.', 'plan', 'expert', 'day', 'father.', 'experts', 'discuss', 'ongoing', 'developments', 'education.']","(10000,[781,914,1558,2835,3614,4506,4687,5047,5944,6123,6197,8070,8522,8581,8897,9132,9133,9462],[4.607168188650764,4.137164559405029,4.019381523748645,4.830311739964974,0.691153161953081,0.691153161953081,0.691153161953081,2.7200985396183848,3.914021008090819,4.019381523748645,4.137164559405029,3.914021008090819,4.270695952029551,4.607168188650764,4.019381523748645,5.523458920524919,3.8187108282864943,0.691153161953081])",1.0
R190,"['vote', 'tonight.', 'although', 'enjoy', 'half', 'raise', 'face.', 'experts', 'discuss', 'ongoing', 'developments', 'research.']","(10000,[1780,1805,3527,3614,4506,4687,7066,7779,9184,9214,9297,9462],[4.607168188650764,3.914021008090819,4.607168188650764,0.691153161953081,0.691153161953081,0.691153161953081,2.8844015909096608,3.125563647726549,4.830311739964974,4.42484663185681,5.117993812416755,0.691153161953081])",1.0
F057,"['something', 'drug', 'seem', 'change.', '—', 'shocking', 'claims', 'mind', 'control', 'surface', 'internet.']","(10000,[503,1208,2059,2588,3184,5850,7281,7860,7936,8338,9826],[0.691153161953081,2.849310271098391,2.6330871626287546,4.270695952029551,2.8154087194227095,0.691153161953081,0.6792718340663283,2.8154087194227095,0.691153161953081,0.691153161953081,4.830311739964974])",0.0
F158,"['moment', 'democratic', 'rate', 'baby.', 'let', 'avoid', 'kind', 'bank', 'anything', 'look', 'direction', 'book.', 'practice', 'democratic', 'draw', 'pay', 'office', 'popular.', '—', 'shocking', 'claims', 'immortal', 'jellyfish', 'surface', 'internet.']","(10000,[253,503,1388,2066,2114,3226,3401,4280,4897,5606,5850,6044,7281,7786,7936,8167,8267,8338,8344,8554,8982,9367,9876,9939],[4.137164559405029,0.691153161953081,4.42484663185681,2.7508701982851385,3.914021008090819,5.523458920524919,4.019381523748645,4.42484663185681,3.914021008090819,8.274329118810059,0.691153161953081,4.137164559405029,0.6792718340663283,4.830311739964974,0.691153161953081,4.137164559405029,4.607168188650764,0.691153161953081,3.7316994512968646,5.117993812416755,3.8187108282864943,4.137164559405029,2.7508701982851385,4.42484663185681])",0.0
F234,"['either', 'pull', 'ok.', 'almost', 'speech', 'word', 'show.', '—', 'shocking', 'claims', 'flat', 'earth', 'surface', 'internet.']","(10000,[502,503,2918,3205,3519,5553,5850,6597,7281,7936,8338,8566,9126,9676],[3.914021008090819,0.691153161953081,3.0385522707369192,5.117993812416755,3.914021008090819,5.117993812416755,0.691153161953081,4.270695952029551,0.6792718340663283,0.691153161953081,0.691153161953081,4.019381523748645,3.6516567436233283,3.0385522707369192])",0.0
F155,"['enough', 'girl', 'century', 'measure', 'include.', 'test', 'personal', 'them.', '—', 'shocking', 'claims', 'flat', 'earth', 'surface', 'internet.']","(10000,[503,528,1029,2918,4748,5850,6586,7281,7841,7936,7939,8338,8403,8957,9676],[0.691153161953081,4.607168188650764,4.42484663185681,3.0385522707369192,4.137164559405029,0.691153161953081,4.019381523748645,0.6792718340663283,4.270695952029551,0.691153161953081,3.8187108282864943,0.691153161953081,4.607168188650764,4.830311739964974,3.0385522707369192])",0.0
F106,"['picture', 'find', 'learn', 'happy', 'get', 'tax', 'word.', 'public', 'check', 'relate.', '—', 'shocking', 'claims', 'flat', 'earth', 'surface', 'internet.']","(10000,[503,1770,2481,2918,3901,5006,5347,5850,5967,6587,7281,7510,7848,7936,8338,9426,9676],[0.691153161953081,2.997730276216664,3.8187108282864943,3.0385522707369192,4.42484663185681,4.607168188650764,4.137164559405029,0.691153161953081,4.137164559405029,4.019381523748645,0.6792718340663283,4.270695952029551,5.523458920524919,0.691153161953081,0.691153161953081,4.137164559405029,3.0385522707369192])",0.0
R051,"['seat', 'indicate', 'simple', 'way', 'congress', 'program.', 'military', 'make', 'behavior', 'ago', 'director', 'report', 'job.', 'month', 'bad', 'skin', 'detail', 'full', 'forward', 'child', 'third.', 'experts', 'discuss', 'ongoing', 'developments', 'policy.']","(10000,[47,735,1143,1853,1896,2636,2913,3525,3614,4506,4687,5741,5833,5877,6485,6505,6944,7025,7244,7956,8151,8411,8728,8897,9391,9462],[3.8187108282864943,4.42484663185681,4.137164559405029,3.8187108282864943,4.137164559405029,5.523458920524919,3.8187108282864943,4.019381523748645,0.691153161953081,0.691153161953081,0.691153161953081,3.7316994512968646,4.42484663185681,4.270695952029551,5.117993812416755,4.270695952029551,2.8154087194227095,5.117993812416755,3.6516567436233283,4.607168188650764,4.270695952029551,3.2721671219184243,4.019381523748645,4.019381523748645,4.607168188650764,0.691153161953081])",1.0
R203,"['recently', 'among', 'reveal.', 'experts', 'discuss', 'ongoing', 'developments', 'education.']","(10000,[2006,2034,3614,4506,4687,5047,7362,9462],[4.830311739964974,4.270695952029551,0.691153161953081,0.691153161953081,0.691153161953081,2.7200985396183848,4.270695952029551,0.691153161953081])",1.0
F063,"['mother', 'tend', 'none', 'personal.', 'listen', 'school', 'become', 'mission', 'rest', 'reveal.', 'single', 'choice', 'plan', 'describe', 'candidate.', '—', 'shocking', 'claims', 'secret', 'cure', 'surface', 'internet.']","(10000,[354,429,503,547,1810,2006,2679,2708,3892,4404,5850,6053,6069,6123,6747,7085,7090,7281,7889,7936,8338,9831],[4.270695952029551,3.8187108282864943,0.691153161953081,5.117993812416755,4.270695952029551,4.830311739964974,4.137164559405029,3.4440173788450834,2.5530444549552183,5.117993812416755,0.691153161953081,3.914021008090819,4.42484663185681,4.019381523748645,2.5530444549552183,4.019381523748645,3.6516567436233283,0.6792718340663283,5.117993812416755,0.691153161953081,0.691153161953081,4.019381523748645])",0.0
R080,"['tell', 'nice', 'write.', 'bring', 'remain', 'break', 'although', 'draw', 'establish', 'series.', 'experts', 'discuss', 'ongoing', 'developments', 'policy.']","(10000,[668,1850,2923,3057,3370,3614,4506,4687,5205,6944,7779,8167,8667,9462,9593],[3.914021008090819,3.8187108282864943,3.8187108282864943,4.270695952029551,4.270695952029551,0.691153161953081,0.691153161953081,0.691153161953081,4.137164559405029,2.8154087194227095,3.125563647726549,4.137164559405029,5.117993812416755,0.691153161953081,4.830311739964974])",1.0
R226,"['player', 'director', 'debate', 'season', 'investment', 'town.', 'experts', 'discuss', 'ongoing', 'developments', 'public', 'health.']","(10000,[1562,1770,1853,2358,3614,4506,4687,6219,6278,6604,8276,9462],[4.42484663185681,2.997730276216664,3.8187108282864943,4.607168188650764,0.691153161953081,0.691153161953081,0.691153161953081,3.172083663361442,4.830311739964974,4.137164559405029,4.019381523748645,0.691153161953081])",1.0
F144,"['really', 'big', 'team.', 'occur', 'contain', 'help', 'eight', 'gun.', '—', 'shocking', 'claims', 'hoax', 'surface', 'internet.']","(10000,[503,1921,3048,4112,4377,5850,6021,7281,7493,7586,7936,8338,8482,9347],[0.691153161953081,4.42484663185681,4.019381523748645,4.42484663185681,2.60568818844064,0.691153161953081,4.42484663185681,0.6792718340663283,3.6516567436233283,4.607168188650764,0.691153161953081,0.691153161953081,4.270695952029551,5.117993812416755])",0.0
F241,"['owner', 'though', 'style', 'three', 'tend', 'operation.', 'good', 'work', 'around', 'son.', 'feel', 'experience', 'employee', 'leg', 'economy', 'fast.', '—', 'shocking', 'claims', 'flat', 'earth', 'surface', 'internet.']","(10000,[217,503,1440,1810,2918,3115,3385,3635,4831,5850,5887,5925,6053,6168,6197,6290,6548,7281,7936,8000,8338,9527,9676],[3.8187108282864943,0.691153161953081,5.523458920524919,4.270695952029551,3.0385522707369192,4.270695952029551,4.270695952029551,4.019381523748645,4.607168188650764,0.691153161953081,4.137164559405029,4.137164559405029,3.914021008090819,3.914021008090819,4.137164559405029,4.270695952029551,4.42484663185681,0.6792718340663283,0.691153161953081,4.42484663185681,0.691153161953081,4.270695952029551,3.0385522707369192])",0.0
R150,"['wife', 'far', 'maintain', 'beautiful', 'see', 'possible.', 'behind', 'environmental', 'less', 'claim', 'newspaper.', 'experts', 'discuss', 'ongoing', 'developments', 'election.']","(10000,[1195,1273,2272,3021,3556,3614,4158,4346,4506,4687,4737,5247,5354,6027,8937,9462],[3.6516567436233283,3.6516567436233283,4.607168188650764,4.270695952029551,2.8844015909096608,0.691153161953081,4.137164559405029,4.607168188650764,0.691153161953081,0.691153161953081,4.830311739964974,4.607168188650764,4.830311739964974,4.019381523748645,4.607168188650764,0.691153161953081])",1.0
R153,"['marriage', 'official', 'force.', 'quite', 'without', 'story', 'product', 'parent.', 'experts', 'discuss', 'ongoing', 'developments', 'research.']","(10000,[447,3614,4043,4506,4687,6056,6229,6291,6855,7066,7958,8485,9462],[4.830311739964974,0.691153161953081,4.42484663185681,0.691153161953081,0.691153161953081,3.914021008090819,4.42484663185681,4.830311739964974,4.830311739964974,2.8844015909096608,5.117993812416755,4.42484663185681,0.691153161953081])",1.0
F175,"['begin', 'wind', 'keep', 'like', 'life.', 'remember', 'collection', 'open', 'local', 'property', 'development', 'though.', '—', 'shocking', 'claims', 'hoax', 'surface', 'internet.']","(10000,[228,503,1513,2558,2733,2871,3330,4377,5535,5685,5783,5850,7281,7936,8209,8338,9012,9594],[4.270695952029551,0.691153161953081,4.270695952029551,4.270695952029551,4.607168188650764,4.42484663185681,5.117993812416755,2.60568818844064,5.523458920524919,4.830311739964974,4.607168188650764,0.691153161953081,0.6792718340663283,0.691153161953081,3.6516567436233283,0.691153161953081,5.523458920524919,4.42484663185681])",0.0
F161,"['team', 'conference', 'month', 'practice', 'bit', 'key', 'letter', 'glass.', 'blue', 'hold', 'until.', '—', 'shocking', 'claims', 'immortal', 'jellyfish', 'surface', 'internet.']","(10000,[468,503,564,1989,2066,2389,3131,4280,4430,5657,5741,5768,5850,7281,7936,8338,9432,9876],[4.019381523748645,0.691153161953081,4.42484663185681,4.42484663185681,2.7508701982851385,4.42484663185681,4.019381523748645,4.42484663185681,4.830311739964974,4.270695952029551,3.7316994512968646,4.137164559405029,0.691153161953081,0.6792718340663283,0.691153161953081,0.691153161953081,4.137164559405029,2.7508701982851385])",0.0
F147,"['agent', 'final', 'respond', 'alone', 'collection', 'spring', 'school', 'run.', 'agree', 'thought', 'write', 'tend.', 'worker', 'attorney', 'word', 'center', 'assume', 'use.', '—', 'shocking', 'claims', 'secret', 'cure', 'surface', 'internet.']","(10000,[55,503,1480,1644,1653,2492,2500,2664,2676,2679,3519,3892,4853,5016,5445,5797,5850,6747,6925,7281,7912,7936,8209,8338,9021],[5.117993812416755,0.691153161953081,4.019381523748645,4.019381523748645,3.914021008090819,4.42484663185681,5.117993812416755,3.6516567436233283,4.270695952029551,4.137164559405029,3.914021008090819,2.5530444549552183,4.830311739964974,4.270695952029551,3.914021008090819,5.117993812416755,0.691153161953081,2.5530444549552183,4.42484663185681,0.6792718340663283,5.117993812416755,0.691153161953081,3.6516567436233283,0.691153161953081,4.019381523748645])",0.0
F018,"['control', 'police', 'american', 'owner.', '—', 'shocking', 'claims', 'secret', 'cure', 'surface', 'internet.']","(10000,[503,1208,2634,3876,3892,5850,6747,7281,7652,7936,8338],[0.691153161953081,2.849310271098391,4.019381523748645,3.914021008090819,2.5530444549552183,0.691153161953081,2.5530444549552183,0.6792718340663283,4.607168188650764,0.691153161953081,0.691153161953081])",0.0
F211,"['star', 'lead', 'probably', 'administration.', 'laugh', 'yeah', 'explain', 'matter', 'name', 'technology', 'home', 'this.', '—', 'shocking', 'claims', 'celebrity', 'scandal', 'surface', 'internet.']","(10000,[15,503,1020,2297,2402,3249,3365,3486,3684,4921,4963,5170,5341,5356,5850,7098,7281,7936,8338],[3.7316994512968646,0.691153161953081,2.4324164671666035,4.42484663185681,4.019381523748645,3.7316994512968646,4.42484663185681,2.849310271098391,3.577548771469606,2.849310271098391,5.117993812416755,4.270695952029551,4.019381523748645,4.607168188650764,0.691153161953081,4.137164559405029,0.6792718340663283,0.691153161953081,0.691153161953081])",0.0
R117,"['example', 'reality', 'test', 'risk', 'director', 'fire', 'husband.', 'push', 'line', 'ball', 'pay', 'listen', 'natural', 'like.', 'experts', 'discuss', 'ongoing', 'developments', 'research.']","(10000,[429,680,1182,1853,3614,4506,4687,4897,4988,5191,5978,6586,7066,7492,8794,9142,9190,9462,9606],[3.8187108282864943,4.607168188650764,4.607168188650764,3.8187108282864943,0.691153161953081,0.691153161953081,0.691153161953081,3.914021008090819,4.270695952029551,4.019381523748645,4.270695952029551,4.019381523748645,2.8844015909096608,4.270695952029551,4.830311739964974,5.523458920524919,5.117993812416755,0.691153161953081,3.914021008090819])",1.0
F016,"['perform', 'decision', 'environmental', 'congress', 'type', 'rule', 'need.', 'fact', 'indeed', 'avoid', 'meet', 'whatever', 'military.', '—', 'shocking', 'claims', 'aliens', 'surface', 'internet.']","(10000,[343,503,650,1098,1388,2193,3526,4439,4934,5850,6027,6544,7215,7281,7695,7936,8338,8728,9940],[4.137164559405029,0.691153161953081,2.958509563063383,3.8187108282864943,4.42484663185681,4.019381523748645,4.607168188650764,5.117993812416755,4.270695952029551,0.691153161953081,4.019381523748645,4.607168188650764,4.137164559405029,0.6792718340663283,4.607168188650764,0.691153161953081,0.691153161953081,4.019381523748645,4.019381523748645])",0.0
F029,"['successful', 'bill', 'outside', 'several', 'themselves.', 'team', 'standard', 'might', 'authority', 'break', 'small.', 'laugh', 'pull', 'less', 'newspaper.', '—', 'shocking', 'claims', 'flat', 'earth', 'surface', 'internet.']","(10000,[468,503,668,1176,1195,2918,2967,3445,3924,4737,5659,5850,5853,6597,7098,7281,7936,8135,8338,8568,9227,9676],[4.019381523748645,0.691153161953081,3.914021008090819,4.607168188650764,3.6516567436233283,3.0385522707369192,4.137164559405029,4.607168188650764,4.137164559405029,4.830311739964974,4.830311739964974,0.691153161953081,4.42484663185681,4.270695952029551,4.137164559405029,0.6792718340663283,0.691153161953081,4.270695952029551,0.691153161953081,4.270695952029551,4.607168188650764,3.0385522707369192])",0.0
F205,"['drive', 'prevent', 'mother.', 'mr', 'total', 'popular.', '—', 'shocking', 'claims', 'celebrity', 'scandal', 'surface', 'internet.']","(10000,[503,2647,3252,3486,4921,5850,6279,6325,7177,7281,7786,7936,8338],[0.691153161953081,4.019381523748645,4.137164559405029,2.849310271098391,2.849310271098391,0.691153161953081,4.607168188650764,3.8187108282864943,4.830311739964974,0.6792718340663283,4.830311739964974,0.691153161953081,0.691153161953081])",0.0
R112,"['yard', 'mouth', 'drive', 'along', 'computer.', 'theory', 'offer', 'generation', 'customer', 'technology', 'quite.', 'really', 'fast', 'wrong.', 'experts', 'discuss', 'ongoing', 'developments', 'economic', 'growth.']","(10000,[424,1020,1413,1468,2840,2958,3614,4112,4506,4687,4905,6325,6963,7393,7497,8878,9034,9144,9263,9462],[4.830311739964974,2.4324164671666035,3.8187108282864943,4.137164559405029,4.42484663185681,3.7316994512968646,0.691153161953081,4.42484663185681,0.691153161953081,0.691153161953081,4.830311739964974,3.8187108282864943,4.019381523748645,5.523458920524919,4.42484663185681,4.830311739964974,2.849310271098391,2.455405985391302,3.8187108282864943,0.691153161953081])",1.0
F218,"['police', 'modern', 'expert', 'behavior', 'situation', 'strong.', 'none', 'military', 'pattern', 'dinner.', '—', 'shocking', 'claims', 'government', 'cover-up', 'surface', 'internet.']","(10000,[278,503,617,735,914,2259,2336,3136,3214,3876,5850,5877,7281,7936,8338,9813,9831],[4.607168188650764,0.691153161953081,3.8187108282864943,4.42484663185681,4.137164559405029,2.8154087194227095,3.7316994512968646,4.019381523748645,4.607168188650764,3.914021008090819,0.691153161953081,4.270695952029551,0.6792718340663283,0.691153161953081,0.691153161953081,2.997730276216664,4.019381523748645])",0.0
R187,"['indeed', 'event', 'pattern', 'finish', 'main', 'season.', 'customer', 'country', 'development', 'commercial', 'how.', 'stuff', 'certainly', 'final', 'series', 'six', 'similar.', 'experts', 'discuss', 'ongoing', 'developments', 'education.']","(10000,[617,673,1413,1637,1653,1776,2871,3614,4463,4506,4687,4934,5047,5401,6021,6443,6578,7140,7722,7728,7870,9462],[3.8187108282864943,3.914021008090819,3.8187108282864943,3.914021008090819,3.914021008090819,4.830311739964974,4.42484663185681,0.691153161953081,4.607168188650764,0.691153161953081,0.691153161953081,4.270695952029551,2.7200985396183848,4.019381523748645,4.42484663185681,3.8187108282864943,4.137164559405029,5.117993812416755,3.914021008090819,4.42484663185681,3.8187108282864943,0.691153161953081])",1.0
F087,"['make', 'difference', 'want.', 'response', 'evidence', 'ground', 'author', 'team', 'test.', '—', 'shocking', 'claims', 'celebrity', 'scandal', 'surface', 'internet.']","(10000,[468,503,2054,2445,3486,3525,4921,5850,6487,7281,7866,7936,8338,8960,9350,9637],[4.019381523748645,0.691153161953081,4.137164559405029,4.137164559405029,2.849310271098391,4.019381523748645,2.849310271098391,0.691153161953081,3.914021008090819,0.6792718340663283,5.117993812416755,0.691153161953081,0.691153161953081,4.607168188650764,4.270695952029551,5.117993812416755])",0.0
R171,"['pay', 'growth', 'knowledge.', 'produce', 'feel', 'common', 'visit', 'need.', 'standard', 'voice', 'without', 'upon', 'course.', 'experts', 'discuss', 'ongoing', 'developments', 'education.']","(10000,[320,698,1648,2967,3115,3530,3614,4043,4499,4506,4687,4897,5047,6332,6544,6735,6805,9462],[4.42484663185681,3.914021008090819,4.830311739964974,4.137164559405029,4.270695952029551,4.137164559405029,0.691153161953081,4.42484663185681,4.830311739964974,0.691153161953081,0.691153161953081,3.914021008090819,2.7200985396183848,4.019381523748645,4.607168188650764,4.137164559405029,5.117993812416755,0.691153161953081])",1.0
R113,"['enough', 'feel', 'nature', 'mr.', 'step', 'hit', 'step', 'modern', 'approach', 'growth.', 'put', 'bar', 'guy', 'yet', 'establish.', 'ever', 'society', 'share', 'keep', 'dog', 'end.', 'experts', 'discuss', 'ongoing', 'developments', 'technology', 'breakthrough.']","(10000,[94,327,1020,1558,2227,2336,3095,3115,3611,3614,3947,4037,4506,4687,4748,4959,5471,5594,5739,7332,8252,8871,9034,9462,9564,9594],[4.137164559405029,4.137164559405029,2.4324164671666035,8.03876304749729,2.7200985396183848,3.7316994512968646,4.270695952029551,4.270695952029551,4.137164559405029,0.691153161953081,4.42484663185681,3.914021008090819,0.691153161953081,0.691153161953081,4.137164559405029,5.117993812416755,4.607168188650764,4.42484663185681,5.117993812416755,4.270695952029551,4.270695952029551,4.830311739964974,2.849310271098391,0.691153161953081,4.019381523748645,4.42484663185681])",1.0
R222,"['check', 'sound', 'decade', 'word', 'crime.', 'want', 'picture', 'executive', 'police', 'sister', 'film', 'everybody.', 'experts', 'discuss', 'ongoing', 'developments', 'public', 'health.']","(10000,[278,1770,2481,2806,3519,3521,3614,3876,3901,4506,4687,5003,6030,6166,6219,7712,9462,9966],[4.607168188650764,2.997730276216664,3.8187108282864943,5.523458920524919,3.914021008090819,4.270695952029551,0.691153161953081,3.914021008090819,4.42484663185681,0.691153161953081,0.691153161953081,4.270695952029551,4.137164559405029,4.137164559405029,3.172083663361442,4.270695952029551,0.691153161953081,4.137164559405029])",1.0
F233,"['day', 'stuff', 'majority', 'high.', 'military', 'within', 'also', 'total', 'foreign', 'every', 'reach', 'investment.', '—', 'shocking', 'claims', 'secret', 'cure', 'surface', 'internet.']","(10000,[503,1734,3792,3892,5850,5877,6206,6279,6747,7281,7722,7936,8094,8338,8386,9133,9244,9681,9817],[0.691153161953081,4.830311739964974,3.914021008090819,2.5530444549552183,0.691153161953081,4.270695952029551,4.270695952029551,4.607168188650764,2.5530444549552183,0.6792718340663283,3.914021008090819,0.691153161953081,4.607168188650764,0.691153161953081,4.42484663185681,3.8187108282864943,4.137164559405029,3.914021008090819,3.4440173788450834])",0.0
R223,"['focus', 'discuss', 'light', 'these.', 'apply', 'partner', 'stop', 'sell', 'politics.', 'reduce', 'system', 'decade', 'sea', 'deep', 'building.', 'experts', 'discuss', 'ongoing', 'developments', 'climate', 'change.']","(10000,[116,211,796,821,1720,1762,2059,2278,3614,3931,3996,4485,4506,4687,5678,6030,7312,8159,9462,9617],[3.914021008090819,4.830311739964974,3.7316994512968646,2.849310271098391,3.8187108282864943,4.270695952029551,2.6330871626287546,5.523458920524919,1.382306323906162,3.2721671219184243,4.607168188650764,4.607168188650764,0.691153161953081,0.691153161953081,4.607168188650764,4.137164559405029,4.42484663185681,3.4440173788450834,0.691153161953081,4.137164559405029])",1.0
F224,"['region', 'reach', 'industry', 'provide', 'mind', 'myself.', 'look', 'door', 'together', 'executive', 'gas', 'factor', 'actually.', 'impact', 'country', 'shake', 'though', 'price', 'rule', 'position.', '—', 'shocking', 'claims', 'secret', 'cure', 'surface', 'internet.']","(10000,[343,503,1738,1819,1972,2180,2895,3010,3184,3385,3888,3892,4847,5607,5850,5946,6747,7281,7870,7936,8159,8312,8338,8386,9561,9939,9966],[4.137164559405029,0.691153161953081,4.607168188650764,5.117993812416755,4.830311739964974,4.137164559405029,5.523458920524919,4.42484663185681,2.8154087194227095,4.270695952029551,5.523458920524919,2.5530444549552183,4.42484663185681,4.42484663185681,0.691153161953081,4.270695952029551,2.5530444549552183,0.6792718340663283,3.8187108282864943,0.691153161953081,3.4440173788450834,5.117993812416755,0.691153161953081,4.42484663185681,4.42484663185681,4.42484663185681,4.137164559405029])",0.0
R181,"['country', 'sport', 'form', 'year', 'others', 'debate.', 'billion', 'recently', 'approach', 'inside', 'sell.', 'company', 'simply', 'painting', 'operation.', 'experts', 'discuss', 'ongoing', 'developments', 'climate', 'change.']","(10000,[258,821,942,1034,1310,1642,2034,2059,3095,3479,3614,4506,4687,5621,5887,6940,7870,8278,8899,9066,9462],[4.137164559405029,2.849310271098391,4.137164559405029,3.8187108282864943,5.117993812416755,3.914021008090819,4.270695952029551,2.6330871626287546,4.270695952029551,4.607168188650764,0.691153161953081,0.691153161953081,0.691153161953081,4.019381523748645,4.137164559405029,3.914021008090819,3.8187108282864943,4.42484663185681,4.607168188650764,4.137164559405029,0.691153161953081])",1.0
R056,"['success', 'meet', 'fly', 'himself.', 'kid', 'entire', 'our.', 'experts', 'discuss', 'ongoing', 'developments', 'public', 'health.']","(10000,[1770,3614,3723,3792,4506,4687,5944,6219,8824,9462,9621,9828,9940],[2.997730276216664,0.691153161953081,4.137164559405029,3.914021008090819,0.691153161953081,0.691153161953081,3.914021008090819,3.172083663361442,4.830311739964974,0.691153161953081,4.830311739964974,4.019381523748645,4.019381523748645])",1.0
R110,"['glass', 'ball', 'administration.', 'experts', 'discuss', 'ongoing', 'developments', 'education.']","(10000,[3614,3684,4506,4687,5047,6932,7492,9462],[0.691153161953081,3.577548771469606,0.691153161953081,0.691153161953081,2.7200985396183848,3.914021008090819,4.270695952029551,0.691153161953081])",1.0
R219,"['including', 'market', 'study', 'pattern.', 'kid', 'drug', 'evidence', 'right', 'admit.', 'experts', 'discuss', 'ongoing', 'developments', 'education.']","(10000,[1790,2054,2657,3614,3723,3761,4224,4506,4687,5047,7334,7860,8326,9462],[3.8187108282864943,4.137164559405029,3.4440173788450834,0.691153161953081,4.137164559405029,5.523458920524919,4.42484663185681,0.691153161953081,0.691153161953081,2.7200985396183848,4.270695952029551,2.8154087194227095,5.523458920524919,0.691153161953081])",1.0
R224,"['ask', 'exactly', 'culture', 'low', 'yeah', 'lose.', 'health', 'commercial', 'phone', 'town.', 'difference', 'loss', 'build', 'decade', 'paper.', 'experts', 'discuss', 'ongoing', 'developments', 'education.']","(10000,[1626,2096,3014,3249,3507,3614,4506,4687,5017,5047,5329,6030,6278,6443,7866,8411,8645,8805,9462,9766],[4.137164559405029,4.019381523748645,4.137164559405029,3.7316994512968646,4.830311739964974,0.691153161953081,0.691153161953081,0.691153161953081,5.523458920524919,2.7200985396183848,4.270695952029551,4.137164559405029,4.830311739964974,3.8187108282864943,5.117993812416755,3.2721671219184243,4.42484663185681,4.607168188650764,0.691153161953081,5.117993812416755])",1.0
F178,"['never', 'form', 'fly', 'miss', 'song.', 'line', 'interest', 'degree', 'company', 'stock', 'style.', '—', 'shocking', 'claims', 'immortal', 'jellyfish', 'surface', 'internet.']","(10000,[70,281,503,793,942,1071,1182,2066,3500,5621,5850,5944,6934,7281,7936,8338,9876,9943],[4.42484663185681,4.137164559405029,0.691153161953081,4.42484663185681,4.137164559405029,4.137164559405029,4.607168188650764,2.7508701982851385,5.523458920524919,4.019381523748645,0.691153161953081,3.914021008090819,5.117993812416755,0.6792718340663283,0.691153161953081,0.691153161953081,2.7508701982851385,4.270695952029551])",0.0
F074,"['technology', 'return', 'even', 'million', 'gun', 'walk.', 'center', 'adult', 'threat', 'amount', 'second', 'difference.', 'fear', 'really', 'maybe', 'seem.', '—', 'shocking', 'claims', 'secret', 'cure', 'surface', 'internet.']","(10000,[72,503,635,1020,1480,3892,4112,4502,4818,5850,6406,6747,7222,7281,7936,8070,8313,8338,8423,8651,8915,9256,9513],[4.019381523748645,0.691153161953081,3.8187108282864943,2.4324164671666035,4.019381523748645,2.5530444549552183,4.42484663185681,5.523458920524919,4.607168188650764,0.691153161953081,3.914021008090819,2.5530444549552183,4.137164559405029,0.6792718340663283,0.691153161953081,3.914021008090819,4.019381523748645,0.691153161953081,4.830311739964974,4.137164559405029,5.523458920524919,3.7316994512968646,3.7316994512968646])",0.0
R034,"['put', 'store', 'move.', 'ball', 'attack', 'top', 'time', 'finish', 'study.', 'experts', 'discuss', 'ongoing', 'developments', 'budget', 'report.']","(10000,[3614,4506,4687,4991,5328,5432,5693,5760,6578,7184,7492,8157,8625,8871,9462],[0.691153161953081,0.691153161953081,0.691153161953081,2.60568818844064,3.6516567436233283,2.7200985396183848,4.019381523748645,4.830311739964974,4.137164559405029,3.8187108282864943,4.270695952029551,4.607168188650764,5.117993812416755,4.830311739964974,0.691153161953081])",1.0
R095,"['else', 'suggest', 'even', 'few.', 'technology', 'turn', 'region', 'peace', 'war', 'movement.', 'consider', 'daughter', 'raise', 'hot', 'feel.', 'experts', 'discuss', 'ongoing', 'developments', 'policy.']","(10000,[312,682,1020,3527,3614,3886,4395,4506,4687,5034,6406,6697,6944,7623,7816,8159,8719,9462,9682,9693],[4.270695952029551,5.523458920524919,2.4324164671666035,4.607168188650764,0.691153161953081,3.914021008090819,5.523458920524919,0.691153161953081,0.691153161953081,4.42484663185681,3.914021008090819,4.137164559405029,2.8154087194227095,4.270695952029551,4.607168188650764,3.4440173788450834,3.914021008090819,0.691153161953081,4.830311739964974,4.42484663185681])",1.0
F011,"['task', 'religious', 'claim', 'seven', 'small', 'instead', 'cold.', 'also.', 'paper', 'beyond', 'imagine', 'catch', 'thank.', '—', 'shocking', 'claims', 'aliens', 'surface', 'internet.']","(10000,[222,503,650,798,1630,4293,4527,5301,5850,7281,7850,7936,7949,8121,8338,8451,8690,8900,8937],[4.270695952029551,0.691153161953081,2.958509563063383,4.830311739964974,5.117993812416755,4.42484663185681,4.270695952029551,4.830311739964974,0.691153161953081,0.6792718340663283,3.914021008090819,0.691153161953081,4.019381523748645,4.830311739964974,0.691153161953081,3.8187108282864943,4.270695952029551,4.137164559405029,4.607168188650764])",0.0
R162,"['around', 'law', 'interesting.', 'institution', 'expect', 'report', 'shoulder', 'worry', 'simply', 'worry.', 'learn', 'apply', 'friend', 'term', 'past', 'many', 'black', 'add.', 'experts', 'discuss', 'ongoing', 'developments', 'policy.']","(10000,[109,488,1642,1948,2188,3243,3614,3691,3979,4506,4687,5188,5967,6197,6505,6756,6944,7312,8343,8344,9231,9275,9462],[5.117993812416755,4.019381523748645,3.914021008090819,4.270695952029551,4.42484663185681,4.42484663185681,0.691153161953081,4.42484663185681,3.914021008090819,0.691153161953081,0.691153161953081,3.7316994512968646,4.137164559405029,4.137164559405029,4.270695952029551,3.8187108282864943,2.8154087194227095,4.42484663185681,4.270695952029551,3.7316994512968646,5.117993812416755,5.117993812416755,0.691153161953081])",1.0
R218,"['nice', 'apply', 'ago.', 'anything', 'indeed', 'month', 'mind', 'arrive', 'lawyer.', 'experts', 'discuss', 'ongoing', 'developments', 'election.']","(10000,[141,2114,3184,3370,3556,3614,4506,4687,4934,5741,7312,7391,7939,9462],[4.830311739964974,3.914021008090819,2.8154087194227095,4.270695952029551,2.8844015909096608,0.691153161953081,0.691153161953081,0.691153161953081,4.270695952029551,3.7316994512968646,4.42484663185681,4.607168188650764,3.8187108282864943,0.691153161953081])",1.0
F136,"['wind', 'safe', 'national', 'later', 'carry', 'picture', 'coach.', '—', 'shocking', 'claims', 'miracle', 'drug', 'surface', 'internet.']","(10000,[454,503,560,1256,1479,2481,2558,5850,7281,7642,7860,7910,7936,8338],[3.577548771469606,0.691153161953081,4.830311739964974,3.125563647726549,5.523458920524919,3.8187108282864943,4.270695952029551,0.691153161953081,0.6792718340663283,4.137164559405029,2.8154087194227095,4.270695952029551,0.691153161953081,0.691153161953081])",0.0
R108,"['social', 'hair', 'write', 'something.', 'interesting', 'contain', 'identify', 'range', 'nor.', 'experts', 'discuss', 'ongoing', 'developments', 'economic', 'growth.']","(10000,[165,823,3614,3634,3967,4240,4506,4687,5445,7493,7664,8439,9034,9144,9462],[3.6516567436233283,4.42484663185681,0.691153161953081,4.607168188650764,4.019381523748645,4.830311739964974,0.691153161953081,0.691153161953081,3.914021008090819,3.6516567436233283,4.607168188650764,5.117993812416755,2.849310271098391,2.455405985391302,0.691153161953081])",1.0
R186,"['thousand', 'relate', 'wear.', 'keep', 'serious', 'loss', 'say', 'get', 'enough.', 'environment', 'environmental', 'reveal', 'trouble', 'oil', 'small', 'word.', 'experts', 'discuss', 'ongoing', 'developments', 'research.']","(10000,[197,222,988,1117,1507,2407,2909,3529,3614,4506,4687,5006,5329,5862,6027,6035,6798,7066,9426,9462,9594],[5.523458920524919,4.270695952029551,4.137164559405029,3.7316994512968646,3.8187108282864943,3.914021008090819,4.607168188650764,5.523458920524919,0.691153161953081,0.691153161953081,0.691153161953081,4.607168188650764,4.270695952029551,3.8187108282864943,4.019381523748645,3.8187108282864943,5.117993812416755,2.8844015909096608,4.137164559405029,0.691153161953081,4.42484663185681])",1.0
R248,"['subject', 'method', 'fast', 'occur.', 'toward', 'range', 'parent', 'mention', 'order', 'off.', 'experts', 'discuss', 'ongoing', 'developments', 'technology', 'breakthrough.']","(10000,[165,1020,1226,2227,2516,2907,3194,3614,4506,4687,6015,8655,9078,9263,9462,9932],[3.6516567436233283,2.4324164671666035,4.607168188650764,2.7200985396183848,4.607168188650764,5.117993812416755,4.42484663185681,0.691153161953081,0.691153161953081,0.691153161953081,4.42484663185681,4.137164559405029,5.117993812416755,3.8187108282864943,0.691153161953081,4.019381523748645])",1.0
F045,"['recently', 'believe', 'true', 'must', 'pm', 'woman.', 'benefit', 'billion', 'conference.', 'lay', 'role', 'federal', 'enter.', 'fish', 'budget', 'specific.', '—', 'shocking', 'claims', 'immortal', 'jellyfish', 'surface', 'internet.']","(10000,[258,264,503,533,633,1023,1278,1376,1898,2034,2066,3350,4475,4991,5268,5653,5850,7026,7188,7281,7936,8338,9876],[4.137164559405029,5.117993812416755,0.691153161953081,4.270695952029551,4.019381523748645,4.42484663185681,5.523458920524919,4.137164559405029,4.607168188650764,4.270695952029551,2.7508701982851385,4.607168188650764,3.6516567436233283,2.60568818844064,5.117993812416755,3.914021008090819,0.691153161953081,4.270695952029551,3.8187108282864943,0.6792718340663283,0.691153161953081,0.691153161953081,2.7508701982851385])",0.0
F092,"['assume', 'international', 'election', 'current', 'cell.', 'visit', 'success', 'care', 'production', 'president', 'not.', 'newspaper', 'training', 'determine', 'decision.', '—', 'shocking', 'claims', 'secret', 'cure', 'surface', 'internet.']","(10000,[132,188,503,698,1306,2664,3238,3892,5310,5377,5850,6747,7281,7538,7734,7936,8338,8353,8549,9121,9189,9828],[4.270695952029551,4.607168188650764,0.691153161953081,3.914021008090819,4.137164559405029,3.6516567436233283,4.270695952029551,2.5530444549552183,4.270695952029551,5.117993812416755,0.691153161953081,2.5530444549552183,0.6792718340663283,4.270695952029551,4.270695952029551,0.691153161953081,0.691153161953081,4.137164559405029,4.830311739964974,4.830311739964974,4.270695952029551,4.019381523748645])",0.0
R100,"['sign', 'president', 'doctor', 'either', 'admit', 'social', 'enjoy', 'ok.', 'test', 'level', 'fish', 'author', 'company', 'party', 'early.', 'experts', 'discuss', 'ongoing', 'developments', 'technology', 'breakthrough.']","(10000,[777,823,942,1020,1306,1376,1379,1499,1805,2227,3614,3753,4506,4687,5553,6586,6756,8714,9126,9350,9462],[4.137164559405029,4.42484663185681,4.137164559405029,2.4324164671666035,4.137164559405029,4.137164559405029,3.8187108282864943,3.8187108282864943,3.914021008090819,2.7200985396183848,0.691153161953081,4.830311739964974,0.691153161953081,0.691153161953081,5.117993812416755,4.019381523748645,3.8187108282864943,4.830311739964974,3.6516567436233283,4.270695952029551,0.691153161953081])",1.0
F075,"['candidate', 'first', 'court', 'old', 'gas', 'crime', 'measure.', 'however', 'appear', 'choose', 'anything', 'many', 'simply.', '—', 'shocking', 'claims', 'miracle', 'drug', 'surface', 'internet.']","(10000,[503,731,816,911,1256,2114,4358,4568,5188,5587,5607,5850,6403,7083,7281,7860,7936,8182,8338,9706],[0.691153161953081,4.830311739964974,5.117993812416755,4.607168188650764,3.125563647726549,3.914021008090819,4.270695952029551,4.42484663185681,3.7316994512968646,5.117993812416755,4.42484663185681,0.691153161953081,3.914021008090819,4.42484663185681,0.6792718340663283,2.8154087194227095,0.691153161953081,4.607168188650764,0.691153161953081,3.914021008090819])",0.0
R059,"['various', 'level', 'room', 'within', 'senior.', 'build', 'send', 'boy', 'candidate.', 'book', 'central', 'however', 'art', 'quite', 'catch.', 'industry', 'player', 'fire.', 'experts', 'discuss', 'ongoing', 'developments', 'technology', 'breakthrough.']","(10000,[157,393,494,547,911,1020,1499,2227,3010,3014,3614,4506,4687,5523,5854,6056,6426,6604,6647,7854,8438,8928,9462,9817],[3.4440173788450834,4.42484663185681,4.019381523748645,5.117993812416755,4.607168188650764,2.4324164671666035,3.8187108282864943,2.7200985396183848,4.42484663185681,4.137164559405029,0.691153161953081,0.691153161953081,0.691153161953081,4.270695952029551,5.117993812416755,3.914021008090819,5.117993812416755,4.137164559405029,4.270695952029551,4.137164559405029,5.117993812416755,4.830311739964974,0.691153161953081,3.4440173788450834])",1.0
F213,"['decade', 'necessary', 'these.', '—', 'shocking', 'claims', 'hoax', 'surface', 'internet.']","(10000,[503,4377,5678,5850,6030,7281,7936,7979,8338],[0.691153161953081,2.60568818844064,4.607168188650764,0.691153161953081,4.137164559405029,0.6792718340663283,0.691153161953081,4.607168188650764,0.691153161953081])",0.0
R233,"['friend', 'science', 'allow', 'pm', 'green', 'mention', 'improve.', 'experts', 'discuss', 'ongoing', 'developments', 'education.']","(10000,[488,551,2907,3363,3614,4506,4687,4835,5047,5564,7026,9462],[4.019381523748645,4.607168188650764,5.117993812416755,4.607168188650764,0.691153161953081,0.691153161953081,0.691153161953081,4.42484663185681,2.7200985396183848,4.830311739964974,4.270695952029551,0.691153161953081])",1.0
F072,"['get', 'vote', 'benefit', 'bit', 'parent', 'hotel', 'ready.', 'charge', 'scene', 'suggest', 'world', 'beyond.', 'land', 'course', 'eight', 'continue', 'fund', 'rule.', 'head', 'government', 'onto', 'investment.', '—', 'shocking', 'claims', 'mind', 'control', 'surface', 'internet.']","(10000,[142,503,743,1064,1208,1734,1989,2259,2663,3184,3652,3978,4319,4638,5653,5844,5850,6812,7148,7281,7711,7816,7936,8338,8482,9214,9360,9426,9932],[4.830311739964974,0.691153161953081,3.6516567436233283,4.830311739964974,2.849310271098391,4.830311739964974,4.42484663185681,2.8154087194227095,4.137164559405029,2.8154087194227095,3.577548771469606,5.117993812416755,3.5085558999826545,4.830311739964974,3.914021008090819,3.914021008090819,0.691153161953081,4.019381523748645,4.019381523748645,0.6792718340663283,4.607168188650764,4.607168188650764,0.691153161953081,0.691153161953081,4.270695952029551,4.42484663185681,4.137164559405029,4.137164559405029,4.019381523748645])",0.0
R184,"['smile', 'skill', 'idea', 'activity', 'expect.', 'speak', 'read', 'break', 'identify', 'life', 'drop.', 'analysis', 'station', 'box', 'south', 'majority.', 'experts', 'discuss', 'ongoing', 'developments', 'budget', 'report.']","(10000,[668,1296,2713,3477,3614,3709,3967,4506,4687,4732,4816,4991,5432,5958,7650,7922,8110,8219,8415,8852,9462,9968],[3.914021008090819,4.830311739964974,4.137164559405029,4.137164559405029,0.691153161953081,4.607168188650764,4.019381523748645,0.691153161953081,0.691153161953081,4.137164559405029,3.914021008090819,2.60568818844064,2.7200985396183848,4.137164559405029,4.019381523748645,3.6516567436233283,4.019381523748645,5.117993812416755,4.137164559405029,5.523458920524919,0.691153161953081,4.137164559405029])",1.0
F134,"['activity', 'election', 'good.', 'part', 'yet', 'allow', 'pull.', '—', 'shocking', 'claims', 'secret', 'cure', 'surface', 'internet.']","(10000,[132,503,1612,3079,3892,4037,4835,5850,6747,7281,7936,8110,8338,8740],[4.270695952029551,0.691153161953081,4.607168188650764,4.019381523748645,2.5530444549552183,3.914021008090819,4.42484663185681,0.691153161953081,2.5530444549552183,0.6792718340663283,0.691153161953081,4.019381523748645,0.691153161953081,4.607168188650764])",0.0
R096,"['record', 'audience', 'join', 'language.', 'far', 'important', 'goal', 'everything', 'boy', 'movie', 'dark.', 'tend', 'success', 'bring', 'move', 'professor', 'us.', 'experts', 'discuss', 'ongoing', 'developments', 'research.']","(10000,[157,1312,1439,1810,1967,2543,3057,3614,4158,4347,4506,4687,5089,6282,6717,7066,8952,9156,9462,9679,9828,9998],[3.4440173788450834,4.607168188650764,3.914021008090819,4.270695952029551,4.270695952029551,3.6516567436233283,4.270695952029551,0.691153161953081,4.137164559405029,4.270695952029551,0.691153161953081,0.691153161953081,3.6516567436233283,4.270695952029551,5.117993812416755,2.8844015909096608,4.019381523748645,3.8187108282864943,0.691153161953081,4.830311739964974,4.019381523748645,4.830311739964974])",1.0
R020,"['image', 'edge', 'give', 'ask', 'fire', 'major.', 'oil', 'magazine', 'similar', 'add', 'republican', 'somebody', 'second', 'beat.', 'experts', 'discuss', 'ongoing', 'developments', 'policy.']","(10000,[3089,3507,3614,3783,3921,4506,4616,4687,5191,5303,6035,6944,7046,8413,9256,9462,9612,9829,9887],[4.42484663185681,4.830311739964974,0.691153161953081,5.117993812416755,4.019381523748645,0.691153161953081,4.42484663185681,0.691153161953081,4.019381523748645,4.270695952029551,3.8187108282864943,2.8154087194227095,4.137164559405029,3.914021008090819,3.7316994512968646,0.691153161953081,4.42484663185681,4.607168188650764,4.42484663185681])",1.0
R067,"['pay', 'listen', 'paper.', 'sing', 'begin', 'list', 'four', 'main', 'near', 'since.', 'feel', 'short', 'break', 'base.', 'experts', 'discuss', 'ongoing', 'developments', 'policy.']","(10000,[429,668,1243,1262,1513,1637,3115,3614,4506,4687,4897,5974,6451,6838,6944,7699,8728,9462,9766],[3.8187108282864943,3.914021008090819,4.019381523748645,3.7316994512968646,4.270695952029551,3.914021008090819,4.270695952029551,0.691153161953081,0.691153161953081,0.691153161953081,3.914021008090819,4.270695952029551,3.914021008090819,4.830311739964974,2.8154087194227095,5.523458920524919,4.019381523748645,0.691153161953081,5.117993812416755])",1.0
R215,"['design', 'authority.', 'return', 'beat', 'crime', 'somebody', 'during.', 'machine', 'hundred', 'certain', 'safe', 'manage', 'early.', 'experts', 'discuss', 'ongoing', 'developments', 'education.']","(10000,[635,731,2006,2569,3089,3614,3753,3922,4506,4687,5047,5175,7098,7642,7883,8040,9288,9462],[3.8187108282864943,4.830311739964974,4.830311739964974,3.6516567436233283,4.42484663185681,0.691153161953081,4.830311739964974,4.830311739964974,0.691153161953081,0.691153161953081,2.7200985396183848,3.914021008090819,4.137164559405029,4.137164559405029,5.117993812416755,3.2721671219184243,4.137164559405029,0.691153161953081])",1.0
R127,"['hour', 'finally', 'involve', 'station', 'happen', 'prepare.', 'morning', 'final', 'option', 'away', 'teacher', 'lawyer.', 'bank', 'glass', 'price', 'four', 'congress', 'message.', 'radio', 'man', 'site', 'scene', 'suddenly.', 'experts', 'discuss', 'ongoing', 'developments', 'policy.']","(10000,[141,527,1243,1653,1738,1817,2041,2569,3160,3386,3614,3737,4506,4687,4704,5844,5891,6271,6932,6944,7055,8415,8708,8728,8982,9086,9462,9613],[4.830311739964974,4.830311739964974,4.019381523748645,3.914021008090819,4.607168188650764,4.42484663185681,5.117993812416755,3.6516567436233283,4.42484663185681,5.523458920524919,0.691153161953081,4.019381523748645,0.691153161953081,0.691153161953081,4.270695952029551,3.914021008090819,4.137164559405029,4.270695952029551,3.914021008090819,2.8154087194227095,5.117993812416755,4.137164559405029,4.830311739964974,4.019381523748645,3.8187108282864943,4.137164559405029,0.691153161953081,4.607168188650764])",1.0
R235,"['hope', 'number', 'lead', 'friend.', 'thing', 'car', 'white', 'mean', 'all.', 'less', 'remain', 'marriage', 'fire', 'face', 'physical', 'call.', 'experts', 'discuss', 'ongoing', 'developments', 'technology', 'breakthrough.']","(10000,[909,1020,1195,1535,2227,3228,3244,3614,3674,3857,4034,4506,4687,5191,5205,5356,5843,6000,6229,8519,8649,9462],[4.270695952029551,2.4324164671666035,3.6516567436233283,5.523458920524919,2.7200985396183848,5.523458920524919,5.523458920524919,0.691153161953081,4.137164559405029,4.42484663185681,4.270695952029551,0.691153161953081,0.691153161953081,4.019381523748645,4.137164559405029,4.607168188650764,4.137164559405029,3.6516567436233283,4.42484663185681,4.607168188650764,4.42484663185681,0.691153161953081])",1.0
R163,"['know', 'yes', 'start', 'according.', 'speech', 'hard', 'reveal', 'north', 'box', 'age.', 'experts', 'discuss', 'ongoing', 'developments', 'climate', 'change.']","(10000,[502,821,1507,1778,2059,2996,3614,4262,4506,4687,5044,5125,7779,7922,9462,9907],[3.914021008090819,2.849310271098391,3.8187108282864943,4.830311739964974,2.6330871626287546,3.6516567436233283,0.691153161953081,5.117993812416755,0.691153161953081,0.691153161953081,4.607168188650764,4.42484663185681,3.125563647726549,3.6516567436233283,0.691153161953081,5.117993812416755])",1.0
R002,"['professional', 'war', 'main', 'improve', 'back.', 'degree', 'quite', 'national', 'hundred.', 'stand', 'especially', 'company', 'material', 'smile.', 'experts', 'discuss', 'ongoing', 'developments', 'education.']","(10000,[942,1637,2110,2155,2408,3231,3614,4506,4687,4827,5047,6056,6886,7692,7910,8173,8719,9462,9943],[4.137164559405029,3.914021008090819,5.523458920524919,5.523458920524919,4.019381523748645,3.914021008090819,0.691153161953081,0.691153161953081,0.691153161953081,5.117993812416755,2.7200985396183848,3.914021008090819,4.019381523748645,5.523458920524919,4.270695952029551,4.607168188650764,3.914021008090819,0.691153161953081,4.270695952029551])",1.0
R021,"['pull', 'education.', 'dinner', 'answer', 'research', 'measure.', 'experts', 'discuss', 'ongoing', 'developments', 'education.']","(10000,[2240,3614,3619,4506,4687,5047,5587,6597,9432,9462],[5.117993812416755,0.691153161953081,4.137164559405029,0.691153161953081,0.691153161953081,5.4401970792367695,5.117993812416755,4.270695952029551,4.137164559405029,0.691153161953081])",1.0
R013,"['newspaper', 'gun', 'agent', 'local', 'forget.', 'woman', 'leader', 'budget.', 'experts', 'discuss', 'ongoing', 'developments', 'technology', 'breakthrough.']","(10000,[228,497,1020,1222,1526,2227,3238,3614,4506,4563,4687,5016,8313,9462],[4.270695952029551,4.830311739964974,2.4324164671666035,5.523458920524919,4.137164559405029,2.7200985396183848,4.270695952029551,0.691153161953081,0.691153161953081,4.137164559405029,0.691153161953081,4.270695952029551,4.019381523748645,0.691153161953081])",1.0
F195,"['perform', 'little', 'rich', 'say', 'word.', 'ability', 'example', 'anyone', 'mission', 'environment', 'simply.', 'dark', 'office', 'matter', 'over.', '—', 'shocking', 'claims', 'flat', 'earth', 'surface', 'internet.']","(10000,[503,666,697,816,1098,1590,2402,2407,2918,3681,4202,5006,5850,5862,6069,6212,7281,7936,8338,8344,9606,9676],[0.691153161953081,4.42484663185681,4.607168188650764,5.117993812416755,3.8187108282864943,4.42484663185681,4.019381523748645,3.914021008090819,3.0385522707369192,4.270695952029551,5.523458920524919,4.607168188650764,0.691153161953081,3.8187108282864943,4.42484663185681,3.914021008090819,0.6792718340663283,0.691153161953081,0.691153161953081,3.7316994512968646,3.914021008090819,3.0385522707369192])",0.0
R101,"['rise', 'threat', 'sense', 'cell', 'something', 'high', 'stuff.', 'baby', 'career', 'fine', 'specific', 'degree.', 'experts', 'discuss', 'ongoing', 'developments', 'research.']","(10000,[1348,2059,2116,2825,3210,3614,4506,4687,4816,4928,4930,5447,6431,7066,8070,9462,9826],[4.019381523748645,2.6330871626287546,4.270695952029551,5.117993812416755,4.830311739964974,0.691153161953081,0.691153161953081,0.691153161953081,3.914021008090819,4.830311739964974,3.8187108282864943,3.577548771469606,4.019381523748645,2.8844015909096608,3.914021008090819,0.691153161953081,4.830311739964974])",1.0
R055,"['compare', 'collection', 'security', 'weight', 'many.', 'skill', 'evidence', 'news', 'skill', 'marriage.', 'seat', 'majority', 'cell', 'hot.', 'write', 'hair', 'successful', 'stand', 'them.', 'experts', 'discuss', 'ongoing', 'developments', 'research.']","(10000,[47,1344,2054,2433,2634,2846,3210,3614,4498,4506,4687,5445,5659,6886,7066,7664,8004,8209,8957,9244,9246,9462,9968],[3.8187108282864943,5.523458920524919,4.137164559405029,5.117993812416755,4.019381523748645,4.607168188650764,4.830311739964974,0.691153161953081,5.523458920524919,0.691153161953081,0.691153161953081,3.914021008090819,4.830311739964974,4.019381523748645,2.8844015909096608,4.607168188650764,3.6516567436233283,3.6516567436233283,4.830311739964974,4.137164559405029,4.019381523748645,0.691153161953081,8.274329118810059])",1.0
F190,"['majority', 'white', 'exactly', 'speech', 'operation', 'fire.', '—', 'shocking', 'claims', 'secret', 'cure', 'surface', 'internet.']","(10000,[502,503,2096,3892,5843,5850,5854,5922,6747,7281,7936,8338,9244],[3.914021008090819,0.691153161953081,4.019381523748645,2.5530444549552183,4.137164559405029,0.691153161953081,5.117993812416755,4.42484663185681,2.5530444549552183,0.6792718340663283,0.691153161953081,0.691153161953081,4.137164559405029])",0.0
R004,"['dog', 'since', 'rock.', 'whether', 'right', 'reveal', 'she.', 'experts', 'discuss', 'ongoing', 'developments', 'education.']","(10000,[1507,1733,1790,3406,3614,4506,4687,5047,6287,9296,9462,9564],[3.8187108282864943,4.830311739964974,3.8187108282864943,4.42484663185681,0.691153161953081,0.691153161953081,0.691153161953081,2.7200985396183848,4.270695952029551,5.523458920524919,0.691153161953081,4.019381523748645])",1.0
F080,"['wind', 'market', 'war', 'bank', 'should.', 'us', 'ago', 'fact', 'reason', 'medical.', 'century', 'dog', 'call', 'sign', 'boy.', '—', 'shocking', 'claims', 'celebrity', 'scandal', 'surface', 'internet.']","(10000,[320,503,1896,2558,2657,2944,3486,4921,5146,5850,6660,6756,7215,7281,7841,7936,8046,8338,8719,8982,9210,9564],[4.42484663185681,0.691153161953081,4.137164559405029,4.270695952029551,3.4440173788450834,4.137164559405029,2.849310271098391,2.849310271098391,4.137164559405029,0.691153161953081,4.42484663185681,3.8187108282864943,4.137164559405029,0.6792718340663283,4.270695952029551,0.691153161953081,5.117993812416755,0.691153161953081,3.914021008090819,3.8187108282864943,4.42484663185681,4.019381523748645])",0.0
F049,"['somebody', 'generation', 'study', 'month', 'star', 'oil', 'ready.', 'establish', 'religious', 'simple', 'seven', 'group', 'organization.', '—', 'shocking', 'claims', 'hoax', 'surface', 'internet.']","(10000,[503,2913,2923,3089,3978,4224,4293,4377,5170,5741,5850,6035,6963,7281,7766,7850,7936,8270,8338],[0.691153161953081,3.8187108282864943,3.8187108282864943,4.42484663185681,5.117993812416755,4.42484663185681,4.42484663185681,2.60568818844064,4.270695952029551,3.7316994512968646,0.691153161953081,3.8187108282864943,4.019381523748645,0.6792718340663283,4.607168188650764,3.914021008090819,0.691153161953081,5.523458920524919,0.691153161953081])",0.0
F184,"['tell', 'difficult', 'southern', 'per', 'factor', 'reason.', 'partner', 'compare', 'government', 'best.', '—', 'shocking', 'claims', 'secret', 'cure', 'surface', 'internet.']","(10000,[116,298,503,1712,1850,2259,3743,3892,5375,5850,6043,6747,7281,7936,8338,9246,9561],[3.914021008090819,4.019381523748645,0.691153161953081,4.019381523748645,3.8187108282864943,2.8154087194227095,4.270695952029551,2.5530444549552183,5.117993812416755,0.691153161953081,5.523458920524919,2.5530444549552183,0.6792718340663283,0.691153161953081,0.691153161953081,4.019381523748645,4.42484663185681])",0.0
F030,"['threat', 'information', 'worry', 'quickly', 'skin', 'image', 'game.', 'often', 'sea', 'eat', 'make', 'rise', 'national.', '—', 'shocking', 'claims', 'secret', 'cure', 'surface', 'internet.']","(10000,[7,503,3391,3525,3892,4816,5303,5498,5833,5850,6747,7276,7281,7682,7936,8070,8190,8338,8343,9617],[3.914021008090819,0.691153161953081,4.270695952029551,4.019381523748645,2.5530444549552183,3.914021008090819,4.270695952029551,5.117993812416755,4.42484663185681,0.691153161953081,2.5530444549552183,4.019381523748645,0.6792718340663283,5.523458920524919,0.691153161953081,3.914021008090819,4.137164559405029,0.691153161953081,4.270695952029551,4.137164559405029])",0.0
R213,"['necessary', 'serious.', 'strong', 'site', 'voice', 'describe.', 'store', 'accept', 'explain.', 'soon', 'know', 'also.', 'experts', 'discuss', 'ongoing', 'developments', 'budget', 'report.']","(10000,[1041,1439,2657,3530,3605,3614,4506,4687,4991,5432,5891,6355,7184,7309,7779,7979,8121,9462],[4.42484663185681,3.914021008090819,3.4440173788450834,4.137164559405029,4.830311739964974,0.691153161953081,0.691153161953081,0.691153161953081,2.60568818844064,2.7200985396183848,4.137164559405029,4.42484663185681,3.8187108282864943,4.830311739964974,3.125563647726549,4.607168188650764,4.830311739964974,0.691153161953081])",1.0
F128,"['magazine', 'simply', 'fine', 'mr', 'seat', 'pay.', 'source', 'day', 'of.', '—', 'shocking', 'claims', 'immortal', 'jellyfish', 'surface', 'internet.']","(10000,[47,503,1642,1676,2066,2647,2759,5850,6431,7281,7721,7936,8338,8413,9133,9876],[3.8187108282864943,0.691153161953081,3.914021008090819,5.523458920524919,2.7508701982851385,4.019381523748645,5.117993812416755,0.691153161953081,4.019381523748645,0.6792718340663283,4.607168188650764,0.691153161953081,0.691153161953081,3.914021008090819,3.8187108282864943,2.7508701982851385])",0.0
R231,"['rich', 'artist', 'level', 'country.', 'manager', 'enter', 'federal', 'man', 'carry.', 'experts', 'discuss', 'ongoing', 'developments', 'policy.']","(10000,[633,1499,1652,2569,3614,3881,4506,4687,6212,6944,7435,8931,9062,9462],[4.019381523748645,3.8187108282864943,4.270695952029551,3.6516567436233283,0.691153161953081,5.117993812416755,0.691153161953081,0.691153161953081,3.914021008090819,2.8154087194227095,3.8187108282864943,4.830311739964974,5.523458920524919,0.691153161953081])",1.0
R061,"['modern', 'movement', 'rich', 'single.', 'war', 'house', 'far', 'tell', 'perhaps.', 'friend', 'experience', 'figure', 'guy.', 'experts', 'discuss', 'ongoing', 'developments', 'technology', 'breakthrough.']","(10000,[488,1020,1850,2227,2336,3489,3614,3635,4110,4158,4506,4687,4775,5294,5441,5836,6212,8719,9462],[4.019381523748645,2.4324164671666035,3.8187108282864943,2.7200985396183848,3.7316994512968646,4.830311739964974,0.691153161953081,4.019381523748645,4.42484663185681,4.137164559405029,0.691153161953081,0.691153161953081,5.523458920524919,4.607168188650764,5.523458920524919,4.830311739964974,3.914021008090819,3.914021008090819,0.691153161953081])",1.0
R137,"['tell', 'management', 'forget', 'play', 'drive', 'significant', 'cold', 'leg.', 'knowledge', 'follow', 'economic', 'girl', 'short', 'during.', 'increase', 'nice', 'similar', 'evening.', 'industry', 'sound', 'end', 'many.', 'experts', 'discuss', 'ongoing', 'developments', 'education.']","(10000,[453,1029,1238,1241,1262,1850,2173,2846,3010,3370,3614,3920,4011,4506,4687,5047,6166,6325,7046,7098,7146,7864,7963,8552,9144,9367,9462],[4.019381523748645,4.42484663185681,5.523458920524919,3.8187108282864943,3.7316994512968646,3.8187108282864943,4.830311739964974,4.607168188650764,4.42484663185681,4.270695952029551,0.691153161953081,4.42484663185681,5.523458920524919,0.691153161953081,0.691153161953081,2.7200985396183848,4.137164559405029,3.8187108282864943,4.137164559405029,4.137164559405029,4.019381523748645,5.117993812416755,5.117993812416755,4.137164559405029,2.455405985391302,4.137164559405029,0.691153161953081])",1.0
R185,"['wait', 'trial', 'want.', 'speak', 'town.', 'step', 'lay', 'full.', 'key', 'left', 'water.', 'experts', 'discuss', 'ongoing', 'developments', 'technology', 'breakthrough.']","(10000,[1020,1558,1662,2227,3131,3410,3614,3973,4475,4506,4687,4732,5477,6278,8993,9462,9637],[2.4324164671666035,4.019381523748645,4.42484663185681,2.7200985396183848,4.019381523748645,4.019381523748645,0.691153161953081,5.523458920524919,3.6516567436233283,0.691153161953081,0.691153161953081,4.137164559405029,4.270695952029551,4.830311739964974,4.830311739964974,0.691153161953081,5.117993812416755])",1.0
R204,"['director', 'movie', 'room', 'answer', 'quickly', 'capital', 'kitchen', 'resource.', 'wish', 'response', 'source.', 'argue', 'dinner', 'method', 'dinner.', 'item', 'machine', 'assume', 'recently', 'beat', 'dream.', 'experts', 'discuss', 'ongoing', 'developments', 'technology', 'breakthrough.']","(10000,[494,495,756,1020,1439,1853,1916,2034,2227,2240,2430,2445,2569,2664,3214,3391,3614,3619,3707,3730,4506,4687,6015,6484,6541,8040,9462],[4.019381523748645,4.270695952029551,4.607168188650764,2.4324164671666035,3.914021008090819,3.8187108282864943,4.830311739964974,4.270695952029551,2.7200985396183848,5.117993812416755,4.830311739964974,4.137164559405029,3.6516567436233283,3.6516567436233283,4.607168188650764,4.270695952029551,0.691153161953081,4.137164559405029,5.523458920524919,4.270695952029551,0.691153161953081,0.691153161953081,4.42484663185681,5.523458920524919,4.607168188650764,3.2721671219184243,0.691153161953081])",1.0
F217,"['thus', 'coach', 'organization', 'size.', 'know', 'campaign', 'many', 'serious', 'purpose.', 'build', 'per', 'travel', 'work.', 'season', 'big', 'interview', 'issue', 'floor.', '—', 'shocking', 'claims', 'immortal', 'jellyfish', 'surface', 'internet.']","(10000,[298,360,503,1117,1364,2066,2358,2920,3014,3048,3514,5188,5684,5850,6035,6532,6616,6675,7281,7779,7936,8338,8681,8734,9876],[4.019381523748645,5.117993812416755,0.691153161953081,3.7316994512968646,4.270695952029551,2.7508701982851385,4.607168188650764,5.117993812416755,4.137164559405029,4.019381523748645,4.270695952029551,3.7316994512968646,4.42484663185681,0.691153161953081,3.8187108282864943,5.523458920524919,3.6516567436233283,4.137164559405029,0.6792718340663283,3.125563647726549,0.691153161953081,0.691153161953081,4.270695952029551,5.523458920524919,2.7508701982851385])",0.0
F176,"['street', 'hot', 'send', 'high', 'term.', 'long', 'minute', 'simply', 'choose', 'student', 'bank.', '—', 'shocking', 'claims', 'miracle', 'drug', 'surface', 'internet.']","(10000,[503,1256,1642,2116,3357,3536,3684,5523,5850,6533,7281,7860,7936,8338,8904,9615,9693,9706],[0.691153161953081,3.125563647726549,3.914021008090819,4.270695952029551,4.42484663185681,4.270695952029551,3.577548771469606,4.270695952029551,0.691153161953081,5.117993812416755,0.6792718340663283,2.8154087194227095,0.691153161953081,0.691153161953081,4.137164559405029,4.830311739964974,4.42484663185681,3.914021008090819])",0.0
R245,"['significant', 'simply', 'happen', 'near', 'late', 'point', 'spring.', 'concern', 'amount', 'life', 'station', 'movie', 'project', 'long', 'because.', 'figure', 'manager', 'trade', 'civil.', 'experts', 'discuss', 'ongoing', 'developments', 'technology', 'breakthrough.']","(10000,[419,1020,1439,1642,1652,1968,2227,2230,3079,3477,3614,4110,4416,4464,4506,4687,4704,5974,6793,7222,8415,8552,8904,9183,9462],[4.42484663185681,2.4324164671666035,3.914021008090819,3.914021008090819,4.270695952029551,5.523458920524919,2.7200985396183848,4.607168188650764,4.019381523748645,4.137164559405029,0.691153161953081,4.42484663185681,4.270695952029551,4.830311739964974,0.691153161953081,0.691153161953081,4.270695952029551,4.270695952029551,5.117993812416755,4.137164559405029,4.137164559405029,4.137164559405029,4.137164559405029,5.523458920524919,0.691153161953081])",1.0
R104,"['personal', 'floor', 'kind', 'different', 'shake', 'nothing.', 'degree', 'see', 'quickly.', 'role', 'war', 'within', 'art', 'moment', 'pull.', 'experts', 'discuss', 'ongoing', 'developments', 'election.']","(10000,[1612,2180,3350,3401,3556,3614,3818,4319,4506,4687,5354,6044,6683,7854,7939,8661,8719,9462,9817,9943],[4.607168188650764,4.137164559405029,4.607168188650764,4.019381523748645,2.8844015909096608,0.691153161953081,5.523458920524919,3.5085558999826545,0.691153161953081,0.691153161953081,4.830311739964974,4.137164559405029,4.270695952029551,4.137164559405029,3.8187108282864943,5.117993812416755,3.914021008090819,0.691153161953081,3.4440173788450834,4.270695952029551])",1.0
F156,"['participant', 'man', 'decision', 'wife', 'student.', 'standard', 'center', 'people', 'goal.', 'better', 'several', 'available', 'deal.', '—', 'shocking', 'claims', 'flat', 'earth', 'surface', 'internet.']","(10000,[503,935,1099,1480,2193,2475,2543,2569,2918,2967,3021,4263,5396,5850,7281,7936,8338,9227,9470,9676],[0.691153161953081,5.523458920524919,4.42484663185681,4.019381523748645,4.019381523748645,4.607168188650764,3.6516567436233283,3.6516567436233283,3.0385522707369192,4.137164559405029,4.270695952029551,4.607168188650764,4.42484663185681,0.691153161953081,0.6792718340663283,0.691153161953081,0.691153161953081,4.607168188650764,5.523458920524919,3.0385522707369192])",0.0
R194,"['art', 'set', 'response.', 'experts', 'discuss', 'ongoing', 'developments', 'election.']","(10000,[1868,3556,3614,4506,4687,5342,7854,9462],[4.830311739964974,2.8844015909096608,0.691153161953081,0.691153161953081,0.691153161953081,4.42484663185681,4.137164559405029,0.691153161953081])",1.0
R161,"['get', 'major', 'although.', 'skin', 'environment', 'small.', 'fund', 'new', 'soldier', 'organization', 'million.', 'experts', 'discuss', 'ongoing', 'developments', 'technology', 'breakthrough.']","(10000,[585,1020,1058,1364,2227,2407,3445,3614,4141,4506,4638,4687,5833,6852,7724,9426,9462],[5.117993812416755,2.4324164671666035,4.42484663185681,4.270695952029551,2.7200985396183848,3.914021008090819,4.607168188650764,0.691153161953081,4.607168188650764,0.691153161953081,4.830311739964974,0.691153161953081,4.42484663185681,5.117993812416755,4.830311739964974,4.137164559405029,0.691153161953081])",1.0
F113,"['republican', 'first', 'military', 'attention', 'light', 'administration.', 'task', 'republican', 'peace', 'note.', '—', 'shocking', 'claims', 'immortal', 'jellyfish', 'surface', 'internet.']","(10000,[503,1720,2066,3144,3684,4616,5850,5877,6403,6697,7281,7936,8338,8451,9599,9876],[0.691153161953081,3.8187108282864943,2.7508701982851385,4.830311739964974,3.577548771469606,8.84969326371362,0.691153161953081,4.270695952029551,3.914021008090819,4.137164559405029,0.6792718340663283,0.691153161953081,0.691153161953081,3.8187108282864943,5.117993812416755,2.7508701982851385])",0.0
F150,"['candidate', 'fly', 'card.', 'whatever', 'theory', 'difficult', 'remember.', '—', 'shocking', 'claims', 'hoax', 'surface', 'internet.']","(10000,[503,1468,1712,2092,4358,4377,5849,5850,5944,7281,7695,7936,8338],[0.691153161953081,4.137164559405029,4.019381523748645,5.117993812416755,4.270695952029551,2.60568818844064,5.523458920524919,0.691153161953081,3.914021008090819,0.6792718340663283,4.607168188650764,0.691153161953081,0.691153161953081])",0.0
F047,"['type', 'tax', 'sense', 'determine', 'great', 'compare.', 'friend', 'responsibility', 'born', 'particular', 'cold', 'perform.', '—', 'shocking', 'claims', 'miracle', 'drug', 'surface', 'internet.']","(10000,[488,503,750,1256,3502,3526,3920,4570,5447,5850,6587,7281,7734,7860,7936,8338,8984,9513,9545],[4.019381523748645,0.691153161953081,4.42484663185681,3.125563647726549,4.42484663185681,4.607168188650764,4.42484663185681,5.523458920524919,3.577548771469606,0.691153161953081,4.019381523748645,0.6792718340663283,4.270695952029551,2.8154087194227095,0.691153161953081,0.691153161953081,4.270695952029551,3.7316994512968646,4.607168188650764])",0.0
F008,"['discover', 'reason', 'memory', 'community', 'carry', 'smile.', 'east', 'begin', 'take', 'understand', 'conference', 'citizen', 'dream.', '—', 'shocking', 'claims', 'hoax', 'surface', 'internet.']","(10000,[8,454,503,855,1513,2430,2944,4170,4377,4827,5657,5850,6487,6576,6941,7281,7936,8174,8338],[4.137164559405029,3.577548771469606,0.691153161953081,4.607168188650764,4.270695952029551,4.830311739964974,4.137164559405029,4.607168188650764,2.60568818844064,5.117993812416755,4.270695952029551,0.691153161953081,3.914021008090819,4.607168188650764,4.42484663185681,0.6792718340663283,0.691153161953081,4.137164559405029,0.691153161953081])",0.0
F229,"['miss', 'figure', 'role', 'theory', 'executive.', 'range', 'another', 'move', 'letter', 'american', 'expert.', '—', 'shocking', 'claims', 'aliens', 'surface', 'internet.']","(10000,[165,503,564,650,751,1071,1468,1510,3350,4110,5850,6282,7281,7652,7936,8166,8338],[3.6516567436233283,0.691153161953081,4.42484663185681,2.958509563063383,5.117993812416755,4.137164559405029,4.137164559405029,5.523458920524919,4.607168188650764,4.42484663185681,0.691153161953081,4.270695952029551,0.6792718340663283,4.607168188650764,0.691153161953081,4.137164559405029,0.691153161953081])",0.0
R001,"['general', 'organization', 'prove', 'beat', 'pull.', 'also', 'say', 'money.', 'face', 'customer', 'lawyer.', 'modern', 'vote', 'need', 'second', 'newspaper', 'board', 'for.', 'experts', 'discuss', 'ongoing', 'developments', 'research.']","(10000,[25,141,1364,1413,1612,2336,2569,3238,3614,3792,4034,4241,4506,4687,5214,5465,5862,6537,7066,7454,9214,9256,9462],[5.117993812416755,4.830311739964974,4.270695952029551,3.8187108282864943,4.607168188650764,3.7316994512968646,3.6516567436233283,4.270695952029551,0.691153161953081,3.914021008090819,4.270695952029551,5.523458920524919,0.691153161953081,0.691153161953081,4.607168188650764,3.914021008090819,3.8187108282864943,4.270695952029551,2.8844015909096608,4.270695952029551,4.42484663185681,3.7316994512968646,0.691153161953081])",1.0
R241,"['hold', 'save', 'themselves.', 'wall', 'others', 'foreign', 'month', 'use.', 'experts', 'discuss', 'ongoing', 'developments', 'public', 'health.']","(10000,[1770,2389,3614,4506,4520,4687,5741,5853,6206,6219,6404,6940,9021,9462],[2.997730276216664,4.42484663185681,0.691153161953081,0.691153161953081,4.270695952029551,0.691153161953081,3.7316994512968646,4.42484663185681,4.270695952029551,3.172083663361442,4.607168188650764,3.914021008090819,4.019381523748645,0.691153161953081])",1.0
R198,"['goal', 'big', 'land', 'yet', 'hope', 'let.', 'full', 'talk.', 'moment', 'box', 'machine', 'enter', 'history.', 'experts', 'discuss', 'ongoing', 'developments', 'climate', 'change.']","(10000,[821,2059,3048,3401,3564,3614,3809,4037,4506,4687,5089,6000,7148,7424,7435,7922,8040,8897,9462],[2.849310271098391,2.6330871626287546,4.019381523748645,4.019381523748645,5.117993812416755,0.691153161953081,5.523458920524919,3.914021008090819,0.691153161953081,0.691153161953081,3.6516567436233283,3.6516567436233283,4.019381523748645,5.117993812416755,3.8187108282864943,3.6516567436233283,3.2721671219184243,4.019381523748645,0.691153161953081])",1.0
R229,"['whose', 'seat', 'individual', 'environment', 'forward', 'protect.', 'process', 'rather', 'everybody', 'animal', 'dog', 'particular.', 'experts', 'discuss', 'ongoing', 'developments', 'research.']","(10000,[47,2407,2561,2837,3614,4506,4687,7066,7360,8040,8411,8614,8633,8693,9462,9539,9564],[3.8187108282864943,3.914021008090819,5.117993812416755,4.019381523748645,0.691153161953081,0.691153161953081,0.691153161953081,2.8844015909096608,4.019381523748645,3.2721671219184243,3.2721671219184243,4.137164559405029,4.830311739964974,5.523458920524919,0.691153161953081,4.270695952029551,4.019381523748645])",1.0
R205,"['team', 'true', 'cover', 'month.', 'spend', 'glass', 'success', 'range', 'bag.', 'experts', 'discuss', 'ongoing', 'developments', 'public', 'health.']","(10000,[165,353,468,1481,1770,3614,4506,4687,5891,6104,6219,6932,7188,9462,9828],[3.6516567436233283,4.830311739964974,4.019381523748645,4.830311739964974,2.997730276216664,0.691153161953081,0.691153161953081,0.691153161953081,4.137164559405029,4.137164559405029,3.172083663361442,3.914021008090819,3.8187108282864943,0.691153161953081,4.019381523748645])",1.0
F123,"['budget', 'modern', 'scene', 'green', 'stop', 'dream', 'growth.', 'challenge', 'week', 'baby.', 'director', 'wish', 'leader', 'beyond.', '—', 'shocking', 'claims', 'celebrity', 'scandal', 'surface', 'internet.']","(10000,[142,495,503,551,796,1526,1853,2336,2366,3486,4921,4991,5122,5844,5850,5935,7281,7936,8338,9034,9367],[4.830311739964974,4.270695952029551,0.691153161953081,4.607168188650764,3.7316994512968646,4.137164559405029,3.8187108282864943,3.7316994512968646,3.914021008090819,2.849310271098391,2.849310271098391,2.60568818844064,4.42484663185681,3.914021008090819,0.691153161953081,4.137164559405029,0.6792718340663283,0.691153161953081,0.691153161953081,2.849310271098391,4.137164559405029])",0.0
F043,"['join', 'drug', 'happen.', 'seat', 'everything', 'police', 'lot', 'group', 'address.', '—', 'shocking', 'claims', 'celebrity', 'scandal', 'surface', 'internet.']","(10000,[47,503,1259,3486,3876,4921,4943,5850,6235,7281,7766,7860,7936,8338,8952,9156],[3.8187108282864943,0.691153161953081,4.270695952029551,2.849310271098391,3.914021008090819,2.849310271098391,4.42484663185681,0.691153161953081,5.117993812416755,0.6792718340663283,4.607168188650764,2.8154087194227095,0.691153161953081,0.691153161953081,4.019381523748645,3.8187108282864943])",0.0
F097,"['natural', 'smile', 'party', 'paper', 'art', 'lead.', 'available', 'society', 'employee', 'day', 'draw', 'wear', 'chair.', 'personal', 'smile', 'matter', 'friend', 'prevent', 'daughter.', '—', 'shocking', 'claims', 'celebrity', 'scandal', 'surface', 'internet.']","(10000,[327,488,503,1379,1584,2402,2475,2713,3252,3486,4921,4988,5850,6548,6581,6836,7281,7386,7854,7936,7939,8167,8338,8690,9133],[4.137164559405029,4.019381523748645,0.691153161953081,3.8187108282864943,5.523458920524919,4.019381523748645,4.607168188650764,8.274329118810059,4.137164559405029,2.849310271098391,2.849310271098391,4.270695952029551,0.691153161953081,4.42484663185681,4.607168188650764,4.830311739964974,0.6792718340663283,5.117993812416755,4.137164559405029,0.691153161953081,3.8187108282864943,4.137164559405029,0.691153161953081,4.270695952029551,3.8187108282864943])",0.0
R014,"['character', 'answer', 'remain', 'chance', 'plan.', 'usually', 'dream', 'worker', 'lot', 'buy', 'guy', 'attack', 'often.', 'activity', 'lose', 'method', 'see.', 'experts', 'discuss', 'ongoing', 'developments', 'research.']","(10000,[80,94,346,2366,2676,2990,3614,3619,4422,4506,4687,4867,4943,5205,5693,6015,6975,7066,8110,8757,9087,9462],[4.137164559405029,4.137164559405029,4.607168188650764,3.914021008090819,4.270695952029551,4.42484663185681,0.691153161953081,4.137164559405029,4.607168188650764,0.691153161953081,0.691153161953081,4.607168188650764,4.42484663185681,4.137164559405029,4.019381523748645,4.42484663185681,5.523458920524919,2.8844015909096608,4.019381523748645,5.117993812416755,5.523458920524919,0.691153161953081])",1.0
F005,"['rate', 'participant', 'experience', 'military.', 'student', 'lay', 'scientist.', '—', 'shocking', 'claims', 'flat', 'earth', 'surface', 'internet.']","(10000,[253,503,2918,3536,3635,4439,4475,5396,5850,7281,7936,8338,9166,9676],[4.137164559405029,0.691153161953081,3.0385522707369192,4.270695952029551,4.019381523748645,5.117993812416755,3.6516567436233283,4.42484663185681,0.691153161953081,0.6792718340663283,0.691153161953081,0.691153161953081,4.607168188650764,3.0385522707369192])",0.0
R234,"['heavy', 'position', 'else.', 'instead', 'official', 'probably', 'effect', 'sound', 'fish.', 'school', 'art', 'term', 'may', 'republican.', 'experts', 'discuss', 'ongoing', 'developments', 'research.']","(10000,[1339,2188,2297,2679,3471,3614,4506,4527,4687,5966,6166,6324,7066,7854,8485,8949,9160,9462,9757],[4.42484663185681,4.42484663185681,4.42484663185681,4.137164559405029,5.117993812416755,0.691153161953081,0.691153161953081,4.270695952029551,0.691153161953081,5.523458920524919,4.137164559405029,4.019381523748645,2.8844015909096608,4.137164559405029,4.42484663185681,4.42484663185681,3.8187108282864943,0.691153161953081,5.523458920524919])",1.0
F143,"['sound', 'write', 'project.', 'source', 'value.', 'determine', 'notice', 'white', 'design.', '—', 'shocking', 'claims', 'aliens', 'surface', 'internet.']","(10000,[490,503,650,1525,5101,5445,5843,5850,6166,7281,7425,7721,7734,7936,8338],[5.523458920524919,0.691153161953081,2.958509563063383,4.607168188650764,5.117993812416755,3.914021008090819,4.137164559405029,0.691153161953081,4.137164559405029,0.6792718340663283,4.830311739964974,4.607168188650764,4.270695952029551,0.691153161953081,0.691153161953081])",0.0
R073,"['start', 'blue', 'watch', 'store', 'we.', 'office', 'center', 'listen.', 'race', 'box', 'forward', 'rest', 'activity', 'not.', 'experts', 'discuss', 'ongoing', 'developments', 'economic', 'growth.']","(10000,[454,1480,2412,2708,2826,2996,3614,4506,4687,5768,7184,7922,8110,8344,8411,9034,9121,9144,9462],[3.577548771469606,4.019381523748645,4.607168188650764,6.888034757690167,5.523458920524919,3.6516567436233283,0.691153161953081,0.691153161953081,0.691153161953081,4.137164559405029,3.8187108282864943,3.6516567436233283,4.019381523748645,3.7316994512968646,3.2721671219184243,2.849310271098391,4.830311739964974,2.455405985391302,0.691153161953081])",1.0
R239,"['weight', 'way', 'across.', 'red', 'subject', 'positive', 'radio', 'plant', 'action.', 'experts', 'discuss', 'ongoing', 'developments', 'education.']","(10000,[1,52,3614,4506,4687,5047,5627,7244,8004,8655,9086,9213,9391,9462],[4.270695952029551,4.270695952029551,0.691153161953081,0.691153161953081,0.691153161953081,2.7200985396183848,4.607168188650764,3.6516567436233283,3.6516567436233283,4.137164559405029,4.137164559405029,5.523458920524919,4.607168188650764,0.691153161953081])",1.0
F181,"['magazine', 'agency', 'write', 'director.', 'become', 'lead', 'rest', 'government', 'explain.', 'agreement', 'usually', 'reason', 'guess', 'change.', '—', 'shocking', 'claims', 'aliens', 'surface', 'internet.']","(10000,[503,650,765,2059,2259,2708,2944,2990,3605,5356,5445,5850,7090,7281,7936,8338,8408,8413,8660],[0.691153161953081,2.958509563063383,4.270695952029551,2.6330871626287546,2.8154087194227095,3.4440173788450834,4.137164559405029,4.42484663185681,4.830311739964974,4.607168188650764,3.914021008090819,0.691153161953081,3.6516567436233283,0.6792718340663283,0.691153161953081,0.691153161953081,5.523458920524919,7.828042016181638,4.830311739964974])",0.0
R138,"['task', 'man', 'move', 'bar.', 'value', 'fight', 'save', 'mr.', 'light', 'hotel', 'decide', 'book', 'voice.', 'experts', 'discuss', 'ongoing', 'developments', 'election.']","(10000,[217,393,1720,1811,2526,2569,2663,3556,3614,4506,4520,4687,5471,6282,7403,8293,8451,9462],[3.8187108282864943,4.42484663185681,3.8187108282864943,4.830311739964974,3.914021008090819,3.6516567436233283,4.137164559405029,2.8844015909096608,0.691153161953081,0.691153161953081,4.270695952029551,0.691153161953081,4.607168188650764,4.270695952029551,4.607168188650764,4.830311739964974,3.8187108282864943,0.691153161953081])",1.0
R172,"['teach', 'shake', 'hope', 'rate.', 'customer', 'sure', 'us.', 'experts', 'discuss', 'ongoing', 'developments', 'economic', 'growth.']","(10000,[1413,1637,1821,2180,3614,4506,4687,6000,8522,9034,9144,9462,9679],[3.8187108282864943,3.914021008090819,3.914021008090819,4.137164559405029,0.691153161953081,0.691153161953081,0.691153161953081,3.6516567436233283,4.270695952029551,2.849310271098391,2.455405985391302,0.691153161953081,4.830311739964974])",1.0
R143,"['ball', 'campaign', 'develop', 'discuss', 'until.', 'body', 'president', 'build', 'son', 'bring', 'must.', 'system', 'compare', 'kitchen', 'laugh', 'but.', 'experts', 'discuss', 'ongoing', 'developments', 'policy.']","(10000,[209,756,841,1241,1306,3014,3057,3614,3739,3996,4430,4506,4687,6675,6944,7098,7492,8927,9246,9462],[4.607168188650764,4.607168188650764,4.42484663185681,3.8187108282864943,4.137164559405029,4.137164559405029,4.270695952029551,1.382306323906162,5.523458920524919,4.607168188650764,4.830311739964974,0.691153161953081,0.691153161953081,4.137164559405029,2.8154087194227095,4.137164559405029,4.270695952029551,5.117993812416755,4.019381523748645,0.691153161953081])",1.0
F166,"['alone', 'last', 'happy', 'allow.', 'maintain', 'pattern', 'soldier', 'tell.', '—', 'shocking', 'claims', 'mind', 'control', 'surface', 'internet.']","(10000,[503,617,1208,2492,3184,3989,4141,5247,5347,5850,7281,7601,7936,8338,9083],[0.691153161953081,3.8187108282864943,2.849310271098391,4.42484663185681,2.8154087194227095,4.607168188650764,4.607168188650764,4.607168188650764,4.137164559405029,0.691153161953081,0.6792718340663283,5.117993812416755,0.691153161953081,0.691153161953081,4.830311739964974])",0.0
R003,"['sound', 'international', 'nothing', 'different', 'writer.', 'experts', 'discuss', 'ongoing', 'developments', 'budget', 'report.']","(10000,[188,3614,4292,4506,4687,4991,5432,6166,6683,7857,9462],[4.607168188650764,0.691153161953081,4.607168188650764,0.691153161953081,0.691153161953081,2.60568818844064,2.7200985396183848,4.137164559405029,4.270695952029551,5.117993812416755,0.691153161953081])",1.0
R167,"['another', 'final', 'lose', 'doctor', 'walk', 'imagine.', 'trouble', 'yet', 'again.', 'experts', 'discuss', 'ongoing', 'developments', 'climate', 'change.']","(10000,[777,821,1653,1898,2059,2909,3614,4037,4422,4506,4687,6142,8166,9026,9462],[4.137164559405029,2.849310271098391,3.914021008090819,4.607168188650764,2.6330871626287546,4.607168188650764,0.691153161953081,3.914021008090819,4.607168188650764,0.691153161953081,0.691153161953081,4.830311739964974,4.137164559405029,5.117993812416755,0.691153161953081])",1.0
R183,"['everything', 'street', 'well', 'center', 'management', 'close.', 'experts', 'discuss', 'ongoing', 'developments', 'climate', 'change.']","(10000,[157,821,1241,1480,2059,3614,3684,4506,4687,7937,9156,9462],[3.4440173788450834,2.849310271098391,3.8187108282864943,4.019381523748645,2.6330871626287546,0.691153161953081,3.577548771469606,0.691153161953081,0.691153161953081,5.117993812416755,3.8187108282864943,0.691153161953081])",1.0
R238,"['plant', 'office', 'system', 'their.', 'purpose', 'action', 'soldier', 'argue', 'prevent', 'deep.', 'experts', 'discuss', 'ongoing', 'developments', 'technology', 'breakthrough.']","(10000,[1020,1982,2227,3252,3614,3730,3996,4108,4141,4506,4687,6633,7244,8089,8344,9462],[2.4324164671666035,5.523458920524919,2.7200985396183848,4.137164559405029,0.691153161953081,4.270695952029551,4.607168188650764,5.523458920524919,4.607168188650764,0.691153161953081,0.691153161953081,3.914021008090819,3.6516567436233283,4.42484663185681,3.7316994512968646,0.691153161953081])",1.0
R041,"['process', 'including', 'exactly', 'thus', 'light', 'necessary', 'there.', 'market', 'fire', 'exist', 'door', 'become', 'east.', 'experts', 'discuss', 'ongoing', 'developments', 'election.']","(10000,[1167,1720,2096,2657,3556,3614,4506,4687,4847,5191,5684,5804,6602,7090,7334,7979,8040,9462],[4.830311739964974,3.8187108282864943,4.019381523748645,3.4440173788450834,2.8844015909096608,0.691153161953081,0.691153161953081,0.691153161953081,4.42484663185681,4.019381523748645,4.42484663185681,5.523458920524919,4.42484663185681,3.6516567436233283,4.270695952029551,4.607168188650764,3.2721671219184243,0.691153161953081])",1.0
F237,"['since', 'hope', 'upon', 'necessary', 'whatever.', 'finish', 'speak', 'question', 'language', 'assume.', 'reflect', 'work', 'stage', 'technology', 'grow.', 'window', 'cost', 'you.', '—', 'shocking', 'claims', 'government', 'cover-up', 'surface', 'internet.']","(10000,[4,30,503,1020,1553,1716,2259,2403,2947,4490,4732,5321,5850,6000,6287,6578,6735,7281,7936,7979,8094,8338,8550,9527,9813],[5.523458920524919,4.137164559405029,0.691153161953081,2.4324164671666035,5.523458920524919,4.137164559405029,2.8154087194227095,4.137164559405029,4.019381523748645,4.137164559405029,4.137164559405029,4.607168188650764,0.691153161953081,3.6516567436233283,4.270695952029551,4.137164559405029,4.137164559405029,0.6792718340663283,0.691153161953081,4.607168188650764,4.607168188650764,0.691153161953081,4.830311739964974,4.270695952029551,2.997730276216664])",0.0
R086,"['size', 'save', 'citizen', 'coach', 'southern', 'fall', 'south.', 'quickly', 'leader', 'former', 'share', 'adult.', 'experts', 'discuss', 'ongoing', 'developments', 'research.']","(10000,[8,1526,3192,3391,3514,3614,3729,3743,3947,4160,4506,4520,4640,4687,7066,7904,9462],[4.137164559405029,4.137164559405029,4.270695952029551,4.270695952029551,4.270695952029551,0.691153161953081,4.607168188650764,4.270695952029551,4.42484663185681,4.137164559405029,0.691153161953081,4.270695952029551,5.117993812416755,0.691153161953081,2.8844015909096608,5.117993812416755,0.691153161953081])",1.0
R240,"['soon', 'national', 'manage', 'sign.', 'hope', 'onto', 'agency', 'couple', 'whether', 'race', 'husband', 'state.', 'experts', 'discuss', 'ongoing', 'developments', 'policy.']","(10000,[454,765,1041,3406,3614,4319,4506,4687,6000,6944,7208,7702,7883,7910,8929,9414,9462],[3.577548771469606,4.270695952029551,4.42484663185681,4.42484663185681,0.691153161953081,3.5085558999826545,0.691153161953081,0.691153161953081,3.6516567436233283,2.8154087194227095,4.137164559405029,4.42484663185681,5.117993812416755,4.270695952029551,4.830311739964974,5.523458920524919,0.691153161953081])",1.0
R133,"['blue', 'rather', 'staff', 'two', 'room', 'show', 'either.', 'finish', 'economic', 'capital', 'voice', 'little.', 'experts', 'discuss', 'ongoing', 'developments', 'public', 'health.']","(10000,[494,1770,2837,3530,3614,4019,4506,4687,4728,5768,6219,6224,6541,6578,7632,7709,9144,9462],[4.019381523748645,2.997730276216664,4.019381523748645,4.137164559405029,0.691153161953081,4.019381523748645,0.691153161953081,0.691153161953081,4.270695952029551,4.137164559405029,3.172083663361442,3.914021008090819,4.607168188650764,4.137164559405029,4.830311739964974,4.607168188650764,2.455405985391302,0.691153161953081])",1.0
F044,"['need', 'say', 'animal', 'trip', 'too.', 'modern', 'tv', 'with.', 'hotel', 'good', 'vote.', '—', 'shocking', 'claims', 'hoax', 'surface', 'internet.']","(10000,[503,2336,2663,4377,4547,5782,5850,5862,6168,6537,6878,7281,7360,7640,7936,8338,9873],[0.691153161953081,3.7316994512968646,4.137164559405029,2.60568818844064,4.270695952029551,4.270695952029551,0.691153161953081,3.8187108282864943,3.914021008090819,4.270695952029551,5.117993812416755,0.6792718340663283,4.019381523748645,5.117993812416755,0.691153161953081,0.691153161953081,5.523458920524919])",0.0
F125,"['plan', 'choose', 'base.', 'amount', 'current', 'note.', 'financial', 'election', 'quite', 'thank', 'next.', '—', 'shocking', 'claims', 'government', 'cover-up', 'surface', 'internet.']","(10000,[132,503,1687,2259,5844,5850,6056,6123,6838,7222,7281,7407,7936,8338,9189,9599,9706,9813],[4.270695952029551,0.691153161953081,4.137164559405029,2.8154087194227095,3.914021008090819,0.691153161953081,3.914021008090819,4.019381523748645,4.830311739964974,4.137164559405029,0.6792718340663283,4.270695952029551,0.691153161953081,0.691153161953081,4.270695952029551,5.117993812416755,3.914021008090819,2.997730276216664])",0.0
F165,"['ask', 'choice', 'economic', 'simple', 'create', 'writer.', 'success', 'everyone', 'office', 'issue', 'rise', 'which.', 'environmental', 'plan', 'politics', 'century.', '—', 'shocking', 'claims', 'secret', 'cure', 'surface', 'internet.']","(10000,[503,1404,2788,2913,3507,3892,4816,5850,5887,6027,6053,6123,6315,6616,6747,7281,7857,7936,8338,8344,8893,9144,9828],[0.691153161953081,4.607168188650764,5.523458920524919,3.8187108282864943,4.830311739964974,2.5530444549552183,3.914021008090819,0.691153161953081,4.137164559405029,4.019381523748645,3.914021008090819,4.019381523748645,5.117993812416755,3.6516567436233283,2.5530444549552183,0.6792718340663283,5.117993812416755,0.691153161953081,0.691153161953081,3.7316994512968646,4.137164559405029,2.455405985391302,4.019381523748645])",0.0
F137,"['issue', 'town', 'beautiful', 'technology', 'personal.', 'air', 'contain', 'sense', 'point', 'let.', '—', 'shocking', 'claims', 'flat', 'earth', 'surface', 'internet.']","(10000,[88,503,1020,1273,2918,3564,4404,4416,4715,5447,5850,6616,7281,7493,7936,8338,9676],[4.607168188650764,0.691153161953081,2.4324164671666035,3.6516567436233283,3.0385522707369192,5.117993812416755,5.117993812416755,4.270695952029551,4.270695952029551,3.577548771469606,0.691153161953081,3.6516567436233283,0.6792718340663283,3.6516567436233283,0.691153161953081,0.691153161953081,3.0385522707369192])",0.0
R088,"['seem', 'production', 'technology', 'continue', 'art.', 'test', 'family', 'cost', 'movie', 'practice.', 'side', 'collection', 'notice', 'nation', 'message', 'ten', 'use.', 'experts', 'discuss', 'ongoing', 'developments', 'research.']","(10000,[743,1020,1439,1525,2588,2715,3567,3614,4014,4043,4490,4506,4687,5085,6586,7066,8209,8297,8353,9021,9462,9781],[3.6516567436233283,2.4324164671666035,3.914021008090819,4.607168188650764,4.270695952029551,4.270695952029551,5.117993812416755,0.691153161953081,4.42484663185681,4.42484663185681,4.137164559405029,0.691153161953081,0.691153161953081,3.914021008090819,4.019381523748645,2.8844015909096608,3.6516567436233283,4.42484663185681,4.137164559405029,4.019381523748645,0.691153161953081,5.117993812416755])",1.0
R169,"['realize', 'wrong', 'hair', 'bed', 'follow.', 'experts', 'discuss', 'ongoing', 'developments', 'technology', 'breakthrough.']","(10000,[1020,1582,2227,3614,4506,4687,6512,7664,7870,9462,9497],[2.4324164671666035,4.607168188650764,2.7200985396183848,0.691153161953081,0.691153161953081,0.691153161953081,4.42484663185681,4.607168188650764,3.8187108282864943,0.691153161953081,4.607168188650764])",1.0
R193,"['especially', 'almost', 'visit', 'study.', 'address', 'trade', 'form', 'less', 'perform', 'tonight.', 'table', 'success', 'again.', 'experts', 'discuss', 'ongoing', 'developments', 'technology', 'breakthrough.']","(10000,[419,698,1020,1098,1195,1898,2227,3614,3931,4454,4506,4687,5621,8173,8566,8625,9184,9462,9828],[4.42484663185681,3.914021008090819,2.4324164671666035,3.8187108282864943,3.6516567436233283,4.607168188650764,2.7200985396183848,0.691153161953081,3.2721671219184243,4.607168188650764,0.691153161953081,0.691153161953081,4.019381523748645,4.607168188650764,4.019381523748645,5.117993812416755,4.830311739964974,0.691153161953081,4.019381523748645])",1.0
F247,"['apply', 'process', 'community', 'three.', 'know', 'upon', 'meet.', 'campaign', 'always', 'guy', 'right.', '—', 'shocking', 'claims', 'mind', 'control', 'surface', 'internet.']","(10000,[94,503,1208,2347,2660,3184,5850,6675,6710,6735,7281,7312,7779,7936,8040,8174,8338,9011],[4.137164559405029,0.691153161953081,2.849310271098391,4.42484663185681,4.830311739964974,2.8154087194227095,0.691153161953081,4.137164559405029,5.523458920524919,4.137164559405029,0.6792718340663283,4.42484663185681,3.125563647726549,0.691153161953081,3.2721671219184243,4.137164559405029,0.691153161953081,4.830311739964974])",0.0
R179,"['image', 'bill', 'ago', 'minute', 'garden', 'defense.', 'door', 'cover', 'pick.', 'experts', 'discuss', 'ongoing', 'developments', 'technology', 'breakthrough.']","(10000,[176,1020,1896,2227,3357,3614,4506,4687,4847,5303,5344,5936,6104,8135,9462],[5.523458920524919,2.4324164671666035,4.137164559405029,2.7200985396183848,4.42484663185681,0.691153161953081,0.691153161953081,0.691153161953081,4.42484663185681,4.270695952029551,4.830311739964974,4.019381523748645,4.137164559405029,4.270695952029551,0.691153161953081])",1.0
F138,"['piece', 'watch', 'clearly', 'word', 'dark.', 'medical', 'class', 'fact', 'third', 'program', 'participant.', 'success', 'however', 'safe', 'country', 'per.', '—', 'shocking', 'claims', 'immortal', 'jellyfish', 'surface', 'internet.']","(10000,[503,573,911,1236,1762,2066,2708,3133,3519,4007,5850,6717,7215,7281,7642,7870,7936,8238,8268,8338,8771,9828,9876],[0.691153161953081,4.270695952029551,4.607168188650764,5.117993812416755,4.270695952029551,2.7508701982851385,3.4440173788450834,4.830311739964974,3.914021008090819,5.523458920524919,0.691153161953081,5.117993812416755,4.137164559405029,0.6792718340663283,4.137164559405029,3.8187108282864943,0.691153161953081,3.914021008090819,4.42484663185681,0.691153161953081,4.830311739964974,4.019381523748645,2.7508701982851385])",0.0
R017,"['feeling', 'party', 'light', 'rule', 'forget', 'central.', 'live', 'usually', 'anything', 'long', 'sense', 'first', 'medical.', 'experts', 'discuss', 'ongoing', 'developments', 'policy.']","(10000,[343,493,613,1379,1720,2114,2990,3614,4506,4687,5447,6271,6403,6944,7146,8904,9210,9462],[4.137164559405029,4.830311739964974,4.019381523748645,3.8187108282864943,3.8187108282864943,3.914021008090819,4.42484663185681,0.691153161953081,0.691153161953081,0.691153161953081,3.577548771469606,4.270695952029551,3.914021008090819,2.8154087194227095,4.019381523748645,4.137164559405029,4.42484663185681,0.691153161953081])",1.0
F090,"['pattern', 'feeling', 'main.', 'part', 'scene', 'general', 'only.', '—', 'shocking', 'claims', 'mind', 'control', 'surface', 'internet.']","(10000,[503,613,617,1208,1243,3184,5465,5844,5850,7281,7936,8338,8740,9668],[0.691153161953081,4.019381523748645,3.8187108282864943,2.849310271098391,4.019381523748645,2.8154087194227095,3.914021008090819,3.914021008090819,0.691153161953081,0.6792718340663283,0.691153161953081,0.691153161953081,4.607168188650764,4.830311739964974])",0.0
F222,"['think', 'note', 'health', 'charge.', 'sign', 'us', 'statement', 'never', 'mouth', 'real.', 'attack', 'economic', 'opportunity', 'body.', '—', 'shocking', 'claims', 'mind', 'control', 'surface', 'internet.']","(10000,[281,503,1208,2335,3184,4722,5693,5726,5850,5963,6660,6756,6976,7281,7497,7936,8338,8805,9144,9817,9909],[4.137164559405029,0.691153161953081,2.849310271098391,4.270695952029551,2.8154087194227095,5.117993812416755,4.019381523748645,3.6516567436233283,0.691153161953081,5.117993812416755,4.42484663185681,3.8187108282864943,5.117993812416755,0.6792718340663283,4.42484663185681,0.691153161953081,0.691153161953081,4.607168188650764,2.455405985391302,3.4440173788450834,3.914021008090819])",0.0
R114,"['car', 'born', 'plant', 'movie', 'quite.', 'scientist', 'ground', 'take', 'question', 'congress.', 'management', 'skill', 'yard', 'main.', 'experts', 'discuss', 'ongoing', 'developments', 'climate', 'change.']","(10000,[424,821,855,1241,1439,2059,2513,2947,3614,3674,4506,4687,6226,6487,7244,8878,9462,9545,9668,9968],[4.830311739964974,2.849310271098391,4.607168188650764,3.8187108282864943,3.914021008090819,2.6330871626287546,5.523458920524919,4.019381523748645,0.691153161953081,4.137164559405029,0.691153161953081,0.691153161953081,4.019381523748645,3.914021008090819,3.6516567436233283,4.830311739964974,0.691153161953081,4.607168188650764,4.830311739964974,4.137164559405029])",1.0
F235,"['usually', 'first', 'plan', 'mr', 'order.', 'identify', 'serve', 'establish', 'area', 'behind', 'project.', 'bring', 'couple', 'stuff', 'shake', 'poor.', '—', 'shocking', 'claims', 'celebrity', 'scandal', 'surface', 'internet.']","(10000,[503,1725,2180,2613,2647,2923,2990,3057,3486,3967,4346,4921,5101,5564,5649,5850,6123,6403,7281,7702,7722,7936,8338],[0.691153161953081,4.42484663185681,4.137164559405029,5.117993812416755,4.019381523748645,3.8187108282864943,4.42484663185681,4.270695952029551,2.849310271098391,4.019381523748645,4.607168188650764,2.849310271098391,5.117993812416755,4.830311739964974,4.270695952029551,0.691153161953081,4.019381523748645,3.914021008090819,0.6792718340663283,4.42484663185681,3.914021008090819,0.691153161953081,0.691153161953081])",0.0
F185,"['relate', 'serious', 'star', 'market', 'team', 'table', 'growth', 'box.', 'goal', 'whose', 'mission', 'try.', 'everything', 'upon', 'tonight', 'along', 'main.', '—', 'shocking', 'claims', 'hoax', 'surface', 'internet.']","(10000,[320,468,503,988,1117,2657,2840,3389,3931,3960,4377,5089,5170,5850,6069,6735,7281,7936,8338,8774,9156,9539,9668],[4.42484663185681,4.019381523748645,0.691153161953081,4.137164559405029,3.7316994512968646,3.4440173788450834,4.42484663185681,4.607168188650764,3.2721671219184243,5.523458920524919,2.60568818844064,3.6516567436233283,4.270695952029551,0.691153161953081,4.42484663185681,4.137164559405029,0.6792718340663283,0.691153161953081,0.691153161953081,5.523458920524919,3.8187108282864943,4.270695952029551,4.830311739964974])",0.0
F221,"['card', 'less', 'say', 'design.', 'try', 'difficult', 'head', 'student', 'material', 'role.', 'thank', 'similar', 'miss', 'yet.', '—', 'shocking', 'claims', 'flat', 'earth', 'surface', 'internet.']","(10000,[503,1064,1071,1195,1687,1712,2144,2918,3231,3536,3882,4693,5850,5862,7046,7281,7425,7936,8338,9676,9974],[0.691153161953081,4.830311739964974,4.137164559405029,3.6516567436233283,4.137164559405029,4.019381523748645,3.914021008090819,3.0385522707369192,3.914021008090819,4.270695952029551,4.607168188650764,4.270695952029551,0.691153161953081,3.8187108282864943,4.137164559405029,0.6792718340663283,4.830311739964974,0.691153161953081,0.691153161953081,3.0385522707369192,4.830311739964974])",0.0
F054,"['safe', 'effort', 'home', 'forget', 'moment', 'agent.', 'dark', 'system', 'provide', 'west', 'walk', 'open.', '—', 'shocking', 'claims', 'secret', 'cure', 'surface', 'internet.']","(10000,[503,697,3365,3401,3892,3996,5085,5726,5850,5946,6142,6747,7146,7281,7381,7642,7936,8012,8338],[0.691153161953081,4.607168188650764,4.42484663185681,4.019381523748645,2.5530444549552183,4.607168188650764,3.914021008090819,3.6516567436233283,0.691153161953081,4.270695952029551,4.830311739964974,2.5530444549552183,4.019381523748645,0.6792718340663283,4.830311739964974,4.137164559405029,0.691153161953081,5.523458920524919,0.691153161953081])",0.0
R000,"['gun', 'size', 'eight', 'six', 'television', 'remember', 'hear.', 'community', 'say', 'identify', 'region', 'environmental', 'rock', 'possible.', 'experts', 'discuss', 'ongoing', 'developments', 'public', 'health.']","(10000,[286,574,1770,2272,3192,3614,3967,4506,4687,5401,5685,5862,6027,6219,8159,8174,8313,8482,8713,9462],[5.523458920524919,4.137164559405029,2.997730276216664,4.607168188650764,4.270695952029551,0.691153161953081,4.019381523748645,0.691153161953081,0.691153161953081,4.019381523748645,4.830311739964974,3.8187108282864943,4.019381523748645,3.172083663361442,3.4440173788450834,4.137164559405029,4.019381523748645,4.270695952029551,5.117993812416755,0.691153161953081])",1.0
R178,"['large', 'decision', 'weight', 'past.', 'evening', 'blue', 'type', 'least', 'camera', 'outside.', 'program', 'spring', 'option.', 'experts', 'discuss', 'ongoing', 'developments', 'budget', 'report.']","(10000,[573,1634,1644,1650,2193,3308,3526,3614,4506,4687,4991,5286,5432,5768,7022,7954,8004,8569,9462],[4.270695952029551,4.830311739964974,4.019381523748645,4.830311739964974,4.019381523748645,5.523458920524919,4.607168188650764,0.691153161953081,0.691153161953081,0.691153161953081,2.60568818844064,4.830311739964974,2.7200985396183848,4.137164559405029,4.42484663185681,5.117993812416755,3.6516567436233283,4.830311739964974,0.691153161953081])",1.0
F006,"['show', 'activity', 'finish', 'ever', 'car', 'break', 'theory.', 'various', 'painting', 'law', 'agree', 'note', 'maintain.', '—', 'shocking', 'claims', 'hoax', 'surface', 'internet.']","(10000,[503,668,1034,3674,3979,4019,4377,5594,5850,6475,6477,6578,6647,6925,7281,7936,8110,8338,9909],[0.691153161953081,3.914021008090819,3.8187108282864943,4.137164559405029,3.914021008090819,4.019381523748645,2.60568818844064,4.42484663185681,0.691153161953081,5.523458920524919,5.117993812416755,4.137164559405029,4.270695952029551,4.42484663185681,0.6792718340663283,0.691153161953081,4.019381523748645,0.691153161953081,3.914021008090819])",0.0
F174,"['garden', 'white', 'ever', 'beat.', 'well', 'night', 'include.', '—', 'shocking', 'claims', 'secret', 'cure', 'surface', 'internet.']","(10000,[157,503,3892,5594,5843,5850,5936,6747,6869,7281,7936,8338,8403,9612],[3.4440173788450834,0.691153161953081,2.5530444549552183,4.42484663185681,4.137164559405029,0.691153161953081,4.019381523748645,2.5530444549552183,4.830311739964974,0.6792718340663283,0.691153161953081,0.691153161953081,4.607168188650764,4.42484663185681])",0.0
R009,"['able', 'leg', 'second', 'media.', 'glass', 'low', 'last', 'require.', 'table', 'information', 'deal', 'dark', 'husband', 'major.', 'experts', 'discuss', 'ongoing', 'developments', 'election.']","(10000,[697,1433,3248,3496,3556,3614,3931,3989,4506,4687,5716,6290,6932,7208,8190,8411,9256,9462,9829],[4.607168188650764,3.914021008090819,5.117993812416755,4.270695952029551,2.8844015909096608,0.691153161953081,3.2721671219184243,4.607168188650764,0.691153161953081,0.691153161953081,5.117993812416755,4.270695952029551,3.914021008090819,4.137164559405029,4.137164559405029,3.2721671219184243,3.7316994512968646,0.691153161953081,4.607168188650764])",1.0
R122,"['sell', 'heavy', 'beyond', 'bank', 'already', 'week.', 'day', 'second', 'suddenly.', 'experts', 'discuss', 'ongoing', 'developments', 'economic', 'growth.']","(10000,[594,2041,2302,3614,4485,4506,4687,8900,8949,8982,9034,9133,9144,9256,9462],[4.607168188650764,5.117993812416755,5.117993812416755,0.691153161953081,4.607168188650764,0.691153161953081,0.691153161953081,4.137164559405029,4.42484663185681,3.8187108282864943,2.849310271098391,3.8187108282864943,2.455405985391302,3.7316994512968646,0.691153161953081])",1.0
F189,"['hundred', 'push', 'million', 'budget', 'final.', '—', 'shocking', 'claims', 'immortal', 'jellyfish', 'surface', 'internet.']","(10000,[503,2066,2101,4991,5175,5850,5978,7281,7936,8338,8651,9876],[0.691153161953081,2.7508701982851385,5.523458920524919,2.60568818844064,3.914021008090819,0.691153161953081,4.270695952029551,0.6792718340663283,0.691153161953081,0.691153161953081,4.137164559405029,2.7508701982851385])",0.0
R146,"['rest', 'stuff', 'seven', 'box', 'sometimes.', 'painting', 'source', 'building', 'democrat', 'light', 'help.', 'director', 'deal', 'personal', 'eye', 'boy.', 'experts', 'discuss', 'ongoing', 'developments', 'technology', 'breakthrough.']","(10000,[1020,1034,1144,1341,1433,1720,1853,2227,2708,3614,3952,4506,4687,5234,5852,7721,7722,7850,7922,7939,8046,9462],[2.4324164671666035,3.8187108282864943,5.117993812416755,4.270695952029551,3.914021008090819,3.8187108282864943,3.8187108282864943,2.7200985396183848,3.4440173788450834,0.691153161953081,5.523458920524919,0.691153161953081,0.691153161953081,4.42484663185681,3.914021008090819,4.607168188650764,3.914021008090819,3.914021008090819,3.6516567436233283,3.8187108282864943,5.117993812416755,0.691153161953081])",1.0
R022,"['station', 'billion', 'billion', 'management', 'draw', 'never', 'unit.', 'wind', 'officer', 'clearly', 'affect.', 'experts', 'discuss', 'ongoing', 'developments', 'climate', 'change.']","(10000,[258,281,696,821,1241,2059,2471,2558,3614,4506,4687,5692,8167,8238,8415,9462],[8.274329118810059,4.137164559405029,4.830311739964974,2.849310271098391,3.8187108282864943,2.6330871626287546,5.117993812416755,4.270695952029551,0.691153161953081,0.691153161953081,0.691153161953081,4.607168188650764,4.137164559405029,3.914021008090819,4.137164559405029,0.691153161953081])",1.0
F177,"['response', 'boy', 'sport', 'surface', 'gas.', 'ago', 'second', 'eat', 'sit', 'event', 'entire', 'late', 'daughter.', '—', 'shocking', 'claims', 'aliens', 'surface', 'internet.']","(10000,[157,503,650,1896,2445,3079,5850,6836,6946,7276,7281,7728,7936,8278,8338,8824,9256,9544],[3.4440173788450834,0.691153161953081,2.958509563063383,4.137164559405029,4.137164559405029,4.019381523748645,0.691153161953081,4.830311739964974,5.117993812416755,4.019381523748645,1.3585436681326566,4.42484663185681,0.691153161953081,4.42484663185681,0.691153161953081,4.830311739964974,3.7316994512968646,4.830311739964974])",0.0
F021,"['safe', 'still', 'summer.', 'watch', 'bank', 'save', 'boy', 'general', 'million.', '—', 'shocking', 'claims', 'secret', 'cure', 'surface', 'internet.']","(10000,[157,503,2191,2708,3712,3892,4520,5465,5850,6747,7281,7642,7724,7936,8338,8982],[3.4440173788450834,0.691153161953081,4.607168188650764,3.4440173788450834,4.270695952029551,2.5530444549552183,4.270695952029551,3.914021008090819,0.691153161953081,2.5530444549552183,0.6792718340663283,4.137164559405029,4.830311739964974,0.691153161953081,0.691153161953081,3.8187108282864943])",0.0
R039,"['maybe', 'serious', 'car', 'hard', 'investment', 'collection.', 'federal', 'health', 'economy', 'effort', 'floor', 'college', 'candidate', 'class.', 'training', 'stop', 'research', 'general', 'cost', 'pick.', 'experts', 'discuss', 'ongoing', 'developments', 'economic', 'growth.']","(10000,[217,633,796,1117,1562,3614,3652,3674,4319,4358,4490,4506,4687,4818,5125,5241,5344,5465,5726,7538,8057,8805,9034,9144,9432,9462],[3.8187108282864943,4.019381523748645,3.7316994512968646,3.7316994512968646,4.42484663185681,0.691153161953081,3.577548771469606,4.137164559405029,3.5085558999826545,4.270695952029551,4.137164559405029,0.691153161953081,0.691153161953081,4.607168188650764,4.42484663185681,5.117993812416755,4.830311739964974,3.914021008090819,3.6516567436233283,4.270695952029551,4.607168188650764,4.607168188650764,2.849310271098391,2.455405985391302,4.137164559405029,0.691153161953081])",1.0
F061,"['fast', 'good', 'never', 'write.', 'measure', 'number', 'know', 'daughter', 'consumer', 'cut.', '—', 'shocking', 'claims', 'miracle', 'drug', 'surface', 'internet.']","(10000,[281,503,528,1256,4898,5850,6168,7281,7623,7779,7860,7936,8338,8519,9263,9475,9593],[4.137164559405029,0.691153161953081,4.607168188650764,3.125563647726549,4.830311739964974,0.691153161953081,3.914021008090819,0.6792718340663283,4.270695952029551,3.125563647726549,2.8154087194227095,0.691153161953081,0.691153161953081,4.607168188650764,3.8187108282864943,4.42484663185681,4.830311739964974])",0.0
R057,"['current', 'coach', 'new', 'realize', 'season.', 'land', 'model', 'process', 'american', 'medical.', 'far', 'material', 'movement', 'eye', 'long', 'half', 'fight', 'play.', 'experts', 'discuss', 'ongoing', 'developments', 'technology', 'breakthrough.']","(10000,[585,1020,1341,1582,1780,2227,2526,3231,3514,3614,4158,4506,4517,4687,5294,7102,7140,7148,7652,8040,8904,9189,9210,9462],[5.117993812416755,2.4324164671666035,4.270695952029551,4.607168188650764,4.607168188650764,2.7200985396183848,3.914021008090819,3.914021008090819,4.270695952029551,0.691153161953081,4.137164559405029,0.691153161953081,5.523458920524919,0.691153161953081,4.607168188650764,4.137164559405029,5.117993812416755,4.019381523748645,4.607168188650764,3.2721671219184243,4.137164559405029,4.270695952029551,4.42484663185681,0.691153161953081])",1.0
F154,"['music', 'game', 'goal', 'process', 'have.', 'town', 'sea', 'clear', 'marriage', 'business', 'look.', '—', 'shocking', 'claims', 'immortal', 'jellyfish', 'surface', 'internet.']","(10000,[503,1611,2066,4715,4882,5089,5374,5850,6229,6370,7281,7936,8040,8338,8411,8975,9617,9876],[0.691153161953081,4.270695952029551,2.7508701982851385,4.270695952029551,5.523458920524919,3.6516567436233283,4.270695952029551,0.691153161953081,4.42484663185681,3.914021008090819,0.6792718340663283,0.691153161953081,3.2721671219184243,0.691153161953081,3.2721671219184243,3.914021008090819,4.137164559405029,2.7508701982851385])",0.0
F052,"['right', 'manager', 'morning', 'school', 'race', 'pick.', 'answer', 'edge', 'debate', 'box', 'level', 'century', 'eye', 'wall.', 'whatever', 'official', 'worker', 'adult', 'suffer.', '—', 'shocking', 'claims', 'mind', 'control', 'surface', 'internet.']","(10000,[72,454,503,1208,1341,1499,1652,1790,2676,2679,3072,3160,3184,3619,3921,5344,5850,6731,7281,7695,7841,7922,7936,8276,8338,8485],[4.019381523748645,3.577548771469606,0.691153161953081,2.849310271098391,4.270695952029551,3.8187108282864943,4.270695952029551,3.8187108282864943,4.270695952029551,4.137164559405029,5.117993812416755,4.42484663185681,2.8154087194227095,4.137164559405029,4.019381523748645,4.830311739964974,0.691153161953081,5.117993812416755,0.6792718340663283,4.607168188650764,4.270695952029551,3.6516567436233283,0.691153161953081,4.019381523748645,0.691153161953081,4.42484663185681])",0.0
F124,"['example', 'debate.', 'boy', 'movie', 'argue', 'manager.', 'article', 'score', 'grow', 'factor.', '—', 'shocking', 'claims', 'flat', 'earth', 'surface', 'internet.']","(10000,[157,503,1439,1702,1927,2404,2918,3479,3730,5416,5850,7161,7281,7936,8338,9606,9676],[3.4440173788450834,0.691153161953081,3.914021008090819,4.830311739964974,4.42484663185681,4.830311739964974,3.0385522707369192,4.607168188650764,4.270695952029551,4.830311739964974,0.691153161953081,5.523458920524919,0.6792718340663283,0.691153161953081,0.691153161953081,3.914021008090819,3.0385522707369192])",0.0
R071,"['design', 'federal', 'process.', 'write', 'bed', 'level', 'plant', 'couple.', 'experts', 'discuss', 'ongoing', 'developments', 'budget', 'report.']","(10000,[633,708,1499,3614,3922,4506,4687,4991,5432,5445,7244,8077,9462,9497],[4.019381523748645,5.523458920524919,3.8187108282864943,0.691153161953081,4.830311739964974,0.691153161953081,0.691153161953081,2.60568818844064,2.7200985396183848,3.914021008090819,3.6516567436233283,4.830311739964974,0.691153161953081,4.607168188650764])",1.0
R152,"['pay', 'effort', 'contain', 'create', 'technology.', 'interview', 'picture', 'want', 'ten', 'name', 'physical', 'scientist', 'his.', 'experts', 'discuss', 'ongoing', 'developments', 'budget', 'report.']","(10000,[15,1404,2481,3614,3754,4506,4687,4897,4991,5085,5432,5726,6035,6226,7493,7712,8649,8893,9462],[3.7316994512968646,4.607168188650764,3.8187108282864943,0.691153161953081,5.523458920524919,0.691153161953081,0.691153161953081,3.914021008090819,2.60568818844064,3.914021008090819,2.7200985396183848,3.6516567436233283,3.8187108282864943,4.019381523748645,3.6516567436233283,4.270695952029551,4.42484663185681,4.137164559405029,0.691153161953081])",1.0
F038,"['keep', 'employee', 'worry', 'office', 'radio', 'individual', 'meeting.', 'hit', 'explain', 'music', 'article', 'spring', 'structure', 'plant.', 'modern', 'help', 'range', 'production', 'away', 'through.', '—', 'shocking', 'claims', 'mind', 'control', 'surface', 'internet.']","(10000,[165,503,781,1208,1644,1702,2336,2996,3184,3737,5341,5850,6370,6548,7032,7178,7281,7936,8252,8338,8343,8344,8353,8614,9086,9347,9594],[3.6516567436233283,0.691153161953081,4.607168188650764,2.849310271098391,4.019381523748645,4.830311739964974,3.7316994512968646,3.6516567436233283,2.8154087194227095,4.019381523748645,4.019381523748645,0.691153161953081,3.914021008090819,4.42484663185681,5.523458920524919,5.117993812416755,0.6792718340663283,0.691153161953081,4.270695952029551,0.691153161953081,4.270695952029551,3.7316994512968646,4.137164559405029,4.137164559405029,4.137164559405029,5.117993812416755,4.42484663185681])",0.0
F101,"['front', 'art', 'focus', 'often', 'wide.', 'message', 'phone', 'thousand.', '—', 'shocking', 'claims', 'immortal', 'jellyfish', 'surface', 'internet.']","(10000,[7,503,504,1626,2066,2715,3931,4321,5850,6444,7281,7854,7936,8338,9876],[3.914021008090819,0.691153161953081,4.270695952029551,4.137164559405029,2.7508701982851385,4.270695952029551,3.2721671219184243,5.117993812416755,0.691153161953081,5.523458920524919,0.6792718340663283,4.137164559405029,0.691153161953081,0.691153161953081,2.7508701982851385])",0.0
F203,"['street', 'carry', 'teach', 'recent', 'toward.', 'need', 'simple', 'western', 'individual', 'station.', 'focus', 'never', 'bank', 'ever.', 'treat', 'sense', 'score', 'forget', 'specific', 'everyone.', '—', 'shocking', 'claims', 'celebrity', 'scandal', 'surface', 'internet.']","(10000,[281,454,503,524,1290,1927,2059,2913,3486,3684,3931,4531,4921,5447,5563,5591,5850,6537,7146,7281,7936,8338,8404,8522,8614,8750,8982],[4.137164559405029,3.577548771469606,0.691153161953081,3.8187108282864943,5.117993812416755,4.42484663185681,2.6330871626287546,3.8187108282864943,2.849310271098391,3.577548771469606,3.2721671219184243,5.523458920524919,2.849310271098391,3.577548771469606,5.523458920524919,4.42484663185681,0.691153161953081,4.270695952029551,4.019381523748645,0.6792718340663283,0.691153161953081,0.691153161953081,5.117993812416755,4.270695952029551,4.137164559405029,5.117993812416755,3.8187108282864943])",0.0
F192,"['middle', 'police', 'some.', 'house', 'question', 'piece', 'stand', 'magazine', 'wide.', 'staff', 'week', 'test', 'list', 'old.', '—', 'shocking', 'claims', 'government', 'cover-up', 'surface', 'internet.']","(10000,[503,2259,2812,2947,3133,3876,4321,5122,5836,5850,6224,6586,6886,7183,7281,7936,8338,8413,8728,9813,9878],[0.691153161953081,2.8154087194227095,5.523458920524919,4.019381523748645,4.830311739964974,3.914021008090819,5.117993812416755,4.42484663185681,4.830311739964974,0.691153161953081,3.914021008090819,4.019381523748645,4.019381523748645,5.523458920524919,0.6792718340663283,0.691153161953081,0.691153161953081,3.914021008090819,4.019381523748645,2.997730276216664,4.270695952029551])",0.0
R189,"['republican', 'free', 'baby', 'true', 'become', 'dog.', 'finish', 'world', 'style', 'teach', 'fish.', 'likely', 'better', 'although', 'particularly', 'people', 'institution.', 'ok', 'response', 'throughout', 'name.', 'experts', 'discuss', 'ongoing', 'developments', 'climate', 'change.']","(10000,[309,821,1073,1122,1348,2059,2445,2543,2645,3471,3614,4263,4506,4616,4687,5948,6443,6578,7090,7180,7188,7779,8000,8522,8919,9360,9462],[4.830311739964974,2.849310271098391,4.137164559405029,5.523458920524919,4.019381523748645,2.6330871626287546,4.137164559405029,3.6516567436233283,4.830311739964974,5.117993812416755,0.691153161953081,4.607168188650764,0.691153161953081,4.42484663185681,0.691153161953081,4.270695952029551,3.8187108282864943,4.137164559405029,3.6516567436233283,5.523458920524919,3.8187108282864943,3.125563647726549,4.42484663185681,4.270695952029551,5.523458920524919,4.137164559405029,0.691153161953081])",1.0
R098,"['notice', 'position', 'station', 'begin', 'everybody', 'fall.', 'yes', 'six', 'machine', 'sure', 'middle', 'audience', 'plant', 'consumer.', 'table', 'almost', 'option', 'partner', 'low.', 'experts', 'discuss', 'ongoing', 'developments', 'election.']","(10000,[116,1312,1339,1513,1525,1821,2561,3488,3556,3614,3931,4506,4687,5044,5094,5401,7244,8040,8415,8546,8566,9462,9613,9878],[3.914021008090819,4.607168188650764,4.42484663185681,4.270695952029551,4.607168188650764,3.914021008090819,5.117993812416755,5.523458920524919,2.8844015909096608,0.691153161953081,3.2721671219184243,0.691153161953081,0.691153161953081,4.607168188650764,5.523458920524919,4.019381523748645,3.6516567436233283,3.2721671219184243,4.137164559405029,4.830311739964974,4.019381523748645,0.691153161953081,4.607168188650764,4.270695952029551])",1.0
R149,"['yet', 'read', 'alone', 'sure', 'allow', 'left', 'tough', 'tv.', 'half', 'run', 'large', 'baby', 'level.', 'experts', 'discuss', 'ongoing', 'developments', 'economic', 'growth.']","(10000,[266,1348,1662,1780,1821,2492,3614,4037,4506,4687,4835,5447,7022,7650,8356,9034,9121,9144,9462],[4.830311739964974,4.019381523748645,4.42484663185681,4.607168188650764,3.914021008090819,4.42484663185681,0.691153161953081,3.914021008090819,0.691153161953081,0.691153161953081,4.42484663185681,3.577548771469606,4.42484663185681,4.019381523748645,4.607168188650764,2.849310271098391,4.830311739964974,2.455405985391302,0.691153161953081])",1.0
R046,"['much', 'ahead', 'action', 'explain', 'establish', 'draw', 'fast.', 'collection', 'though', 'response', 'page.', 'experts', 'discuss', 'ongoing', 'developments', 'education.']","(10000,[524,2445,2923,3385,3614,3813,4506,4687,4831,5047,5341,6633,8167,8209,8268,9462],[3.8187108282864943,4.137164559405029,3.8187108282864943,4.270695952029551,0.691153161953081,4.607168188650764,0.691153161953081,0.691153161953081,4.607168188650764,2.7200985396183848,4.019381523748645,3.914021008090819,4.137164559405029,3.6516567436233283,4.42484663185681,0.691153161953081])",1.0
F055,"['yeah', 'situation', 'offer', 'stand.', 'century', 'technology', 'partner', 'simple', 'evidence', 'letter.', 'economic', 'among', 'attorney', 'carry', 'say', 'go', 'success.', 'add', 'money', 'perform', 'join.', '—', 'shocking', 'claims', 'hoax', 'surface', 'internet.']","(10000,[116,454,503,1020,1098,2054,2913,2958,3136,3249,4300,4377,4853,5850,5862,6090,6103,6451,7281,7362,7841,7936,8280,8338,9144,9887,9994],[3.914021008090819,3.577548771469606,0.691153161953081,2.4324164671666035,3.8187108282864943,4.137164559405029,3.8187108282864943,3.7316994512968646,4.019381523748645,3.7316994512968646,4.830311739964974,2.60568818844064,4.830311739964974,0.691153161953081,3.8187108282864943,5.117993812416755,4.137164559405029,3.914021008090819,0.6792718340663283,4.270695952029551,4.270695952029551,0.691153161953081,5.523458920524919,0.691153161953081,2.455405985391302,4.42484663185681,5.523458920524919])",0.0
F159,"['arrive', 'left', 'carry.', 'common', 'name', 'trade', 'buy', 'sometimes.', 'catch', 'explain', 'history', 'manager', 'mouth', 'imagine', 'she.', '—', 'shocking', 'claims', 'flat', 'earth', 'surface', 'internet.']","(10000,[15,80,419,503,1144,1652,1662,1733,2918,3881,5301,5341,5850,6332,6543,7281,7391,7497,7936,7949,8338,9676],[3.7316994512968646,4.137164559405029,4.42484663185681,0.691153161953081,5.117993812416755,4.270695952029551,4.42484663185681,4.830311739964974,3.0385522707369192,5.117993812416755,4.830311739964974,4.019381523748645,0.691153161953081,4.019381523748645,4.607168188650764,0.6792718340663283,4.607168188650764,4.42484663185681,0.691153161953081,4.019381523748645,0.691153161953081,3.0385522707369192])",0.0
F083,"['plan', 'every', 'force', 'benefit', 'between.', 'scientist', 'must', 'right', 'explain', 'way', 'wrong.', '—', 'shocking', 'claims', 'secret', 'cure', 'surface', 'internet.']","(10000,[391,503,1023,1790,3011,3892,4905,5341,5653,5850,6123,6226,6747,7281,7936,8338,9391,9681],[4.830311739964974,0.691153161953081,4.42484663185681,3.8187108282864943,5.523458920524919,2.5530444549552183,4.830311739964974,4.019381523748645,3.914021008090819,0.691153161953081,4.019381523748645,4.019381523748645,2.5530444549552183,0.6792718340663283,0.691153161953081,0.691153161953081,4.607168188650764,3.914021008090819])",0.0
R109,"['sea', 'citizen', 'military', 'sport', 'mean', 'around', 'our.', 'expect', 'support', 'record', 'level', 'finally', 'president', 'mouth.', 'must', 'certainly', 'close', 'information.', 'experts', 'discuss', 'ongoing', 'developments', 'education.']","(10000,[8,673,909,1023,1306,1499,1817,3283,3497,3614,3691,4347,4506,4687,5047,5877,5955,6197,8217,8278,9462,9617,9621],[4.137164559405029,3.914021008090819,4.270695952029551,4.42484663185681,4.137164559405029,3.8187108282864943,4.42484663185681,5.117993812416755,4.42484663185681,0.691153161953081,4.42484663185681,4.270695952029551,0.691153161953081,0.691153161953081,2.7200985396183848,4.270695952029551,5.523458920524919,4.137164559405029,4.830311739964974,4.42484663185681,0.691153161953081,4.137164559405029,4.830311739964974])",1.0
R102,"['enough', 'young', 'gas.', 'send', 'important', 'coach', 'base', 'quite', 'cup.', 'turn', 'accept', 'television.', 'experts', 'discuss', 'ongoing', 'developments', 'climate', 'change.']","(10000,[821,1365,1967,2059,2657,3514,3614,3886,4506,4687,4748,5523,6056,7809,8173,9300,9462,9544],[2.849310271098391,5.523458920524919,4.270695952029551,2.6330871626287546,3.4440173788450834,4.270695952029551,0.691153161953081,3.914021008090819,0.691153161953081,0.691153161953081,4.137164559405029,4.270695952029551,3.914021008090819,4.830311739964974,4.607168188650764,5.523458920524919,0.691153161953081,4.830311739964974])",1.0
R060,"['several', 'lead', 'stage', 'machine.', 'pass', 'rock', 'material', 'real', 'forward.', 'experts', 'discuss', 'ongoing', 'developments', 'election.']","(10000,[30,574,1886,1902,3231,3556,3614,4506,4687,5356,8392,9227,9462,9691],[4.137164559405029,4.137164559405029,5.523458920524919,5.523458920524919,3.914021008090819,2.8844015909096608,0.691153161953081,0.691153161953081,0.691153161953081,4.607168188650764,4.42484663185681,4.607168188650764,0.691153161953081,4.42484663185681])",1.0
F085,"['control', 'candidate', 'hour', 'memory', 'real.', 'fish', 'able', 'million', 'charge', 'national', 'affect', 'through.', '—', 'shocking', 'claims', 'secret', 'cure', 'surface', 'internet.']","(10000,[503,527,781,1208,1376,3496,3892,4358,5850,5963,6055,6747,6812,6941,7281,7910,7936,8338,8651],[0.691153161953081,4.830311739964974,4.607168188650764,2.849310271098391,4.137164559405029,4.270695952029551,2.5530444549552183,4.270695952029551,0.691153161953081,5.117993812416755,4.830311739964974,2.5530444549552183,4.019381523748645,4.42484663185681,0.6792718340663283,4.270695952029551,0.691153161953081,0.691153161953081,4.137164559405029])",0.0
F188,"['range', 'media', 'operation', 'song', 'test.', 'fight', 'likely', 'enter', 'person', 'subject', 'development.', '—', 'shocking', 'claims', 'hoax', 'surface', 'internet.']","(10000,[165,309,503,913,1209,2526,3249,4377,5850,5922,7281,7350,7435,7936,8338,8655,8960],[3.6516567436233283,4.830311739964974,0.691153161953081,5.523458920524919,4.019381523748645,3.914021008090819,3.7316994512968646,2.60568818844064,0.691153161953081,4.42484663185681,0.6792718340663283,4.137164559405029,3.8187108282864943,0.691153161953081,0.691153161953081,4.137164559405029,4.607168188650764])",0.0
F131,"['school', 'others', 'address', 'might', 'idea', 'report.', 'know', 'measure', 'sign', 'generation', 'music', 'short.', '—', 'shocking', 'claims', 'hoax', 'surface', 'internet.']","(10000,[503,528,746,2679,3924,4377,4454,5432,5850,5958,6370,6756,6940,6963,7281,7779,7936,8338],[0.691153161953081,4.607168188650764,5.523458920524919,4.137164559405029,4.137164559405029,2.60568818844064,4.607168188650764,2.7200985396183848,0.691153161953081,4.137164559405029,3.914021008090819,3.8187108282864943,3.914021008090819,4.019381523748645,0.6792718340663283,3.125563647726549,0.691153161953081,0.691153161953081])",0.0
R202,"['add', 'weight', 'little.', 'star', 'follow', 'service', 'clear.', 'experts', 'discuss', 'ongoing', 'developments', 'public', 'health.']","(10000,[1401,1770,2252,3614,4506,4687,5170,6219,7709,8004,9367,9462,9887],[4.830311739964974,2.997730276216664,4.607168188650764,0.691153161953081,0.691153161953081,0.691153161953081,4.270695952029551,3.172083663361442,4.607168188650764,3.6516567436233283,4.137164559405029,0.691153161953081,4.42484663185681])",1.0
F111,"['machine', 'standard', 'six', 'down.', 'environmental', 'current', 'able', 'reduce', 'theory', 'seem', 'happy.', '—', 'shocking', 'claims', 'celebrity', 'scandal', 'surface', 'internet.']","(10000,[503,1468,2588,2956,2967,3486,3496,4921,5401,5850,6027,7281,7936,8040,8159,8338,9025,9189],[0.691153161953081,4.137164559405029,4.270695952029551,5.523458920524919,4.137164559405029,2.849310271098391,4.270695952029551,2.849310271098391,4.019381523748645,0.691153161953081,4.019381523748645,0.6792718340663283,0.691153161953081,3.2721671219184243,3.4440173788450834,0.691153161953081,5.523458920524919,4.270695952029551])",0.0
R151,"['water', 'feeling', 'social', 'collection.', 'work', 'beautiful', 'community.', 'experts', 'discuss', 'ongoing', 'developments', 'policy.']","(10000,[613,823,1273,2589,3614,3652,4506,4687,4959,6944,9462,9527],[4.019381523748645,4.42484663185681,3.6516567436233283,3.914021008090819,0.691153161953081,3.577548771469606,0.691153161953081,0.691153161953081,5.117993812416755,2.8154087194227095,0.691153161953081,4.270695952029551])",1.0
F058,"['kid', 'staff', 'attack', 'remain.', '—', 'shocking', 'claims', 'government', 'cover-up', 'surface', 'internet.']","(10000,[503,2259,2604,3723,5693,5850,6224,7281,7936,8338,9813],[0.691153161953081,2.8154087194227095,5.117993812416755,4.137164559405029,4.019381523748645,0.691153161953081,3.914021008090819,0.6792718340663283,0.691153161953081,0.691153161953081,2.997730276216664])",0.0
R164,"['collection', 'point', 'music', 'point', 'mouth.', 'task', 'threat', 'wind', 'president', 'east.', 'experts', 'discuss', 'ongoing', 'developments', 'education.']","(10000,[1167,1306,2558,3283,3614,4416,4506,4687,5047,6370,8070,8209,8451,9462],[4.830311739964974,4.137164559405029,4.270695952029551,5.117993812416755,0.691153161953081,8.541391904059102,0.691153161953081,0.691153161953081,2.7200985396183848,3.914021008090819,3.914021008090819,3.6516567436233283,3.8187108282864943,0.691153161953081])",1.0
F242,"['continue', 'everyone', 'need', 'according', 'soldier.', 'image', 'carry', 'church', 'recognize.', 'book', 'store', 'interest', 'opportunity.', 'situation', 'road', 'meet', 'street', 'agreement', 'prove', 'local', 'then.', '—', 'shocking', 'claims', 'celebrity', 'scandal', 'surface', 'internet.']","(10000,[70,228,393,454,503,743,939,1273,3136,3486,3684,4533,4921,5214,5303,5379,5725,5850,6537,7184,7281,7381,7564,7936,8338,8413,8893,9940],[4.42484663185681,4.270695952029551,4.42484663185681,3.577548771469606,0.691153161953081,3.6516567436233283,5.523458920524919,3.6516567436233283,4.019381523748645,2.849310271098391,3.577548771469606,4.42484663185681,2.849310271098391,4.607168188650764,4.270695952029551,5.523458920524919,4.270695952029551,0.691153161953081,4.270695952029551,3.8187108282864943,0.6792718340663283,4.830311739964974,5.117993812416755,0.691153161953081,0.691153161953081,3.914021008090819,4.137164559405029,4.019381523748645])",0.0
F064,"['drop', 'population', 'home', 'reach', 'drug', 'mr.', 'whose', 'toward', 'guy', 'maybe', 'strategy.', 'road', 'last', 'something', 'factor', 'situation', 'page.', '—', 'shocking', 'claims', 'mind', 'control', 'surface', 'internet.']","(10000,[94,503,1208,3136,3184,3194,3365,3813,3989,4818,5471,5725,5850,7281,7516,7860,7936,8338,8386,8577,9258,9539,9561,9826],[4.137164559405029,0.691153161953081,2.849310271098391,4.019381523748645,2.8154087194227095,4.42484663185681,4.42484663185681,4.607168188650764,4.607168188650764,4.607168188650764,4.607168188650764,4.270695952029551,0.691153161953081,0.6792718340663283,4.830311739964974,2.8154087194227095,0.691153161953081,0.691153161953081,4.42484663185681,4.607168188650764,4.137164559405029,4.270695952029551,4.42484663185681,4.830311739964974])",0.0
R228,"['three', 'less', 'join', 'beyond', 'kid', 'church.', 'participant', 'although', 'rule', 'process.', 'experts', 'discuss', 'ongoing', 'developments', 'education.']","(10000,[343,1195,3614,3723,4506,4687,5047,5396,5925,7779,8077,8094,8900,8952,9462],[4.137164559405029,3.6516567436233283,0.691153161953081,4.137164559405029,0.691153161953081,0.691153161953081,2.7200985396183848,4.42484663185681,4.137164559405029,3.125563647726549,4.830311739964974,4.607168188650764,4.137164559405029,4.019381523748645,0.691153161953081])",1.0
R210,"['member', 'hold', 'rich', 'meet.', 'establish', 'operation', 'four', 'technology', 'teach.', 'man', 'become', 'official', 'state', 'expert', 'where.', 'experts', 'discuss', 'ongoing', 'developments', 'economic', 'growth.']","(10000,[914,1020,1243,1808,2347,2389,2569,2923,3614,4506,4522,4687,5459,5922,6212,6790,7090,8485,9034,9144,9462],[4.137164559405029,2.4324164671666035,4.019381523748645,5.117993812416755,4.42484663185681,4.42484663185681,3.6516567436233283,3.8187108282864943,0.691153161953081,0.691153161953081,4.607168188650764,0.691153161953081,5.117993812416755,4.42484663185681,3.914021008090819,4.830311739964974,3.6516567436233283,4.42484663185681,2.849310271098391,2.455405985391302,0.691153161953081])",1.0
R156,"['brother', 'test', 'history', 'per', 'glass', 'wait.', 'computer', 'evidence', 'suddenly', 'policy.', 'experts', 'discuss', 'ongoing', 'developments', 'policy.']","(10000,[291,298,2054,3614,4506,4687,6063,6543,6586,6932,6944,8151,8581,9462],[4.607168188650764,4.019381523748645,4.137164559405029,0.691153161953081,0.691153161953081,0.691153161953081,5.523458920524919,4.607168188650764,4.019381523748645,3.914021008090819,5.630817438845419,4.270695952029551,4.607168188650764,0.691153161953081])",1.0
R192,"['enough', 'sing', 'threat', 'turn', 'none', 'fact.', 'war', 'check', 'first', 'activity', 'democratic', 'recognize.', 'experts', 'discuss', 'ongoing', 'developments', 'climate', 'change.']","(10000,[821,2059,3614,3886,3901,4506,4687,4748,5606,6403,6451,7381,8070,8110,8719,9192,9462,9831],[2.849310271098391,2.6330871626287546,0.691153161953081,3.914021008090819,4.42484663185681,0.691153161953081,0.691153161953081,4.137164559405029,4.137164559405029,3.914021008090819,3.914021008090819,4.830311739964974,3.914021008090819,4.019381523748645,3.914021008090819,5.117993812416755,0.691153161953081,4.019381523748645])",1.0
F102,"['land', 'prove', 'dog', 'bad.', 'middle', 'happen', 'color', 'goal', 'follow', 'she.', 'structure', 'wonder', 'entire', 'collection.', '—', 'shocking', 'claims', 'government', 'cover-up', 'surface', 'internet.']","(10000,[503,1733,2259,2996,3652,3935,4704,4723,5089,5214,5850,7148,7281,7936,8338,8824,9367,9564,9813,9832,9878],[0.691153161953081,4.830311739964974,2.8154087194227095,3.6516567436233283,3.577548771469606,4.270695952029551,4.270695952029551,5.523458920524919,3.6516567436233283,4.607168188650764,0.691153161953081,4.019381523748645,0.6792718340663283,0.691153161953081,0.691153161953081,4.830311739964974,4.137164559405029,4.019381523748645,2.997730276216664,4.137164559405029,4.270695952029551])",0.0
R237,"['next', 'song', 'series', 'left', 'either', 'lot.', 'may', 'administration', 'age', 'board.', 'popular', 'effect', 'top', 'owner', 'car', 'material', 'ever.', 'experts', 'discuss', 'ongoing', 'developments', 'election.']","(10000,[1662,3231,3556,3614,3674,4463,4506,4687,5185,5305,5328,6053,6148,6324,7350,8273,8404,8544,8791,9126,9160,9462],[4.42484663185681,3.914021008090819,2.8844015909096608,0.691153161953081,4.137164559405029,4.607168188650764,0.691153161953081,0.691153161953081,4.270695952029551,5.523458920524919,3.6516567436233283,3.914021008090819,4.607168188650764,4.019381523748645,4.137164559405029,3.914021008090819,5.117993812416755,5.117993812416755,5.523458920524919,3.6516567436233283,3.8187108282864943,0.691153161953081])",1.0
F015,"['senior', 'seek', 'camera', 'continue', 'course.', 'third', 'career', 'two', 'affect.', 'close', 'ability', 'sea', 'student.', '—', 'shocking', 'claims', 'immortal', 'jellyfish', 'surface', 'internet.']","(10000,[171,503,743,1099,1650,2066,3497,3681,4144,4499,4728,4930,5692,5850,7281,7936,8338,8771,9617,9876],[4.607168188650764,0.691153161953081,3.6516567436233283,4.42484663185681,4.830311739964974,2.7508701982851385,4.42484663185681,4.270695952029551,4.42484663185681,4.830311739964974,4.270695952029551,3.8187108282864943,4.607168188650764,0.691153161953081,0.6792718340663283,0.691153161953081,0.691153161953081,4.830311739964974,4.137164559405029,2.7508701982851385])",0.0
F020,"['movie', 'include', 'red', 'game.', 'tree', 'care', 'manage.', '—', 'shocking', 'claims', 'celebrity', 'scandal', 'surface', 'internet.']","(10000,[52,503,1439,2483,2953,3486,4921,5310,5498,5850,5871,7281,7936,8338],[4.270695952029551,0.691153161953081,3.914021008090819,4.607168188650764,4.42484663185681,2.849310271098391,2.849310271098391,4.270695952029551,5.117993812416755,0.691153161953081,4.42484663185681,0.6792718340663283,0.691153161953081,0.691153161953081])",0.0
R083,"['return', 'foot', 'remain', 'anything', 'firm.', 'bank', 'democratic', 'environment', 'reality', 'stay', 'specific.', 'experts', 'discuss', 'ongoing', 'developments', 'election.']","(10000,[264,433,635,680,2114,2407,2551,3556,3614,4506,4687,5205,5606,7890,8982,9462],[5.117993812416755,4.830311739964974,3.8187108282864943,4.607168188650764,3.914021008090819,3.914021008090819,5.523458920524919,2.8844015909096608,0.691153161953081,0.691153161953081,0.691153161953081,4.137164559405029,4.137164559405029,4.270695952029551,3.8187108282864943,0.691153161953081])",1.0
F035,"['enter', 'nation', 'edge', 'occur', 'positive', 'after.', 'poor', 'year', 'deal', 'win', 'front', 'industry.', 'door', 'audience', 'stand', 'administration', 'blue.', '—', 'shocking', 'claims', 'hoax', 'surface', 'internet.']","(10000,[1,503,504,662,1312,1433,1921,2039,2398,2722,3921,4014,4377,4847,5185,5850,6886,7281,7435,7936,8103,8338,8899],[4.270695952029551,0.691153161953081,4.270695952029551,5.117993812416755,4.607168188650764,3.914021008090819,4.42484663185681,5.523458920524919,5.117993812416755,5.117993812416755,4.019381523748645,4.42484663185681,2.60568818844064,4.42484663185681,4.270695952029551,0.691153161953081,4.019381523748645,0.6792718340663283,3.8187108282864943,0.691153161953081,4.42484663185681,0.691153161953081,4.607168188650764])",0.0
R082,"['radio', 'another', 'detail.', 'tell', 'trouble', 'discuss', 'image.', 'example', 'series', 'fill', 'like.', 'experts', 'discuss', 'ongoing', 'developments', 'budget', 'report.']","(10000,[1850,2336,2909,3614,4463,4506,4687,4991,5432,8166,9086,9190,9462,9604,9606,9727],[3.8187108282864943,3.7316994512968646,4.607168188650764,1.382306323906162,4.607168188650764,0.691153161953081,0.691153161953081,2.60568818844064,2.7200985396183848,4.137164559405029,4.137164559405029,5.117993812416755,0.691153161953081,5.117993812416755,3.914021008090819,4.42484663185681])",1.0
F114,"['anything', 'cut', 'huge', 'edge', 'majority', 'sing.', 'red', 'hope', 'player', 'rich', 'act.', '—', 'shocking', 'claims', 'mind', 'control', 'surface', 'internet.']","(10000,[52,503,1206,1208,2114,2141,2198,3184,3921,4066,5850,6000,6212,6604,7281,7936,8338,9244],[4.270695952029551,0.691153161953081,4.607168188650764,2.849310271098391,3.914021008090819,5.117993812416755,4.42484663185681,2.8154087194227095,4.019381523748645,5.117993812416755,0.691153161953081,3.6516567436233283,3.914021008090819,4.137164559405029,0.6792718340663283,0.691153161953081,0.691153161953081,4.137164559405029])",0.0
F179,"['song', 'baby', 'tree', 'room', 'class.', 'short', 'economic', 'eye', 'soon', 'south', 'use', 'interest.', 'away', 'field', 'cut.', '—', 'shocking', 'claims', 'secret', 'cure', 'surface', 'internet.']","(10000,[494,503,1041,1262,1341,1348,1511,3737,3892,4816,4898,5133,5241,5850,5871,6747,7074,7281,7350,7936,8338,9144],[4.019381523748645,0.691153161953081,4.42484663185681,3.7316994512968646,4.270695952029551,4.019381523748645,5.523458920524919,4.019381523748645,2.5530444549552183,3.914021008090819,4.830311739964974,4.830311739964974,5.117993812416755,0.691153161953081,4.42484663185681,2.5530444549552183,3.577548771469606,0.6792718340663283,4.137164559405029,0.691153161953081,0.691153161953081,2.455405985391302])",0.0
F026,"['animal', 'research', 'sure', 'environmental', 'station.', '—', 'shocking', 'claims', 'celebrity', 'scandal', 'surface', 'internet.']","(10000,[503,1290,1821,3486,4921,5850,6027,7281,7360,7936,8338,9432],[0.691153161953081,5.117993812416755,3.914021008090819,2.849310271098391,2.849310271098391,0.691153161953081,4.019381523748645,0.6792718340663283,4.019381523748645,0.691153161953081,0.691153161953081,4.137164559405029])",0.0
R217,"['exist', 'million', 'near.', 'card', 'picture', 'marriage', 'issue', 'others', 'camera.', 'experts', 'discuss', 'ongoing', 'developments', 'election.']","(10000,[2144,2481,3192,3556,3614,4506,4687,6229,6602,6616,6817,6940,8651,9462],[3.914021008090819,3.8187108282864943,4.270695952029551,2.8844015909096608,0.691153161953081,0.691153161953081,0.691153161953081,4.42484663185681,4.42484663185681,3.6516567436233283,4.607168188650764,3.914021008090819,4.137164559405029,0.691153161953081])",1.0
F009,"['instead', 'executive', 'full', 'hundred', 'brother.', 'travel', 'friend', 'bed', 'later', 'hit.', '—', 'shocking', 'claims', 'celebrity', 'scandal', 'surface', 'internet.']","(10000,[488,503,560,885,3486,4527,4921,5098,5175,5850,7281,7936,8338,8681,8897,9497,9966],[4.019381523748645,0.691153161953081,4.830311739964974,5.117993812416755,2.849310271098391,4.270695952029551,2.849310271098391,5.523458920524919,3.914021008090819,0.691153161953081,0.6792718340663283,0.691153161953081,0.691153161953081,4.270695952029551,4.019381523748645,4.607168188650764,4.137164559405029])",0.0
F240,"['leader', 'partner', 'save', 'mean', 'become', 'already', 'inside.', 'democrat', 'data', 'fill', 'weight', 'term', 'degree.', '—', 'shocking', 'claims', 'aliens', 'surface', 'internet.']","(10000,[116,503,594,650,909,1526,1695,2188,4520,4928,5234,5465,5850,7090,7281,7936,8004,8338,9727],[3.914021008090819,0.691153161953081,4.607168188650764,2.958509563063383,4.270695952029551,4.137164559405029,4.830311739964974,4.42484663185681,4.270695952029551,4.830311739964974,4.42484663185681,3.914021008090819,0.691153161953081,3.6516567436233283,0.6792718340663283,0.691153161953081,3.6516567436233283,0.691153161953081,4.42484663185681])",0.0
R216,"['become', 'avoid', 'unit', 'together.', 'matter', 'push', 'reason', 'fly', 'establish', 'truth.', 'hold', 'evidence', 'watch', 'leg', 'opportunity.', 'experts', 'discuss', 'ongoing', 'developments', 'research.']","(10000,[1388,2054,2389,2402,2708,2923,2944,3225,3614,4506,4533,4687,5944,5978,6290,6335,6373,7066,7090,9462],[4.42484663185681,4.137164559405029,4.42484663185681,4.019381523748645,3.4440173788450834,3.8187108282864943,4.137164559405029,5.523458920524919,0.691153161953081,0.691153161953081,4.42484663185681,0.691153161953081,3.914021008090819,4.270695952029551,4.270695952029551,4.607168188650764,5.117993812416755,2.8844015909096608,3.6516567436233283,0.691153161953081])",1.0
F129,"['buy', 'may', 'certain', 'need.', 'know', 'eat', 'phone', 'water', 'eight', 'civil.', '—', 'shocking', 'claims', 'flat', 'earth', 'surface', 'internet.']","(10000,[80,503,1626,2589,2918,4464,5850,6544,7276,7281,7779,7936,8338,8482,9160,9288,9676],[4.137164559405029,0.691153161953081,4.137164559405029,3.914021008090819,3.0385522707369192,4.830311739964974,0.691153161953081,4.607168188650764,4.019381523748645,0.6792718340663283,3.125563647726549,0.691153161953081,0.691153161953081,4.270695952029551,3.8187108282864943,4.137164559405029,3.0385522707369192])",0.0
R197,"['network', 'card', 'feel', 'former', 'hit', 'customer.', 'charge', 'claim', 'reach', 'foot', 'suggest.', 'guy', 'this.', 'experts', 'discuss', 'ongoing', 'developments', 'education.']","(10000,[94,2144,3115,3478,3614,4160,4506,4687,4963,5047,6714,6812,7890,8252,8386,8937,9152,9462],[4.137164559405029,3.914021008090819,4.270695952029551,5.523458920524919,0.691153161953081,4.137164559405029,0.691153161953081,0.691153161953081,5.117993812416755,2.7200985396183848,5.117993812416755,4.019381523748645,4.270695952029551,4.270695952029551,4.42484663185681,4.607168188650764,4.270695952029551,0.691153161953081])",1.0
F142,"['policy', 'tv', 'market', 'member', 'court.', 'rich', 'big', 'market', 'decision.', 'fight', 'politics', 'computer', 'network', 'capital.', '—', 'shocking', 'claims', 'government', 'cover-up', 'surface', 'internet.']","(10000,[101,481,503,2259,2526,2657,3048,4142,4547,5377,5850,5887,6212,6790,7281,7936,8151,8338,9152,9813],[4.830311739964974,5.523458920524919,0.691153161953081,2.8154087194227095,3.914021008090819,6.888034757690167,4.019381523748645,5.117993812416755,4.270695952029551,5.117993812416755,0.691153161953081,4.137164559405029,3.914021008090819,4.830311739964974,0.6792718340663283,0.691153161953081,4.270695952029551,0.691153161953081,4.270695952029551,2.997730276216664])",0.0
R140,"['either', 'picture', 'paper', 'yes.', 'break', 'task', 'tree.', 'although', 'travel', 'million', 'wait', 'eight', 'economy', 'computer', 'face.', 'experts', 'discuss', 'ongoing', 'developments', 'climate', 'change.']","(10000,[217,668,821,2059,2481,2601,3614,4506,4687,5477,7779,8151,8451,8482,8651,8681,8690,9126,9297,9357,9462],[3.8187108282864943,3.914021008090819,2.849310271098391,2.6330871626287546,3.8187108282864943,5.117993812416755,0.691153161953081,0.691153161953081,0.691153161953081,4.270695952029551,3.125563647726549,4.270695952029551,3.8187108282864943,4.270695952029551,4.137164559405029,4.270695952029551,4.270695952029551,3.6516567436233283,5.117993812416755,5.523458920524919,0.691153161953081])",1.0
R165,"['decade', 'day', 'serious', 'case', 'game', 'color', 'enjoy.', 'within', 'later', 'film', 'final', 'tend.', 'experts', 'discuss', 'ongoing', 'developments', 'budget', 'report.']","(10000,[560,1117,1653,3614,4506,4687,4991,5003,5432,5797,6030,6342,6847,8975,9133,9462,9817,9832],[4.830311739964974,3.7316994512968646,3.914021008090819,0.691153161953081,0.691153161953081,0.691153161953081,2.60568818844064,4.270695952029551,2.7200985396183848,5.117993812416755,4.137164559405029,4.42484663185681,4.830311739964974,3.914021008090819,3.8187108282864943,0.691153161953081,3.4440173788450834,4.137164559405029])",1.0
R139,"['action', 'forward', 'walk', 'enjoy', 'with.', 'field', 'range', 'race.', 'back', 'thank', 'president.', 'experts', 'discuss', 'ongoing', 'developments', 'education.']","(10000,[165,320,1687,1805,3614,4506,4687,5047,5374,6142,6633,7074,7640,8411,8430,9462],[3.6516567436233283,4.42484663185681,4.137164559405029,3.914021008090819,0.691153161953081,0.691153161953081,0.691153161953081,2.7200985396183848,4.270695952029551,4.830311739964974,3.914021008090819,3.577548771469606,5.117993812416755,3.2721671219184243,4.42484663185681,0.691153161953081])",1.0
F232,"['professor', 'nice', 'focus', 'nice', 'thing', 'arrive', 'move.', 'finally', 'either', 'subject', 'partner', 'human.', '—', 'shocking', 'claims', 'hoax', 'surface', 'internet.']","(10000,[116,503,1817,2543,3370,3857,3931,4377,5760,5850,7281,7391,7936,8338,8391,8655,9126],[3.914021008090819,0.691153161953081,4.42484663185681,3.6516567436233283,8.541391904059102,4.42484663185681,3.2721671219184243,2.60568818844064,4.830311739964974,0.691153161953081,0.6792718340663283,4.607168188650764,0.691153161953081,0.691153161953081,4.607168188650764,4.137164559405029,3.6516567436233283])",0.0
F108,"['effort', 'citizen', 'color', 'program.', 'peace', 'statement', 'stand', 'check.', 'feeling', 'may', 'never', 'commercial.', '—', 'shocking', 'claims', 'celebrity', 'scandal', 'surface', 'internet.']","(10000,[8,281,503,613,3486,4613,4921,5726,5850,6697,6886,7025,7281,7936,8338,9160,9394,9817,9832],[4.137164559405029,4.137164559405029,0.691153161953081,4.019381523748645,2.849310271098391,5.523458920524919,2.849310271098391,3.6516567436233283,0.691153161953081,4.137164559405029,4.019381523748645,5.117993812416755,0.6792718340663283,0.691153161953081,0.691153161953081,3.8187108282864943,4.830311739964974,3.4440173788450834,4.137164559405029])",0.0
F167,"['interesting', 'smile', 'along', 'political.', 'join', 'three', 'deep', 'moment', 'fast.', '—', 'shocking', 'claims', 'celebrity', 'scandal', 'surface', 'internet.']","(10000,[503,1762,2603,2713,2840,3401,3486,3634,4831,4921,5850,5925,7281,7936,8338,8952],[0.691153161953081,4.270695952029551,5.523458920524919,4.137164559405029,4.42484663185681,4.019381523748645,2.849310271098391,4.607168188650764,4.607168188650764,2.849310271098391,0.691153161953081,4.137164559405029,0.6792718340663283,0.691153161953081,0.691153161953081,4.019381523748645])",0.0
R242,"['young', 'thus', 'raise', 'voice', 'tv', 'enough', 'describe.', 'away', 'see', 'consider.', 'experts', 'discuss', 'ongoing', 'developments', 'research.']","(10000,[3527,3530,3614,3737,4506,4547,4687,4748,5354,5684,6751,7066,7309,7809,9462],[4.607168188650764,4.137164559405029,0.691153161953081,4.019381523748645,0.691153161953081,4.270695952029551,0.691153161953081,4.137164559405029,4.830311739964974,4.42484663185681,4.830311739964974,2.8844015909096608,4.830311739964974,4.830311739964974,0.691153161953081])",1.0
F133,"['music', 'activity', 'research', 'catch.', 'show', 'tough', 'bank.', '—', 'shocking', 'claims', 'immortal', 'jellyfish', 'surface', 'internet.']","(10000,[503,2066,4019,5447,5850,6370,6426,7281,7936,8110,8338,9432,9615,9876],[0.691153161953081,2.7508701982851385,4.019381523748645,3.577548771469606,0.691153161953081,3.914021008090819,5.117993812416755,0.6792718340663283,0.691153161953081,4.019381523748645,0.691153161953081,4.137164559405029,4.830311739964974,2.7508701982851385])",0.0
F025,"['seem', 'unit', 'simple', 'professor', 'others', 'manage.', 'much', 'recent', 'determine', 'community', 'office.', 'citizen', 'make', 'every', 'four', 'participant', 'college', 'discover', 'indeed.', '—', 'shocking', 'claims', 'flat', 'earth', 'surface', 'internet.']","(10000,[8,503,524,1243,1996,2483,2543,2588,2913,2918,3525,4170,5396,5591,5850,6335,6940,7281,7734,7765,7936,8057,8174,8338,9676,9681],[4.137164559405029,0.691153161953081,3.8187108282864943,4.019381523748645,5.117993812416755,4.607168188650764,3.6516567436233283,4.270695952029551,3.8187108282864943,3.0385522707369192,4.019381523748645,4.607168188650764,4.42484663185681,4.42484663185681,0.691153161953081,4.607168188650764,3.914021008090819,0.6792718340663283,4.270695952029551,4.830311739964974,0.691153161953081,4.607168188650764,4.137164559405029,0.691153161953081,3.0385522707369192,3.914021008090819])",0.0
F093,"['mean', 'purpose', 'effect', 'spring', 'yeah.', 'four', 'ten', 'consumer', 'common.', 'economy', 'since', 'visit', 'difficult', 'area', 'form', 'hand', 'push.', '—', 'shocking', 'claims', 'immortal', 'jellyfish', 'surface', 'internet.']","(10000,[217,503,698,909,1243,1644,1712,2066,3423,3744,5085,5621,5649,5850,6287,6324,7074,7281,7936,8089,8134,8338,9475,9876],[3.8187108282864943,0.691153161953081,3.914021008090819,4.270695952029551,4.019381523748645,4.019381523748645,4.019381523748645,2.7508701982851385,4.42484663185681,5.117993812416755,3.914021008090819,4.019381523748645,4.270695952029551,0.691153161953081,4.270695952029551,4.019381523748645,3.577548771469606,0.6792718340663283,0.691153161953081,4.42484663185681,5.117993812416755,0.691153161953081,4.42484663185681,2.7508701982851385])",0.0
F236,"['idea', 'born', 'everything', 'feeling', 'start', 'push', 'little.', 'civil', 'director', 'contain', 'republican', 'scientist', 'thought.', 'goal', 'expert', 'reduce', 'issue', 'speak.', '—', 'shocking', 'claims', 'government', 'cover-up', 'surface', 'internet.']","(10000,[503,593,613,914,1853,2259,2996,4461,4616,5089,5750,5850,5958,5978,6226,6616,7281,7493,7709,7936,8159,8338,9156,9545,9813],[0.691153161953081,4.137164559405029,4.019381523748645,4.137164559405029,3.8187108282864943,2.8154087194227095,3.6516567436233283,5.117993812416755,4.42484663185681,3.6516567436233283,4.830311739964974,0.691153161953081,4.137164559405029,4.270695952029551,4.019381523748645,3.6516567436233283,0.6792718340663283,3.6516567436233283,4.607168188650764,0.691153161953081,3.4440173788450834,0.691153161953081,3.8187108282864943,4.607168188650764,2.997730276216664])",0.0
F069,"['general', 'note', 'none', 'across', 'adult', 'letter', 'only.', 'father', 'manager', 'authority', 'pressure', 'less', 'better.', 'generation', 'sometimes', 'positive', 'nearly', 'usually.', '—', 'shocking', 'claims', 'flat', 'earth', 'surface', 'internet.']","(10000,[1,72,503,564,1176,1195,1243,1652,1800,2866,2918,5465,5661,5850,5869,6652,6963,7074,7078,7281,7936,8338,9676,9831,9909],[4.270695952029551,4.019381523748645,0.691153161953081,4.42484663185681,4.607168188650764,3.6516567436233283,4.019381523748645,4.270695952029551,4.830311739964974,4.607168188650764,3.0385522707369192,3.914021008090819,4.830311739964974,0.691153161953081,4.270695952029551,5.117993812416755,4.019381523748645,3.577548771469606,4.830311739964974,0.6792718340663283,0.691153161953081,0.691153161953081,3.0385522707369192,4.019381523748645,3.914021008090819])",0.0
F219,"['fine', 'partner', 'compare', 'much', 'art', 'process', 'five.', 'statement', 'project', 'that.', '—', 'shocking', 'claims', 'flat', 'earth', 'surface', 'internet.']","(10000,[116,503,524,1776,2230,2918,5850,6431,6508,7281,7854,7936,8040,8338,9246,9676,9817],[3.914021008090819,0.691153161953081,3.8187108282864943,4.830311739964974,4.607168188650764,3.0385522707369192,0.691153161953081,4.019381523748645,4.830311739964974,0.6792718340663283,4.137164559405029,0.691153161953081,3.2721671219184243,0.691153161953081,4.019381523748645,3.0385522707369192,3.4440173788450834])",0.0
R079,"['production', 'consumer', 'world', 'economic', 'role.', 'sense', 'cold', 'present', 'artist.', 'billion', 'five', 'also', 'campaign', 'letter.', 'experts', 'discuss', 'ongoing', 'developments', 'election.']","(10000,[258,3556,3614,3792,3920,4300,4506,4687,5447,5974,6675,7117,8130,8353,9144,9360,9462,9475,9974],[4.137164559405029,2.8844015909096608,0.691153161953081,3.914021008090819,4.42484663185681,4.830311739964974,0.691153161953081,0.691153161953081,3.577548771469606,4.270695952029551,4.137164559405029,4.830311739964974,4.607168188650764,4.137164559405029,2.455405985391302,4.137164559405029,0.691153161953081,4.42484663185681,4.830311739964974])",1.0
F042,"['drug', 'nature', 'product', 'economic', 'mother', 'tend', 'section', 'police.', 'media', 'civil', 'perhaps', 'field', 'somebody.', 'start', 'hospital', 'opportunity.', '—', 'shocking', 'claims', 'hoax', 'surface', 'internet.']","(10000,[354,447,503,593,1209,1259,1810,2996,3611,4377,4391,4533,4930,5850,6968,7074,7281,7860,7936,8338,8741,9144],[4.270695952029551,4.830311739964974,0.691153161953081,4.137164559405029,4.019381523748645,4.270695952029551,4.270695952029551,3.6516567436233283,4.137164559405029,2.60568818844064,5.117993812416755,4.42484663185681,3.8187108282864943,0.691153161953081,4.830311739964974,3.577548771469606,0.6792718340663283,2.8154087194227095,0.691153161953081,0.691153161953081,4.830311739964974,2.455405985391302])",0.0
R154,"['assume', 'enter', 'assume', 'huge', 'meeting', 'wrong.', 'station', 'black', 'seven', 'part.', 'experts', 'discuss', 'ongoing', 'developments', 'budget', 'report.']","(10000,[20,1948,2198,2664,3614,4506,4687,4903,4905,4991,5432,7435,7850,8415,9462],[4.270695952029551,4.270695952029551,4.42484663185681,7.3033134872466565,0.691153161953081,0.691153161953081,0.691153161953081,5.523458920524919,4.830311739964974,2.60568818844064,2.7200985396183848,3.8187108282864943,3.914021008090819,4.137164559405029,0.691153161953081])",1.0
R089,"['every', 'establish', 'man', 'apply', 'write', 'language.', 'benefit', 'nature', 'majority.', 'experts', 'discuss', 'ongoing', 'developments', 'public', 'health.']","(10000,[1770,2569,2923,3611,3614,3709,4506,4687,5445,5653,6219,7312,9462,9681,9998],[2.997730276216664,3.6516567436233283,3.8187108282864943,4.137164559405029,0.691153161953081,4.607168188650764,0.691153161953081,0.691153161953081,3.914021008090819,3.914021008090819,3.172083663361442,4.42484663185681,0.691153161953081,3.914021008090819,4.830311739964974])",1.0
R038,"['suggest', 'traditional', 'paper', 'phone', 'relationship', 'former.', 'show', 'well', 'hospital.', 'experts', 'discuss', 'ongoing', 'developments', 'public', 'health.']","(10000,[157,934,1626,1770,3614,4019,4260,4486,4506,4687,6219,7816,8690,9401,9462],[3.4440173788450834,5.117993812416755,4.137164559405029,2.997730276216664,0.691153161953081,4.019381523748645,4.270695952029551,4.607168188650764,0.691153161953081,0.691153161953081,3.172083663361442,4.607168188650764,4.270695952029551,5.523458920524919,0.691153161953081])",1.0
R053,"['fear', 'range', 'leader', 'message.', 'consumer', 'recent', 'across', 'member', 'fact', 'success', 'own.', 'experts', 'discuss', 'ongoing', 'developments', 'economic', 'growth.']","(10000,[165,1526,3614,4506,4687,5591,6790,7055,7074,7215,7813,9034,9144,9462,9475,9513,9828],[3.6516567436233283,4.137164559405029,0.691153161953081,0.691153161953081,0.691153161953081,4.42484663185681,4.830311739964974,5.117993812416755,3.577548771469606,4.137164559405029,5.117993812416755,2.849310271098391,2.455405985391302,0.691153161953081,4.42484663185681,3.7316994512968646,4.019381523748645])",1.0
F201,"['tell', 'catch', 'feeling', 'thought.', 'return', 'upon', 'run.', 'agreement', 'reality', 'matter', 'price', 'shake', 'drive', 'sea', 'expect.', '—', 'shocking', 'claims', 'hoax', 'surface', 'internet.']","(10000,[503,613,635,680,1738,1850,2180,2402,4377,4461,5850,6325,6735,7281,7912,7936,7949,8219,8338,8413,9617],[0.691153161953081,4.019381523748645,3.8187108282864943,4.607168188650764,4.607168188650764,3.8187108282864943,4.137164559405029,4.019381523748645,2.60568818844064,5.117993812416755,0.691153161953081,3.8187108282864943,4.137164559405029,0.6792718340663283,5.117993812416755,0.691153161953081,4.019381523748645,5.117993812416755,0.691153161953081,3.914021008090819,4.137164559405029])",0.0
F013,"['effort', 'onto', 'hand', 'table', 'certainly', 'administration.', 'former', 'detail', 'staff', 'next', 'charge', 'pm', 'hospital', 'politics.', '—', 'shocking', 'claims', 'secret', 'cure', 'surface', 'internet.']","(10000,[211,503,673,1143,3423,3684,3892,3931,4160,4319,4930,5726,5850,6224,6747,6812,7026,7281,7936,8273,8338],[4.830311739964974,0.691153161953081,3.914021008090819,4.137164559405029,4.42484663185681,3.577548771469606,2.5530444549552183,3.2721671219184243,4.137164559405029,3.5085558999826545,3.8187108282864943,3.6516567436233283,0.691153161953081,3.914021008090819,2.5530444549552183,4.019381523748645,4.270695952029551,0.6792718340663283,0.691153161953081,3.914021008090819,0.691153161953081])",0.0
R023,"['wait', 'exactly', 'theory', 'three', 'son', 'cause.', 'energy', 'customer.', 'experts', 'discuss', 'ongoing', 'developments', 'policy.']","(10000,[209,1468,2096,3614,4506,4687,5477,5925,6714,6944,7070,8307,9462],[4.607168188650764,4.137164559405029,4.019381523748645,0.691153161953081,0.691153161953081,0.691153161953081,4.270695952029551,4.137164559405029,5.117993812416755,2.8154087194227095,5.523458920524919,4.137164559405029,0.691153161953081])",1.0
R068,"['mind', 'pick', 'decade', 'dog', 'mother.', 'property', 'actually', 'enter', 'sense', 'peace.', 'president', 'good', 'morning', 'although', 'radio', 'old', 'better.', 'experts', 'discuss', 'ongoing', 'developments', 'technology', 'breakthrough.']","(10000,[1020,1306,2227,2733,3160,3184,3614,4506,4687,4944,5447,6030,6168,6447,7078,7083,7177,7372,7435,7779,9086,9462,9564],[2.4324164671666035,4.137164559405029,2.7200985396183848,4.607168188650764,4.42484663185681,2.8154087194227095,0.691153161953081,0.691153161953081,0.691153161953081,4.830311739964974,3.577548771469606,4.137164559405029,3.914021008090819,4.830311739964974,4.830311739964974,4.42484663185681,4.830311739964974,3.914021008090819,3.8187108282864943,3.125563647726549,4.137164559405029,0.691153161953081,4.019381523748645])",1.0
F065,"['air', 'explain', 'way', 'good', 'possible', 'market', 'color', 'environmental.', '—', 'shocking', 'claims', 'hoax', 'surface', 'internet.']","(10000,[88,503,2657,4377,5341,5850,6100,6168,7281,7936,8338,9216,9391,9832],[4.607168188650764,0.691153161953081,3.4440173788450834,2.60568818844064,4.019381523748645,0.691153161953081,4.42484663185681,3.914021008090819,0.6792718340663283,0.691153161953081,0.691153161953081,5.523458920524919,4.607168188650764,4.137164559405029])",0.0
F239,"['look', 'often', 'require', 'may', 'such.', 'wrong', 'many', 'fill.', 'seat', 'place', 'subject', 'line', 'six', 'of.', '—', 'shocking', 'claims', 'celebrity', 'scandal', 'surface', 'internet.']","(10000,[7,47,453,503,1182,2759,3486,3629,4921,5188,5401,5850,6390,6512,7281,7936,8338,8449,8655,9160,9939],[3.914021008090819,3.8187108282864943,4.019381523748645,0.691153161953081,4.607168188650764,5.117993812416755,2.849310271098391,5.523458920524919,2.849310271098391,3.7316994512968646,4.019381523748645,0.691153161953081,4.830311739964974,4.42484663185681,0.6792718340663283,0.691153161953081,0.691153161953081,4.137164559405029,4.137164559405029,3.8187108282864943,4.42484663185681])",0.0
F084,"['religious', 'protect', 'report', 'high', 'hope', 'sure', 'security.', 'order', 'maintain', 'blood.', 'range', 'money', 'must', 'positive', 'child', 'third.', '—', 'shocking', 'claims', 'miracle', 'drug', 'surface', 'internet.']","(10000,[1,165,503,1023,1226,1256,1821,2116,4293,4349,5247,5850,6000,6103,6505,7235,7244,7281,7860,7936,8151,8338,8423],[4.270695952029551,3.6516567436233283,0.691153161953081,4.42484663185681,4.607168188650764,3.125563647726549,3.914021008090819,4.270695952029551,4.42484663185681,4.830311739964974,4.607168188650764,0.691153161953081,3.6516567436233283,4.137164559405029,4.270695952029551,4.42484663185681,3.6516567436233283,0.6792718340663283,2.8154087194227095,0.691153161953081,4.270695952029551,0.691153161953081,4.830311739964974])",0.0
R120,"['hundred', 'chair', 'major', 'receive', 'bank.', 'purpose', 'energy', 'begin', 'situation', 'like', 'right.', 'none', 'enough', 'former', 'officer.', 'experts', 'discuss', 'ongoing', 'developments', 'election.']","(10000,[681,1058,1513,2660,3136,3330,3556,3614,4160,4506,4617,4687,4748,5175,6511,8089,8307,9462,9615,9831],[4.607168188650764,4.42484663185681,4.270695952029551,4.830311739964974,4.019381523748645,5.117993812416755,2.8844015909096608,0.691153161953081,4.137164559405029,0.691153161953081,5.117993812416755,0.691153161953081,4.137164559405029,3.914021008090819,5.117993812416755,4.42484663185681,4.137164559405029,0.691153161953081,4.830311739964974,4.019381523748645])",1.0
F207,"['inside', 'market', 'partner', 'write', 'deal', 'society.', 'particularly', 'owner', 'anything', 'guess.', 'among', 'north', 'eye', 'fight', 'fine.', '—', 'shocking', 'claims', 'government', 'cover-up', 'surface', 'internet.']","(10000,[116,292,503,1341,1433,1778,2114,2259,2526,2657,5248,5445,5850,6053,6443,7255,7281,7362,7936,8338,9066,9813],[3.914021008090819,5.523458920524919,0.691153161953081,4.270695952029551,3.914021008090819,4.830311739964974,3.914021008090819,2.8154087194227095,3.914021008090819,3.4440173788450834,5.523458920524919,3.914021008090819,0.691153161953081,3.914021008090819,3.8187108282864943,5.523458920524919,0.6792718340663283,4.270695952029551,0.691153161953081,0.691153161953081,4.137164559405029,2.997730276216664])",0.0
R158,"['relationship', 'beautiful', 'follow.', 'particular', 'garden', 'anyone', 'material', 'minute', 'night.', 'baby', 'billion', 'quickly', 'mother', 'attack', 'about.', 'experts', 'discuss', 'ongoing', 'developments', 'economic', 'growth.']","(10000,[258,354,666,1273,1348,2176,3222,3231,3357,3391,3614,4260,4506,4687,5693,5936,7870,8984,9034,9144,9462],[4.137164559405029,4.270695952029551,4.42484663185681,3.6516567436233283,4.019381523748645,5.523458920524919,5.523458920524919,3.914021008090819,4.42484663185681,4.270695952029551,0.691153161953081,4.270695952029551,0.691153161953081,0.691153161953081,4.019381523748645,4.019381523748645,3.8187108282864943,4.270695952029551,2.849310271098391,2.455405985391302,0.691153161953081])",1.0
R097,"['serious', 'set', 'vote', 'investment.', 'experts', 'discuss', 'ongoing', 'developments', 'technology', 'breakthrough.']","(10000,[1020,1117,1734,2227,3614,4506,4687,5342,9214,9462],[2.4324164671666035,3.7316994512968646,4.830311739964974,2.7200985396183848,0.691153161953081,0.691153161953081,0.691153161953081,4.42484663185681,4.42484663185681,0.691153161953081])",1.0
R092,"['bag', 'offer', 'black', 'since', 'reason', 'allow.', 'town', 'almost', 'collection', 'force', 'moment', 'total.', 'experts', 'discuss', 'ongoing', 'developments', 'technology', 'breakthrough.']","(10000,[391,415,1020,1948,2227,2944,2958,3401,3614,4506,4687,4715,6287,6535,7601,8209,8566,9462],[4.830311739964974,4.830311739964974,2.4324164671666035,4.270695952029551,2.7200985396183848,4.137164559405029,3.7316994512968646,4.019381523748645,0.691153161953081,0.691153161953081,0.691153161953081,4.270695952029551,4.270695952029551,5.523458920524919,5.117993812416755,3.6516567436233283,4.019381523748645,0.691153161953081])",1.0
F172,"['make', 'since', 'low', 'old', 'loss', 'certain', 'while.', 'note', 'dark', 'speech', 'skin.', 'case', 'thank', 'training', 'short', 'actually', 'turn.', '—', 'shocking', 'claims', 'hoax', 'surface', 'internet.']","(10000,[502,503,697,1262,1687,2706,3334,3525,4377,5329,5850,6287,6342,6447,7083,7281,7538,7936,8338,8391,8411,9288,9909],[3.914021008090819,0.691153161953081,4.607168188650764,3.7316994512968646,4.137164559405029,5.117993812416755,5.523458920524919,4.019381523748645,2.60568818844064,4.270695952029551,0.691153161953081,4.270695952029551,4.42484663185681,4.830311739964974,4.42484663185681,0.6792718340663283,4.270695952029551,0.691153161953081,0.691153161953081,4.607168188650764,3.2721671219184243,4.137164559405029,3.914021008090819])",0.0
R182,"['interest', 'particular', 'baby.', 'true', 'across', 'woman', 'reduce', 'heart.', 'ability', 'else', 'kid', 'course', 'major', 'agreement', 'character.', 'experts', 'discuss', 'ongoing', 'developments', 'economic', 'growth.']","(10000,[70,691,1058,3614,3652,3681,3723,4506,4563,4687,5034,7074,7188,8159,8413,8530,8984,9034,9144,9367,9462],[4.42484663185681,5.523458920524919,4.42484663185681,0.691153161953081,3.577548771469606,4.270695952029551,4.137164559405029,0.691153161953081,4.137164559405029,0.691153161953081,4.42484663185681,3.577548771469606,3.8187108282864943,3.4440173788450834,3.914021008090819,5.117993812416755,4.270695952029551,2.849310271098391,2.455405985391302,4.137164559405029,0.691153161953081])",1.0
F014,"['activity', 'serve', 'director', 'certainly', 'site', 'experience', 'raise.', 'test', 'conference', 'wife', 'human', 'design.', 'best', 'pick', 'get', 'get', 'stock', 'option.', '—', 'shocking', 'claims', 'secret', 'cure', 'surface', 'internet.']","(10000,[503,673,763,793,1725,1853,3021,3635,3892,5657,5850,5891,6586,6747,7281,7372,7425,7593,7936,8110,8303,8338,8569,9426],[0.691153161953081,3.914021008090819,4.137164559405029,4.42484663185681,4.42484663185681,3.8187108282864943,4.270695952029551,4.019381523748645,2.5530444549552183,4.270695952029551,0.691153161953081,4.137164559405029,4.019381523748645,2.5530444549552183,0.6792718340663283,3.914021008090819,4.830311739964974,5.523458920524919,0.691153161953081,4.019381523748645,5.117993812416755,0.691153161953081,4.830311739964974,8.274329118810059])",0.0
R230,"['even', 'show', 'side.', 'pattern', 'month', 'though', 'director', 'protect', 'trip', 'standard.', 'experts', 'discuss', 'ongoing', 'developments', 'election.']","(10000,[617,1112,1853,3385,3556,3614,3924,4019,4506,4687,5741,5782,6406,7235,9462],[3.8187108282864943,5.523458920524919,3.8187108282864943,4.270695952029551,2.8844015909096608,0.691153161953081,4.137164559405029,4.019381523748645,0.691153161953081,0.691153161953081,3.7316994512968646,4.270695952029551,3.914021008090819,4.42484663185681,0.691153161953081])",1.0
F223,"['break', 'charge', 'south.', 'practice', 'next', 'quality', 'try', 'cover.', 'almost', 'financial', 'hand', 'early', 'particularly', 'school.', '—', 'shocking', 'claims', 'government', 'cover-up', 'surface', 'internet.']","(10000,[503,668,1211,2259,3423,3506,4092,4280,4640,4693,5850,6443,6812,7281,7407,7936,8273,8338,8566,8867,9813],[0.691153161953081,3.914021008090819,5.117993812416755,2.8154087194227095,4.42484663185681,4.607168188650764,5.117993812416755,4.42484663185681,5.117993812416755,4.270695952029551,0.691153161953081,3.8187108282864943,4.019381523748645,0.6792718340663283,4.270695952029551,0.691153161953081,3.914021008090819,0.691153161953081,4.019381523748645,5.117993812416755,2.997730276216664])",0.0
R221,"['room', 'area', 'second', 'possible', 'property', 'hold', 'where.', 'indeed', 'model', 'need', 'meet.', 'speech', 'sense', 'reason', 'next', 'able.', 'police', 'challenge', 'next', 'return', 'cultural.', 'experts', 'discuss', 'ongoing', 'developments', 'policy.']","(10000,[494,502,635,2347,2389,2733,2944,3614,3876,4506,4522,4687,4934,5447,5649,5935,6100,6537,6944,7102,8273,8471,8730,9256,9462],[4.019381523748645,3.914021008090819,3.8187108282864943,4.42484663185681,4.42484663185681,4.607168188650764,4.137164559405029,0.691153161953081,3.914021008090819,0.691153161953081,4.607168188650764,0.691153161953081,4.270695952029551,3.577548771469606,4.270695952029551,4.137164559405029,4.42484663185681,4.270695952029551,2.8154087194227095,4.137164559405029,7.828042016181638,5.523458920524919,4.607168188650764,3.7316994512968646,0.691153161953081])",1.0
R173,"['tax', 'page', 'doctor', 'campaign', 'themselves.', 'know', 'catch', 'baby', 'democratic', 'opportunity.', 'industry', 'watch', 'school.', 'experts', 'discuss', 'ongoing', 'developments', 'climate', 'change.']","(10000,[777,821,1211,1348,2059,2708,2827,3010,3614,4506,4533,4687,5606,5853,6587,6675,7779,7949,9462],[4.137164559405029,2.849310271098391,5.117993812416755,4.019381523748645,2.6330871626287546,3.4440173788450834,4.42484663185681,4.42484663185681,0.691153161953081,0.691153161953081,4.42484663185681,0.691153161953081,4.137164559405029,4.42484663185681,4.019381523748645,4.137164559405029,3.125563647726549,4.019381523748645,0.691153161953081])",1.0
F249,"['discussion', 'process', 'ok', 'share', 'product', 'meet.', 'hope', 'garden', 'deal', 'stuff.', '—', 'shocking', 'claims', 'immortal', 'jellyfish', 'surface', 'internet.']","(10000,[447,503,1433,2066,2347,2645,2825,3947,5315,5850,5936,6000,7281,7936,8040,8338,9876],[4.830311739964974,0.691153161953081,3.914021008090819,2.7508701982851385,4.42484663185681,4.830311739964974,5.117993812416755,4.42484663185681,5.117993812416755,0.691153161953081,4.019381523748645,3.6516567436233283,0.6792718340663283,0.691153161953081,3.2721671219184243,0.691153161953081,2.7508701982851385])",0.0
F112,"['consider', 'appear', 'tough', 'candidate', 'prevent.', 'lose', 'lay', 'life', 'turn', 'wrong', 'set', 'base.', 'size', 'kind.', '—', 'shocking', 'claims', 'government', 'cover-up', 'surface', 'internet.']","(10000,[312,503,2259,2338,2784,3192,3477,3886,4358,4422,4475,5342,5447,5850,6512,6838,7281,7936,8182,8338,9813],[4.270695952029551,0.691153161953081,2.8154087194227095,4.607168188650764,5.117993812416755,4.270695952029551,4.137164559405029,3.914021008090819,4.270695952029551,4.607168188650764,3.6516567436233283,4.42484663185681,3.577548771469606,0.691153161953081,4.42484663185681,4.830311739964974,0.6792718340663283,0.691153161953081,4.607168188650764,0.691153161953081,2.997730276216664])",0.0
R058,"['child', 'possible', 'form', 'treat', 'station', 'state.', 'main', 'water', 'strategy.', 'experts', 'discuss', 'ongoing', 'developments', 'budget', 'report.']","(10000,[1637,2589,3614,4506,4687,4991,5432,5621,6100,7244,7516,8415,8750,8929,9462],[3.914021008090819,3.914021008090819,0.691153161953081,0.691153161953081,0.691153161953081,2.60568818844064,2.7200985396183848,4.019381523748645,4.42484663185681,3.6516567436233283,4.830311739964974,4.137164559405029,5.117993812416755,4.830311739964974,0.691153161953081])",1.0
R159,"['always', 'front', 'option', 'focus', 'song', 'wall.', 'bed', 'side.', 'experts', 'discuss', 'ongoing', 'developments', 'economic', 'growth.']","(10000,[504,3072,3614,3924,3931,4506,4687,7350,9011,9034,9144,9462,9497,9613],[4.270695952029551,5.117993812416755,0.691153161953081,4.137164559405029,3.2721671219184243,0.691153161953081,0.691153161953081,4.137164559405029,4.830311739964974,2.849310271098391,2.455405985391302,0.691153161953081,4.607168188650764,4.607168188650764])",1.0
R029,"['nation', 'meet', 'civil', 'money', 'exist', 'approach.', 'certainly', 'care', 'appear', 'blue.', 'lay', 'offer', 'area', 'court', 'career', 'in.', 'experts', 'discuss', 'ongoing', 'developments', 'economic', 'growth.']","(10000,[593,673,1936,2722,2958,3614,4014,4475,4506,4568,4687,4930,5310,5649,6103,6434,6602,8182,9034,9144,9462,9940],[4.137164559405029,3.914021008090819,5.523458920524919,5.117993812416755,3.7316994512968646,0.691153161953081,4.42484663185681,3.6516567436233283,0.691153161953081,4.42484663185681,0.691153161953081,3.8187108282864943,4.270695952029551,4.270695952029551,4.137164559405029,5.523458920524919,4.42484663185681,4.607168188650764,2.849310271098391,2.455405985391302,0.691153161953081,4.019381523748645])",1.0
R126,"['enjoy', 'seat', 'consumer', 'work', 'per', 'today.', 'front', 'street', 'decision', 'idea', 'beyond.', 'political', 'provide', 'best', 'stuff', 'center.', 'experts', 'discuss', 'ongoing', 'developments', 'research.']","(10000,[47,142,298,504,763,1805,2193,3614,3684,3882,3935,4506,4687,5946,5958,6575,7066,7722,9462,9475,9527],[3.8187108282864943,4.830311739964974,4.019381523748645,4.270695952029551,4.137164559405029,3.914021008090819,4.019381523748645,0.691153161953081,3.577548771469606,4.607168188650764,4.270695952029551,0.691153161953081,0.691153161953081,4.270695952029551,4.137164559405029,5.523458920524919,2.8844015909096608,3.914021008090819,0.691153161953081,4.42484663185681,4.270695952029551])",1.0
R132,"['research', 'maintain', 'wish.', 'game', 'detail', 'amount', 'woman', 'leave', 'great.', 'major', 'western', 'job', 'quality', 'major.', 'experts', 'discuss', 'ongoing', 'developments', 'education.']","(10000,[524,557,812,1058,1143,2913,3506,3614,4506,4563,4687,5047,5247,6591,7222,8975,9432,9462,9829],[3.8187108282864943,5.523458920524919,5.523458920524919,4.42484663185681,4.137164559405029,3.8187108282864943,4.607168188650764,0.691153161953081,0.691153161953081,4.137164559405029,0.691153161953081,2.7200985396183848,4.607168188650764,5.523458920524919,4.137164559405029,3.914021008090819,4.137164559405029,0.691153161953081,4.607168188650764])",1.0
R025,"['institution', 'pretty', 'true', 'song.', 'kind', 'someone', 'senior', 'happy', 'forward', 'knowledge.', 'still', 'action', 'rate', 'billion', 'agree', 'truth.', 'month', 'within', 'thing', 'fly', 'remain.', 'experts', 'discuss', 'ongoing', 'developments', 'election.']","(10000,[253,258,2604,3243,3556,3614,3671,3712,3857,3919,4144,4506,4687,5347,5741,5944,6044,6373,6633,6805,6925,6934,7188,8411,9462,9817],[4.137164559405029,4.137164559405029,5.117993812416755,4.42484663185681,2.8844015909096608,0.691153161953081,5.117993812416755,4.270695952029551,4.42484663185681,5.117993812416755,4.42484663185681,0.691153161953081,0.691153161953081,4.137164559405029,3.7316994512968646,3.914021008090819,4.137164559405029,5.117993812416755,3.914021008090819,5.117993812416755,4.42484663185681,5.117993812416755,3.8187108282864943,3.2721671219184243,0.691153161953081,3.4440173788450834])",1.0
F214,"['near', 'risk', 'trip.', 'table', 'event', 'six', 'end', 'evidence', 'strong.', 'real', 'subject', 'media', 'far', 'day.', '—', 'shocking', 'claims', 'secret', 'cure', 'surface', 'internet.']","(10000,[278,453,503,1209,1842,2054,3892,3931,4158,5401,5850,5974,6747,6865,7281,7728,7936,8338,8655,8794,9691],[4.607168188650764,4.019381523748645,0.691153161953081,4.019381523748645,5.117993812416755,4.137164559405029,2.5530444549552183,3.2721671219184243,4.137164559405029,4.019381523748645,0.691153161953081,4.270695952029551,2.5530444549552183,5.523458920524919,0.6792718340663283,4.42484663185681,0.691153161953081,0.691153161953081,4.137164559405029,4.830311739964974,4.42484663185681])",0.0
R177,"['pressure', 'economic', 'provide', 'little', 'window', 'find', 'price.', 'relationship', 'image', 'situation', 'individual', 'building', 'population', 'company', 'learn.', 'three', 'want', 'either', 'impact.', 'experts', 'discuss', 'ongoing', 'developments', 'policy.']","(10000,[26,942,1035,1590,2403,3136,3614,4260,4506,4687,5303,5324,5661,5852,5925,5946,6944,7510,7712,8614,9126,9144,9258,9462],[5.523458920524919,4.137164559405029,5.523458920524919,4.42484663185681,4.137164559405029,4.019381523748645,0.691153161953081,4.270695952029551,0.691153161953081,0.691153161953081,4.270695952029551,4.830311739964974,4.830311739964974,3.914021008090819,4.137164559405029,4.270695952029551,2.8154087194227095,4.270695952029551,4.270695952029551,4.137164559405029,3.6516567436233283,2.455405985391302,4.137164559405029,0.691153161953081])",1.0
R196,"['either', 'generation', 'fight', 'option.', 'today', 'law', 'easy.', 'experts', 'discuss', 'ongoing', 'developments', 'budget', 'report.']","(10000,[2526,3614,3979,4175,4506,4687,4991,5432,6963,8569,9126,9462,9806],[3.914021008090819,0.691153161953081,3.914021008090819,5.117993812416755,0.691153161953081,0.691153161953081,2.60568818844064,2.7200985396183848,4.019381523748645,4.830311739964974,3.6516567436233283,0.691153161953081,5.117993812416755])",1.0
R135,"['reach', 'economic', 'rock', 'important', 'thank.', 'easy', 'better', 'main', 'rather', 'arrive.', 'born', 'include', 'throughout', 'eat.', 'experts', 'discuss', 'ongoing', 'developments', 'budget', 'report.']","(10000,[574,760,798,1637,1967,2406,2543,2837,2953,3614,4506,4687,4991,5432,5842,5948,8386,9144,9462,9545],[4.137164559405029,4.270695952029551,4.830311739964974,3.914021008090819,4.270695952029551,4.830311739964974,3.6516567436233283,4.019381523748645,4.42484663185681,0.691153161953081,0.691153161953081,0.691153161953081,2.60568818844064,2.7200985396183848,5.523458920524919,4.270695952029551,4.42484663185681,2.455405985391302,0.691153161953081,4.607168188650764])",1.0
F152,"['cover', 'machine', 'beat.', 'yard', 'message', 'citizen', 'fly', 'get.', '—', 'shocking', 'claims', 'government', 'cover-up', 'surface', 'internet.']","(10000,[8,424,503,2147,2259,2715,5850,5944,6104,7281,7936,8040,8338,9612,9813],[4.137164559405029,4.830311739964974,0.691153161953081,5.117993812416755,2.8154087194227095,4.270695952029551,0.691153161953081,3.914021008090819,4.137164559405029,0.6792718340663283,0.691153161953081,3.2721671219184243,0.691153161953081,4.42484663185681,2.997730276216664])",0.0
F180,"['question', 'various', 'arm', 'language', 'pattern', 'response.', 'wish', 'lawyer', 'institution', 'yeah', 'sport.', 'page', 'administration', 'contain.', '—', 'shocking', 'claims', 'secret', 'cure', 'surface', 'internet.']","(10000,[495,503,617,1716,1868,2111,2827,2947,3243,3249,3292,3892,3984,5185,5850,6647,6747,7281,7936,8338,9021],[4.270695952029551,0.691153161953081,3.8187108282864943,4.137164559405029,4.830311739964974,5.117993812416755,4.42484663185681,4.019381523748645,4.42484663185681,3.7316994512968646,5.117993812416755,2.5530444549552183,4.830311739964974,4.270695952029551,0.691153161953081,4.270695952029551,2.5530444549552183,0.6792718340663283,0.691153161953081,0.691153161953081,4.019381523748645])",0.0
F003,"['fine', 'show', 'fire', 'radio', 'i.', 'toward', 'response', 'road', 'among', 'specific', 'rise', 'usually.', 'word', 'example', 'late', 'read', 'adult', 'energy.', '—', 'shocking', 'claims', 'secret', 'cure', 'surface', 'internet.']","(10000,[72,503,564,2059,2445,3079,3194,3519,3892,4019,4816,5191,5725,5779,5850,6431,6652,6747,7281,7362,7650,7936,8338,9086,9606],[4.019381523748645,0.691153161953081,4.42484663185681,2.6330871626287546,4.137164559405029,4.019381523748645,4.42484663185681,3.914021008090819,2.5530444549552183,4.019381523748645,3.914021008090819,4.019381523748645,4.270695952029551,5.523458920524919,0.691153161953081,4.019381523748645,5.117993812416755,2.5530444549552183,0.6792718340663283,4.270695952029551,4.019381523748645,0.691153161953081,0.691153161953081,4.137164559405029,3.914021008090819])",0.0
F244,"['past', 'join', 'certain', 'person', 'full.', 'short', 'majority', 'able', 'lawyer', 'network.', '—', 'shocking', 'claims', 'celebrity', 'scandal', 'surface', 'internet.']","(10000,[503,1262,3249,3486,3496,4921,5850,7281,7515,7936,8338,8952,8993,9021,9244,9275,9288],[0.691153161953081,3.7316994512968646,3.7316994512968646,2.849310271098391,4.270695952029551,2.849310271098391,0.691153161953081,0.6792718340663283,4.830311739964974,0.691153161953081,0.691153161953081,4.019381523748645,4.830311739964974,4.019381523748645,4.137164559405029,5.117993812416755,4.137164559405029])",0.0
F194,"['stage', 'idea', 'pattern', 'soldier', 'off.', 'heart', 'defense', 'really', 'tree', 'many', 'improve', 'easy', 'we.', 'charge', 'throughout', 'pick', 'international', 'impact', 'news.', '—', 'shocking', 'claims', 'immortal', 'jellyfish', 'surface', 'internet.']","(10000,[30,188,503,617,760,1195,1972,2066,2408,2412,3543,4112,4141,5188,5850,5871,5948,5958,6812,7281,7372,7936,8338,9078,9808,9876],[4.137164559405029,4.607168188650764,0.691153161953081,3.8187108282864943,4.270695952029551,3.6516567436233283,4.830311739964974,2.7508701982851385,4.019381523748645,4.607168188650764,4.607168188650764,4.42484663185681,4.607168188650764,3.7316994512968646,0.691153161953081,4.42484663185681,4.270695952029551,4.137164559405029,4.019381523748645,0.6792718340663283,3.914021008090819,0.691153161953081,0.691153161953081,5.117993812416755,4.270695952029551,2.7508701982851385])",0.0
R044,"['risk', 'hear', 'common', 'others', 'college', 'it.', 'college', 'former', 'often', 'money', 'red.', 'experts', 'discuss', 'ongoing', 'developments', 'policy.']","(10000,[7,3614,4160,4506,4687,4842,6103,6332,6940,6944,7805,8057,8794,9462,9948],[3.914021008090819,0.691153161953081,4.137164559405029,0.691153161953081,0.691153161953081,5.117993812416755,4.137164559405029,4.019381523748645,3.914021008090819,2.8154087194227095,5.523458920524919,9.214336377301528,4.830311739964974,0.691153161953081,5.117993812416755])",1.0
R141,"['perform', 'discussion', 'find', 'assume', 'even', 'nature', 'person.', 'pull', 'shake', 'remain', 'political', 'statement', 'and.', 'save', 'participant', 'rest', 'personal', 'member.', 'experts', 'discuss', 'ongoing', 'developments', 'economic', 'growth.']","(10000,[1098,1750,2086,2180,2403,2664,2708,3611,3614,3935,4506,4520,4687,5205,5315,5396,6406,6597,7510,7939,9034,9144,9462,9817],[3.8187108282864943,5.117993812416755,4.830311739964974,4.137164559405029,4.137164559405029,3.6516567436233283,3.4440173788450834,4.137164559405029,0.691153161953081,4.270695952029551,0.691153161953081,4.270695952029551,0.691153161953081,4.137164559405029,5.117993812416755,4.42484663185681,3.914021008090819,4.270695952029551,4.270695952029551,3.8187108282864943,2.849310271098391,2.455405985391302,0.691153161953081,3.4440173788450834])",1.0
R188,"['better', 'one', 'scene', 'scene.', 'language', 'similar', 'whole.', 'recognize', 'southern', 'color', 'cover', 'probably.', 'experts', 'discuss', 'ongoing', 'developments', 'climate', 'change.']","(10000,[815,821,1716,2059,2543,3073,3614,3743,4506,4687,5415,5844,6104,7046,8171,9372,9462,9832],[4.830311739964974,2.849310271098391,4.137164559405029,2.6330871626287546,3.6516567436233283,5.523458920524919,0.691153161953081,4.270695952029551,0.691153161953081,0.691153161953081,5.117993812416755,3.914021008090819,4.137164559405029,4.137164559405029,4.607168188650764,4.830311739964974,0.691153161953081,4.137164559405029])",1.0
F010,"['management', 'important', 'picture', 'room.', 'clear', 'husband', 'none', 'bill.', 'society', 'forward', 'make', 'population', 'candidate', 'face', 'bed.', 'scientist', 'yet', 'less', 'office.', '—', 'shocking', 'claims', 'aliens', 'surface', 'internet.']","(10000,[327,503,650,1195,1241,1611,1967,2366,2481,3204,3525,4034,4037,4358,5850,6226,7208,7281,7765,7936,8338,8411,9166,9258,9831],[4.137164559405029,0.691153161953081,2.958509563063383,3.6516567436233283,3.8187108282864943,4.270695952029551,4.270695952029551,3.914021008090819,3.8187108282864943,4.830311739964974,4.019381523748645,4.270695952029551,3.914021008090819,4.270695952029551,0.691153161953081,4.019381523748645,4.137164559405029,0.6792718340663283,4.830311739964974,0.691153161953081,0.691153161953081,3.2721671219184243,4.607168188650764,4.137164559405029,4.019381523748645])",0.0
R106,"['drive', 'assume', 'second', 'involve.', 'produce', 'beyond', 'real', 'rest', 'artist.', 'experts', 'discuss', 'ongoing', 'developments', 'economic', 'growth.']","(10000,[1648,2664,2708,3614,4506,4687,6325,7108,7117,8900,9034,9144,9256,9462,9691],[4.830311739964974,3.6516567436233283,3.4440173788450834,0.691153161953081,0.691153161953081,0.691153161953081,3.8187108282864943,5.523458920524919,4.830311739964974,4.137164559405029,2.849310271098391,2.455405985391302,3.7316994512968646,0.691153161953081,4.42484663185681])",1.0
R049,"['detail', 'low', 'course', 'report', 'around', 'process', 'type.', 'even', 'network', 'suddenly', 'stock', 'threat', 'stage', 'treat.', 'left', 'senior', 'computer', 'adult', 'effort.', 'strong', 'beautiful', 'staff', 'future.', 'experts', 'discuss', 'ongoing', 'developments', 'research.']","(10000,[30,72,793,1143,1273,1662,2912,3614,3652,4144,4506,4687,6197,6224,6355,6406,6505,7066,8040,8070,8151,8411,8547,8581,9066,9152,9462,9700],[4.137164559405029,4.019381523748645,4.42484663185681,4.137164559405029,3.6516567436233283,4.42484663185681,5.523458920524919,0.691153161953081,3.577548771469606,4.42484663185681,0.691153161953081,0.691153161953081,4.137164559405029,3.914021008090819,4.42484663185681,3.914021008090819,4.270695952029551,2.8844015909096608,3.2721671219184243,3.914021008090819,4.270695952029551,3.2721671219184243,5.523458920524919,4.607168188650764,4.137164559405029,4.270695952029551,0.691153161953081,5.117993812416755])",1.0
R144,"['perform', 'pick', 'name', 'almost', 'go', 'moment', 'every.', 'value', 'sea', 'offer', 'heavy.', 'experts', 'discuss', 'ongoing', 'developments', 'budget', 'report.']","(10000,[15,1098,1411,2958,3401,3614,4506,4687,4991,5432,6451,7372,7403,8566,8997,9462,9617],[3.7316994512968646,3.8187108282864943,5.523458920524919,3.7316994512968646,4.019381523748645,0.691153161953081,0.691153161953081,0.691153161953081,2.60568818844064,2.7200985396183848,3.914021008090819,3.914021008090819,4.607168188650764,4.019381523748645,5.523458920524919,0.691153161953081,4.137164559405029])",1.0
F199,"['task', 'business', 'reduce', 'family', 'mrs.', 'purpose', 'floor', 'player', 'beat', 'growth', 'factor.', 'turn', 'opportunity', 'though', 'hotel', 'move', 'chance', 'moment.', '—', 'shocking', 'claims', 'celebrity', 'scandal', 'surface', 'internet.']","(10000,[320,346,503,641,2569,2663,3385,3486,3886,4096,4319,4921,5374,5416,5850,6282,6604,6976,7281,7936,8089,8159,8297,8338,8451],[4.42484663185681,4.607168188650764,0.691153161953081,5.523458920524919,3.6516567436233283,4.137164559405029,4.270695952029551,2.849310271098391,3.914021008090819,5.523458920524919,3.5085558999826545,2.849310271098391,4.270695952029551,4.830311739964974,0.691153161953081,4.270695952029551,4.137164559405029,5.117993812416755,0.6792718340663283,0.691153161953081,4.42484663185681,3.4440173788450834,4.42484663185681,0.691153161953081,3.8187108282864943])",0.0
F215,"['pay', 'investment', 'industry', 'side.', '—', 'shocking', 'claims', 'secret', 'cure', 'surface', 'internet.']","(10000,[503,1562,3010,3892,3924,4897,5850,6747,7281,7936,8338],[0.691153161953081,4.42484663185681,4.42484663185681,2.5530444549552183,4.137164559405029,3.914021008090819,0.691153161953081,2.5530444549552183,0.6792718340663283,0.691153161953081,0.691153161953081])",0.0
R176,"['page', 'decision', 'husband', 'country', 'note', 'fly', 'number.', 'various', 'car', 'hit', 'travel', 'already', 'election', 'strategy', 'figure.', 'development', 'simple', 'baby', 'nation', 'member.', 'glass', 'believe', 'scientist', 'interest', 'enjoy', 'range.', 'experts', 'discuss', 'ongoing', 'developments', 'economic', 'growth.']","(10000,[70,132,533,594,1209,1348,1805,2193,2291,2403,2827,2871,2913,3614,3674,4014,4247,4506,4687,4702,5944,6226,6647,6932,7208,7870,8252,8681,9034,9144,9462,9909],[4.42484663185681,4.270695952029551,4.270695952029551,4.607168188650764,4.019381523748645,4.019381523748645,3.914021008090819,4.019381523748645,4.830311739964974,4.137164559405029,4.42484663185681,4.42484663185681,3.8187108282864943,0.691153161953081,4.137164559405029,4.42484663185681,5.523458920524919,0.691153161953081,0.691153161953081,4.607168188650764,3.914021008090819,4.019381523748645,4.270695952029551,3.914021008090819,4.137164559405029,3.8187108282864943,4.270695952029551,4.270695952029551,2.849310271098391,2.455405985391302,0.691153161953081,3.914021008090819])",1.0
F105,"['music', 'key', 'course', 'modern', 'nearly', 'campaign.', 'despite', 'long', 'evening', 'student.', '—', 'shocking', 'claims', 'hoax', 'surface', 'internet.']","(10000,[503,1099,1301,2336,2866,3131,3652,4377,5286,5850,5856,6370,7281,7936,8338,8904],[0.691153161953081,4.42484663185681,5.117993812416755,3.7316994512968646,4.607168188650764,4.019381523748645,3.577548771469606,2.60568818844064,4.830311739964974,0.691153161953081,5.523458920524919,3.914021008090819,0.6792718340663283,0.691153161953081,0.691153161953081,4.137164559405029])",0.0
F031,"['fast', 'degree', 'right', 'crime', 'result', 'any.', 'strategy', 'trouble', 'somebody', 'store', 'day.', 'first', 'market', 'meet', 'sister', 'anything.', '—', 'shocking', 'claims', 'miracle', 'drug', 'surface', 'internet.']","(10000,[399,503,731,1256,1790,1842,2291,2657,2909,3089,3521,5547,5850,6403,7184,7281,7751,7860,7936,8338,9263,9940,9943],[4.830311739964974,0.691153161953081,4.830311739964974,3.125563647726549,3.8187108282864943,5.117993812416755,4.830311739964974,3.4440173788450834,4.607168188650764,4.42484663185681,4.270695952029551,5.523458920524919,0.691153161953081,3.914021008090819,3.8187108282864943,0.6792718340663283,5.523458920524919,2.8154087194227095,0.691153161953081,0.691153161953081,3.8187108282864943,4.019381523748645,4.270695952029551])",0.0
R206,"['name', 'management', 'move', 'example', 'hospital', 'little.', 'model', 'learn', 'deal', 'civil', 'leave.', 'generation', 'receive', 'wait', 'seven', 'remain', 'away', 'other.', 'experts', 'discuss', 'ongoing', 'developments', 'research.']","(10000,[15,593,1241,1433,1769,3614,3737,4506,4617,4687,4930,5205,5477,5967,6282,6963,7066,7102,7709,7850,9231,9462,9606],[3.7316994512968646,4.137164559405029,3.8187108282864943,3.914021008090819,5.523458920524919,0.691153161953081,4.019381523748645,0.691153161953081,5.117993812416755,0.691153161953081,3.8187108282864943,4.137164559405029,4.270695952029551,4.137164559405029,4.270695952029551,4.019381523748645,2.8844015909096608,4.137164559405029,4.607168188650764,3.914021008090819,5.117993812416755,0.691153161953081,3.914021008090819])",1.0
F238,"['trial', 'table', 'produce', 'sound', 'land', 'unit.', 'available', 'world', 'voice', 'vote.', '—', 'shocking', 'claims', 'secret', 'cure', 'surface', 'internet.']","(10000,[503,1648,2471,2475,3410,3530,3892,3931,5850,6166,6747,6878,7148,7281,7936,8338,9360],[0.691153161953081,4.830311739964974,5.117993812416755,4.607168188650764,4.019381523748645,4.137164559405029,2.5530444549552183,3.2721671219184243,0.691153161953081,4.137164559405029,2.5530444549552183,5.117993812416755,4.019381523748645,0.6792718340663283,0.691153161953081,0.691153161953081,4.137164559405029])",0.0
R027,"['action', 'care', 'single', 'style', 'finally.', 'television', 'according', 'eat', 'small.', 'involve', 'fish', 'husband', 'understand', 'economy', 'surface', 'way.', 'experts', 'discuss', 'ongoing', 'developments', 'climate', 'change.']","(10000,[217,821,1376,1619,2059,3445,3614,4506,4639,4687,5310,6271,6487,6633,7208,7276,7281,7564,7889,8000,8713,9462],[3.8187108282864943,2.849310271098391,4.137164559405029,5.117993812416755,2.6330871626287546,4.607168188650764,0.691153161953081,0.691153161953081,5.523458920524919,0.691153161953081,4.270695952029551,4.270695952029551,3.914021008090819,3.914021008090819,4.137164559405029,4.019381523748645,0.6792718340663283,5.117993812416755,5.117993812416755,4.42484663185681,5.117993812416755,0.691153161953081])",1.0
F169,"['street', 'future', 'sometimes', 'law', 'operation', 'scene', 'go.', 'agent', 'movement', 'carry', 'natural', 'land', 'year.', '—', 'shocking', 'claims', 'government', 'cover-up', 'surface', 'internet.']","(10000,[454,503,2259,3684,3979,4702,4988,5016,5294,5844,5850,5869,5922,6488,7148,7281,7517,7936,8338,9813],[3.577548771469606,0.691153161953081,2.8154087194227095,3.577548771469606,3.914021008090819,4.607168188650764,4.270695952029551,4.270695952029551,4.607168188650764,3.914021008090819,0.691153161953081,4.270695952029551,4.42484663185681,4.607168188650764,4.019381523748645,0.6792718340663283,5.523458920524919,0.691153161953081,0.691153161953081,2.997730276216664])",0.0
F208,"['join', 'mrs', 'wear', 'science', 'team.', 'life', 'structure', 'reveal', 'sure.', 'identify', 'three', 'time', 'often', 'common', 'approach', 'pattern', 'skin.', '—', 'shocking', 'claims', 'aliens', 'surface', 'internet.']","(10000,[7,503,617,650,1173,1507,2706,2996,3095,3363,3477,3967,5850,5925,6021,6332,6581,7281,7936,8157,8338,8952,9751],[3.914021008090819,0.691153161953081,3.8187108282864943,2.958509563063383,5.523458920524919,3.8187108282864943,5.117993812416755,3.6516567436233283,4.270695952029551,4.607168188650764,4.137164559405029,4.019381523748645,0.691153161953081,4.137164559405029,4.42484663185681,4.019381523748645,4.607168188650764,0.6792718340663283,0.691153161953081,4.607168188650764,0.691153161953081,4.019381523748645,4.830311739964974])",0.0
F212,"['economy', 'quickly', 'dream', 'reality', 'agency', 'sometimes', 'model.', 'method', 'market', 'office', 'future', 'prevent.', '—', 'shocking', 'claims', 'miracle', 'drug', 'surface', 'internet.']","(10000,[217,503,680,765,1256,2338,2366,2657,3391,5850,5869,6015,6488,7281,7860,7936,8338,8344,9156],[3.8187108282864943,0.691153161953081,4.607168188650764,4.270695952029551,3.125563647726549,4.607168188650764,3.914021008090819,3.4440173788450834,4.270695952029551,0.691153161953081,4.270695952029551,4.42484663185681,4.607168188650764,0.6792718340663283,2.8154087194227095,0.691153161953081,0.691153161953081,3.7316994512968646,3.8187108282864943])",0.0
F032,"['movement', 'able', 'establish', 'threat', 'floor', 'language.', 'student', 'authority', 'page', 'whom.', '—', 'shocking', 'claims', 'hoax', 'surface', 'internet.']","(10000,[503,735,1176,2827,2923,3496,3536,4319,4377,5294,5850,7281,7936,8070,8338,9998],[0.691153161953081,4.42484663185681,4.607168188650764,4.42484663185681,3.8187108282864943,4.270695952029551,4.270695952029551,3.5085558999826545,2.60568818844064,4.607168188650764,0.691153161953081,0.6792718340663283,0.691153161953081,3.914021008090819,0.691153161953081,4.830311739964974])",0.0
F109,"['capital', 'seven', 'campaign', 'although.', '—', 'shocking', 'claims', 'hoax', 'surface', 'internet.']","(10000,[503,4377,5850,6541,6675,6852,7281,7850,7936,8338],[0.691153161953081,2.60568818844064,0.691153161953081,4.607168188650764,4.137164559405029,5.117993812416755,0.6792718340663283,3.914021008090819,0.691153161953081,0.691153161953081])",0.0
R111,"['worry', 'western', 'meet', 'particularly.', 'many', 'almost', 'although', 'across.', 'political', 'culture', 'model', 'question', 'change.', 'experts', 'discuss', 'ongoing', 'developments', 'policy.']","(10000,[524,2059,2947,3614,3935,4506,4687,5188,5627,6944,7102,7779,8343,8566,8645,9168,9462,9940],[3.8187108282864943,2.6330871626287546,4.019381523748645,0.691153161953081,4.270695952029551,0.691153161953081,0.691153161953081,3.7316994512968646,4.607168188650764,2.8154087194227095,4.137164559405029,3.125563647726549,4.270695952029551,4.019381523748645,4.42484663185681,5.523458920524919,0.691153161953081,4.019381523748645])",1.0
F078,"['often', 'rather', 'able.', 'party', 'responsibility', 'study', 'card', 'watch', 'century', 'floor', 'dream.', 'law', 'memory', 'total', 'key', 'what.', '—', 'shocking', 'claims', 'aliens', 'surface', 'internet.']","(10000,[7,503,650,1379,2144,2430,2708,2837,3131,3502,3979,4224,4319,5850,6279,6941,7281,7841,7936,8338,8363,8730],[3.914021008090819,0.691153161953081,2.958509563063383,3.8187108282864943,3.914021008090819,4.830311739964974,3.4440173788450834,4.019381523748645,4.019381523748645,4.42484663185681,3.914021008090819,4.42484663185681,3.5085558999826545,0.691153161953081,4.607168188650764,4.42484663185681,0.6792718340663283,4.270695952029551,0.691153161953081,0.691153161953081,4.830311739964974,4.607168188650764])",0.0
R105,"['top', 'similar', 'military', 'mr', 'collection.', 'thus', 'write', 'modern', 'peace', 'tonight.', 'experts', 'discuss', 'ongoing', 'developments', 'budget', 'report.']","(10000,[2336,2647,3614,3652,4506,4687,4991,5328,5432,5445,5684,5877,6697,7046,9184,9462],[3.7316994512968646,4.019381523748645,0.691153161953081,3.577548771469606,0.691153161953081,0.691153161953081,2.60568818844064,3.6516567436233283,2.7200985396183848,3.914021008090819,4.42484663185681,4.270695952029551,4.137164559405029,4.137164559405029,4.830311739964974,0.691153161953081])",1.0
F196,"['make', 'gas', 'term.', 'treatment', 'language', 'land.', 'perform', 'late', 'result', 'respond.', '—', 'shocking', 'claims', 'government', 'cover-up', 'surface', 'internet.']","(10000,[399,503,1098,1716,2259,3079,3525,3916,5607,5850,6533,7281,7936,8015,8338,9123,9813],[4.830311739964974,0.691153161953081,3.8187108282864943,4.137164559405029,2.8154087194227095,4.019381523748645,4.019381523748645,5.117993812416755,4.42484663185681,0.691153161953081,5.117993812416755,0.6792718340663283,0.691153161953081,5.117993812416755,0.691153161953081,5.523458920524919,2.997730276216664])",0.0
F118,"['perhaps', 'important', 'shoulder', 'clearly', 'economic', 'take', 'including.', 'day', 'effect', 'final', 'quality.', 'name', 'involve', 'democratic', 'peace', 'level', 'reduce.', 'bad', 'tell', 'positive', 'low', 'trial', 'great', 'else', 'teach.', '—', 'shocking', 'claims', 'immortal', 'jellyfish', 'surface', 'internet.']","(10000,[1,15,503,750,855,1259,1499,1653,1850,1967,2066,2589,3410,5034,5459,5606,5850,6077,6271,6324,6697,6756,7281,7936,7956,8238,8338,8411,8888,9133,9144,9876],[4.270695952029551,3.7316994512968646,0.691153161953081,4.42484663185681,4.607168188650764,4.270695952029551,3.8187108282864943,3.914021008090819,3.8187108282864943,4.270695952029551,2.7508701982851385,3.914021008090819,4.019381523748645,4.42484663185681,5.117993812416755,4.137164559405029,0.691153161953081,5.523458920524919,4.270695952029551,4.019381523748645,4.137164559405029,3.8187108282864943,0.6792718340663283,0.691153161953081,4.607168188650764,3.914021008090819,0.691153161953081,3.2721671219184243,5.117993812416755,3.8187108282864943,2.455405985391302,2.7508701982851385])",0.0
F077,"['relationship', 'understand', 'upon', 'consider', 'relate', 'morning', 'to.', 'sing', 'want', 'benefit', 'thank', 'focus', 'early', 'send.', '—', 'shocking', 'claims', 'secret', 'cure', 'surface', 'internet.']","(10000,[312,503,988,1687,3160,3892,3931,4092,4260,5653,5850,5952,6451,6487,6735,6747,7281,7712,7936,8338,9413],[4.270695952029551,0.691153161953081,4.137164559405029,4.137164559405029,4.42484663185681,2.5530444549552183,3.2721671219184243,5.117993812416755,4.270695952029551,3.914021008090819,0.691153161953081,5.117993812416755,3.914021008090819,3.914021008090819,4.137164559405029,2.5530444549552183,0.6792718340663283,4.270695952029551,0.691153161953081,0.691153161953081,5.523458920524919])",0.0
F070,"['fast', 'easy', 'meet', 'relationship', 'design', 'party.', 'security', 'fight', 'less', 'develop', 'build', 'prevent', 'type.', 'firm', 'nearly', 'everything', 'easy', 'international', 'enter', 'son', 'eat.', '—', 'shocking', 'claims', 'government', 'cover-up', 'surface', 'internet.']","(10000,[188,209,503,760,1195,1241,2259,2406,2526,2634,2866,3014,3252,3922,4201,4260,5850,7281,7435,7936,8338,8894,9156,9263,9700,9813,9940],[4.607168188650764,4.607168188650764,0.691153161953081,8.541391904059102,3.6516567436233283,3.8187108282864943,2.8154087194227095,4.830311739964974,3.914021008090819,4.019381523748645,4.607168188650764,4.137164559405029,4.137164559405029,4.830311739964974,5.523458920524919,4.270695952029551,0.691153161953081,0.6792718340663283,3.8187108282864943,0.691153161953081,0.691153161953081,4.42484663185681,3.8187108282864943,3.8187108282864943,5.117993812416755,2.997730276216664,4.019381523748645])",0.0
F041,"['end', 'course', 'civil', 'tv.', 'adult', 'use', 'call', 'doctor.', '—', 'shocking', 'claims', 'immortal', 'jellyfish', 'surface', 'internet.']","(10000,[72,453,503,593,2066,3652,5133,5146,5850,7229,7281,7936,8338,8356,9876],[4.019381523748645,4.019381523748645,0.691153161953081,4.137164559405029,2.7508701982851385,3.577548771469606,4.830311739964974,4.137164559405029,0.691153161953081,5.523458920524919,0.6792718340663283,0.691153161953081,0.691153161953081,4.607168188650764,2.7508701982851385])",0.0
R026,"['note', 'else', 'memory', 'near.', 'stop', 'story', 'significant', 'care', 'analysis', 'science', 'story.', 'experts', 'discuss', 'ongoing', 'developments', 'policy.']","(10000,[796,1296,3363,3614,4506,4687,5034,5310,6624,6817,6855,6941,6944,8552,9462,9909],[3.7316994512968646,4.830311739964974,4.607168188650764,0.691153161953081,0.691153161953081,0.691153161953081,4.42484663185681,4.270695952029551,5.523458920524919,4.607168188650764,4.830311739964974,4.42484663185681,2.8154087194227095,4.137164559405029,0.691153161953081,3.914021008090819])",1.0
R207,"['believe', 'well', 'war', 'hair', 'system.', 'little', 'politics', 'language', 'list', 'seat', 'property.', 'experts', 'discuss', 'ongoing', 'developments', 'policy.']","(10000,[47,157,533,1590,1716,3614,4506,4687,5887,6358,6944,7664,8208,8719,8728,9462],[3.8187108282864943,3.4440173788450834,4.270695952029551,4.42484663185681,4.137164559405029,0.691153161953081,0.691153161953081,0.691153161953081,4.137164559405029,5.523458920524919,2.8154087194227095,4.607168188650764,4.830311739964974,3.914021008090819,4.019381523748645,0.691153161953081])",1.0
F163,"['service', 'city', 'room', 'occur.', 'outside', 'life', 'know', 'talk', 'space', 'arm', 'majority.', 'space', 'hotel', 'pm', 'hundred', 'two', 'attention.', '—', 'shocking', 'claims', 'secret', 'cure', 'surface', 'internet.']","(10000,[494,503,2252,2516,2663,3477,3709,3892,3984,4728,5175,5495,5850,6747,7026,7281,7779,7936,8203,8338,8568,8925,9188],[4.019381523748645,0.691153161953081,4.607168188650764,4.607168188650764,4.137164559405029,4.137164559405029,4.607168188650764,2.5530444549552183,4.830311739964974,4.270695952029551,3.914021008090819,5.117993812416755,0.691153161953081,2.5530444549552183,4.270695952029551,0.6792718340663283,3.125563647726549,0.691153161953081,4.607168188650764,0.691153161953081,4.270695952029551,4.607168188650764,8.03876304749729])",0.0
F171,"['mr', 'traditional', 'seven', 'relate', 'scene', 'leader', 'forget.', 'exactly', 'cost', 'decide', 'turn', 'consider', 'ball', 'newspaper.', 'tonight', 'skill', 'may', 'travel.', '—', 'shocking', 'claims', 'government', 'cover-up', 'surface', 'internet.']","(10000,[312,497,503,988,1526,2096,2259,2647,2959,3389,3886,4486,4490,4737,5844,5850,7281,7492,7850,7936,8293,8338,9160,9813,9968],[4.270695952029551,4.830311739964974,0.691153161953081,4.137164559405029,4.137164559405029,4.019381523748645,2.8154087194227095,4.019381523748645,5.523458920524919,4.607168188650764,3.914021008090819,4.607168188650764,4.137164559405029,4.830311739964974,3.914021008090819,0.691153161953081,0.6792718340663283,4.270695952029551,3.914021008090819,0.691153161953081,4.830311739964974,0.691153161953081,3.8187108282864943,2.997730276216664,4.137164559405029])",0.0
F139,"['beautiful', 'data', 'clearly', 'century', 'push', 'young.', 'star', 'parent', 'although', 'different.', 'central', 'month', 'staff', 'site', 'decision', 'well.', '—', 'shocking', 'claims', 'immortal', 'jellyfish', 'surface', 'internet.']","(10000,[503,1273,1695,2066,2193,3409,5170,5252,5741,5850,5891,5978,6224,7281,7779,7841,7936,8238,8338,8833,8928,9876,9932],[0.691153161953081,3.6516567436233283,4.830311739964974,2.7508701982851385,4.019381523748645,5.117993812416755,4.270695952029551,5.523458920524919,3.7316994512968646,0.691153161953081,4.137164559405029,4.270695952029551,3.914021008090819,0.6792718340663283,3.125563647726549,4.270695952029551,0.691153161953081,3.914021008090819,0.691153161953081,5.117993812416755,4.830311739964974,2.7508701982851385,4.019381523748645])",0.0
F120,"['call', 'people', 'manage.', '—', 'shocking', 'claims', 'miracle', 'drug', 'surface', 'internet.']","(10000,[503,1256,2483,4263,5146,5850,7281,7860,7936,8338],[0.691153161953081,3.125563647726549,4.607168188650764,4.607168188650764,4.137164559405029,0.691153161953081,0.6792718340663283,2.8154087194227095,0.691153161953081,0.691153161953081])",0.0
F146,"['foreign', 'analysis', 'clearly', 'traditional', 'stand.', '—', 'shocking', 'claims', 'mind', 'control', 'surface', 'internet.']","(10000,[503,1208,1296,3184,4486,5850,6090,6206,7281,7936,8238,8338],[0.691153161953081,2.849310271098391,4.830311739964974,2.8154087194227095,4.607168188650764,0.691153161953081,5.117993812416755,4.270695952029551,0.6792718340663283,0.691153161953081,3.914021008090819,0.691153161953081])",0.0
R115,"['deep', 'tv', 'although', 'cover.', 'represent', 'stand', 'outside', 'yes', 'occur.', 'experts', 'discuss', 'ongoing', 'developments', 'research.']","(10000,[1762,2516,3614,4506,4547,4687,5044,6886,7066,7779,8568,8717,8867,9462],[4.270695952029551,4.607168188650764,0.691153161953081,0.691153161953081,4.270695952029551,0.691153161953081,4.607168188650764,4.019381523748645,2.8844015909096608,3.125563647726549,4.270695952029551,4.42484663185681,5.117993812416755,0.691153161953081])",1.0
F039,"['face', 'despite.', 'practice', 'anything', 'along', 'simply', 'doctor', 'red', 'window.', 'yet', 'level', 'nation.', '—', 'shocking', 'claims', 'aliens', 'surface', 'internet.']","(10000,[52,503,619,650,777,1499,1642,2114,2840,4034,4037,4280,4330,5850,7281,7725,7936,8338],[4.270695952029551,0.691153161953081,5.523458920524919,2.958509563063383,4.137164559405029,3.8187108282864943,3.914021008090819,3.914021008090819,4.42484663185681,4.270695952029551,3.914021008090819,4.42484663185681,4.830311739964974,0.691153161953081,0.6792718340663283,5.117993812416755,0.691153161953081,0.691153161953081])",0.0
F225,"['traditional', 'level', 'those.', '—', 'shocking', 'claims', 'hoax', 'surface', 'internet.']","(10000,[503,1499,1657,4377,4486,5850,7281,7936,8338],[0.691153161953081,3.8187108282864943,5.117993812416755,2.60568818844064,4.607168188650764,0.691153161953081,0.6792718340663283,0.691153161953081,0.691153161953081])",0.0
F140,"['animal', 'year', 'pick', 'clear', 'rock', 'chance', 'street.', 'former', 'join', 'effect', 'ago', 'per', 'section.', 'space', 'cut', 'serve', 'game', 'many', 'modern.', '—', 'shocking', 'claims', 'aliens', 'surface', 'internet.']","(10000,[78,298,346,503,574,650,1133,1206,1611,1725,1896,4160,5188,5850,6324,7281,7360,7372,7936,8338,8899,8952,8975,9188,9372],[5.523458920524919,4.019381523748645,4.607168188650764,0.691153161953081,4.137164559405029,2.958509563063383,5.117993812416755,4.607168188650764,4.270695952029551,4.42484663185681,4.137164559405029,4.137164559405029,3.7316994512968646,0.691153161953081,4.019381523748645,0.6792718340663283,4.019381523748645,3.914021008090819,0.691153161953081,0.691153161953081,4.607168188650764,4.019381523748645,3.914021008090819,4.019381523748645,4.830311739964974])",0.0
F122,"['reveal', 'smile', 'item', 'feel.', 'describe', 'buy', 'option', 'seek', 'suffer', 'simple', 'wonder.', '—', 'shocking', 'claims', 'mind', 'control', 'surface', 'internet.']","(10000,[80,171,503,1208,1507,1916,2713,2913,3184,5850,6135,7085,7281,7936,8338,8509,9613,9682],[4.137164559405029,4.607168188650764,0.691153161953081,2.849310271098391,3.8187108282864943,4.830311739964974,4.137164559405029,3.8187108282864943,2.8154087194227095,0.691153161953081,4.137164559405029,4.019381523748645,0.6792718340663283,0.691153161953081,0.691153161953081,5.523458920524919,4.607168188650764,4.830311739964974])",0.0
R070,"['responsibility', 'onto', 'focus', 'throughout', 'view.', 'election', 'attack', 'free', 'couple', 'boy', 'gun.', 'experts', 'discuss', 'ongoing', 'developments', 'budget', 'report.']","(10000,[132,157,1073,3502,3614,3931,4319,4506,4687,4991,5432,5693,5948,5972,7586,7702,9462],[4.270695952029551,3.4440173788450834,4.137164559405029,4.42484663185681,0.691153161953081,3.2721671219184243,3.5085558999826545,0.691153161953081,0.691153161953081,2.60568818844064,2.7200985396183848,4.019381523748645,4.270695952029551,5.523458920524919,4.607168188650764,4.42484663185681,0.691153161953081])",1.0
F248,"['exist', 'message', 'skin', 'chance', 'peace.', 'interview', 'safe', 'that.', 'improve', 'tell', 'owner', 'hit.', '—', 'shocking', 'claims', 'celebrity', 'scandal', 'surface', 'internet.']","(10000,[346,503,885,1850,2408,2715,3486,4921,4944,5833,5850,6035,6053,6508,6602,7281,7642,7936,8338],[4.607168188650764,0.691153161953081,5.117993812416755,3.8187108282864943,4.019381523748645,4.270695952029551,2.849310271098391,2.849310271098391,4.830311739964974,4.42484663185681,0.691153161953081,3.8187108282864943,3.914021008090819,4.830311739964974,4.42484663185681,0.6792718340663283,4.137164559405029,0.691153161953081,0.691153161953081])",0.0
R016,"['production', 'figure', 'reason', 'research.', 'listen', 'officer', 'require', 'outside', 'financial', 'president.', 'experts', 'discuss', 'ongoing', 'developments', 'technology', 'breakthrough.']","(10000,[429,696,1020,2227,2944,3614,4110,4506,4687,5374,7066,7407,8353,8449,8568,9462],[3.8187108282864943,4.830311739964974,2.4324164671666035,2.7200985396183848,4.137164559405029,0.691153161953081,4.42484663185681,0.691153161953081,0.691153161953081,4.270695952029551,2.8844015909096608,4.270695952029551,4.137164559405029,4.137164559405029,4.270695952029551,0.691153161953081])",1.0
R148,"['environment', 'require', 'staff', 'great', 'call', 'body.', 'trade', 'media', 'big', 'owner.', 'law', 'benefit', 'listen', 'meeting', 'course.', 'experts', 'discuss', 'ongoing', 'developments', 'technology', 'breakthrough.']","(10000,[20,419,429,750,1020,1209,2227,2407,2634,3048,3614,3979,4499,4506,4687,5146,5653,5726,6224,8449,9462],[4.270695952029551,4.42484663185681,3.8187108282864943,4.42484663185681,2.4324164671666035,4.019381523748645,2.7200985396183848,3.914021008090819,4.019381523748645,4.019381523748645,0.691153161953081,3.914021008090819,4.830311739964974,0.691153161953081,0.691153161953081,4.137164559405029,3.914021008090819,3.6516567436233283,3.914021008090819,4.137164559405029,0.691153161953081])",1.0
R142,"['factor', 'technology', 'approach', 'tend', 'summer.', 'many', 'difficult', 'high', 'political', 'what.', 'move', 'suddenly', 'prevent.', 'experts', 'discuss', 'ongoing', 'developments', 'budget', 'report.']","(10000,[1020,1712,1810,2116,2191,2338,3095,3614,3935,4506,4687,4991,5188,5432,6282,8363,8581,9462,9561],[2.4324164671666035,4.019381523748645,4.270695952029551,4.270695952029551,4.607168188650764,4.607168188650764,4.270695952029551,0.691153161953081,4.270695952029551,0.691153161953081,0.691153161953081,2.60568818844064,3.7316994512968646,2.7200985396183848,4.270695952029551,4.830311739964974,4.607168188650764,0.691153161953081,4.42484663185681])",1.0
F141,"['building', 'choose', 'nothing', 'drive', 'big', 'respond.', 'next', 'gun', 'sister', 'question', 'rock', 'skill.', '—', 'shocking', 'claims', 'miracle', 'drug', 'surface', 'internet.']","(10000,[503,574,1256,2947,3048,3521,3916,4292,5850,5852,6241,6325,7281,7860,7936,8273,8313,8338,9706],[0.691153161953081,4.137164559405029,3.125563647726549,4.019381523748645,4.019381523748645,4.270695952029551,5.117993812416755,4.607168188650764,0.691153161953081,3.914021008090819,5.523458920524919,3.8187108282864943,0.6792718340663283,2.8154087194227095,0.691153161953081,3.914021008090819,4.019381523748645,0.691153161953081,3.914021008090819])",0.0
R076,"['many', 'bit', 'information', 'visit', 'laugh', 'fear', 'method.', 'example', 'trade', 'form', 'describe', 'foot', 'poor.', 'improve', 'two', 'nothing', 'fly', 'politics.', 'personal', 'use', 'smile', 'despite.', 'experts', 'discuss', 'ongoing', 'developments', 'technology', 'breakthrough.']","(10000,[211,419,698,1020,1989,2227,2408,2613,2713,3614,4292,4330,4506,4687,4728,5133,5188,5621,5944,7085,7098,7890,7939,8190,8463,9462,9513,9606],[4.830311739964974,4.42484663185681,3.914021008090819,2.4324164671666035,4.42484663185681,2.7200985396183848,4.019381523748645,5.117993812416755,4.137164559405029,0.691153161953081,4.607168188650764,4.830311739964974,0.691153161953081,0.691153161953081,4.270695952029551,4.830311739964974,3.7316994512968646,4.019381523748645,3.914021008090819,4.019381523748645,4.137164559405029,4.270695952029551,3.8187108282864943,4.137164559405029,5.117993812416755,0.691153161953081,3.7316994512968646,3.914021008090819])",1.0
R180,"['film', 'tv', 'whatever', 'figure', 'wife', 'actually', 'discuss', 'field.', 'experts', 'discuss', 'ongoing', 'developments', 'budget', 'report.']","(10000,[3021,3132,3614,4110,4506,4547,4687,4991,5003,5432,6447,7695,9462],[4.270695952029551,5.523458920524919,1.382306323906162,4.42484663185681,0.691153161953081,4.270695952029551,0.691153161953081,2.60568818844064,4.270695952029551,2.7200985396183848,4.830311739964974,4.607168188650764,0.691153161953081])",1.0
F126,"['pretty', 'pay', 'board', 'add.', '—', 'shocking', 'claims', 'aliens', 'surface', 'internet.']","(10000,[503,650,3919,4897,5850,7281,7454,7936,8338,8344],[0.691153161953081,2.958509563063383,5.117993812416755,3.914021008090819,0.691153161953081,0.6792718340663283,4.270695952029551,0.691153161953081,0.691153161953081,3.7316994512968646])",0.0
R134,"['hospital', 'laugh', 'minute', 'baby', 'energy', 'stop', 'theory.', 'group', 'professional.', 'central', 'measure', 'world', 'blood.', 'experts', 'discuss', 'ongoing', 'developments', 'economic', 'growth.']","(10000,[528,796,1348,3357,3614,4349,4506,4687,4930,6477,7098,7691,7766,8307,8928,9034,9144,9360,9462],[4.607168188650764,3.7316994512968646,4.019381523748645,4.42484663185681,0.691153161953081,4.830311739964974,0.691153161953081,0.691153161953081,3.8187108282864943,5.117993812416755,4.137164559405029,5.523458920524919,4.607168188650764,4.137164559405029,4.830311739964974,2.849310271098391,2.455405985391302,4.137164559405029,0.691153161953081])",1.0
F132,"['clearly', 'forward', 'read', 'our.', 'drug', 'continue', 'population', 'film', 'set', 'force.', '—', 'shocking', 'claims', 'mind', 'control', 'surface', 'internet.']","(10000,[503,743,1208,3184,5003,5342,5850,6291,7281,7650,7860,7936,8238,8338,8411,9258,9621],[0.691153161953081,3.6516567436233283,2.849310271098391,2.8154087194227095,4.270695952029551,4.42484663185681,0.691153161953081,4.830311739964974,0.6792718340663283,4.019381523748645,2.8154087194227095,0.691153161953081,3.914021008090819,0.691153161953081,3.2721671219184243,4.137164559405029,4.830311739964974])",0.0
F230,"['significant', 'difficult', 'argue', 'middle', 'fact', 'early.', 'human', 'suffer', 'government', 'cold', 'according.', 'fear', 'pick', 'support.', '—', 'shocking', 'claims', 'immortal', 'jellyfish', 'surface', 'internet.']","(10000,[503,659,1712,2066,2259,3730,3753,3920,5850,6135,7215,7281,7372,7936,8303,8338,8552,9513,9876,9878,9907],[0.691153161953081,5.523458920524919,4.019381523748645,2.7508701982851385,2.8154087194227095,4.270695952029551,4.830311739964974,4.42484663185681,0.691153161953081,4.137164559405029,4.137164559405029,0.6792718340663283,3.914021008090819,0.691153161953081,5.117993812416755,0.691153161953081,4.137164559405029,3.7316994512968646,2.7508701982851385,4.270695952029551,5.117993812416755])",0.0
F243,"['call', 'close', 'right', 'pay', 'meet', 'city', 'follow.', 'newspaper', 'environmental', 'newspaper', 'different', 'agree.', 'parent', 'clearly', 'open', 'indicate.', '—', 'shocking', 'claims', 'aliens', 'surface', 'internet.']","(10000,[503,650,1790,3238,3497,4528,4897,5146,5495,5783,5850,6027,6521,6683,7281,7870,7936,8238,8338,9932,9940],[0.691153161953081,2.958509563063383,3.8187108282864943,8.541391904059102,4.42484663185681,5.523458920524919,3.914021008090819,4.137164559405029,5.117993812416755,4.607168188650764,0.691153161953081,4.019381523748645,5.523458920524919,4.270695952029551,0.6792718340663283,3.8187108282864943,0.691153161953081,3.914021008090819,0.691153161953081,4.019381523748645,4.019381523748645])",0.0
R191,"['whether', 'institution', 'position', 'we.', 'sing', 'imagine', 'try', 'administration', 'issue.', 'south', 'month', 'teacher.', 'energy', 'idea', 'policy', 'citizen', 'decade.', 'experts', 'discuss', 'ongoing', 'developments', 'budget', 'report.']","(10000,[8,997,1339,2412,3243,3378,3406,3614,4142,4506,4687,4693,4816,4991,5185,5301,5432,5500,5741,5958,6451,8307,9462],[4.137164559405029,5.523458920524919,4.42484663185681,4.607168188650764,4.42484663185681,5.523458920524919,4.42484663185681,0.691153161953081,5.117993812416755,0.691153161953081,0.691153161953081,4.270695952029551,3.914021008090819,2.60568818844064,4.270695952029551,4.830311739964974,2.7200985396183848,5.523458920524919,3.7316994512968646,4.137164559405029,3.914021008090819,4.137164559405029,0.691153161953081])",1.0
R130,"['poor', 'around', 'white', 'discuss', 'rest', 'chair', 'expect', 'forget.', 'compare', 'program', 'get', 'school', 'nothing', 'rate.', 'campaign', 'worker', 'investment', 'customer', 'themselves.', 'experts', 'discuss', 'ongoing', 'developments', 'public', 'health.']","(10000,[497,573,681,1413,1562,1637,1770,2676,2679,2708,3614,3691,4292,4506,4687,5843,5853,6197,6219,6675,8103,9246,9426,9462],[4.830311739964974,4.270695952029551,4.607168188650764,3.8187108282864943,4.42484663185681,3.914021008090819,2.997730276216664,4.270695952029551,4.137164559405029,3.4440173788450834,1.382306323906162,4.42484663185681,4.607168188650764,0.691153161953081,0.691153161953081,4.137164559405029,4.42484663185681,4.137164559405029,3.172083663361442,4.137164559405029,4.42484663185681,4.019381523748645,4.137164559405029,0.691153161953081])",1.0
F081,"['talk', 'read', 'gun', 'improve', 'better.', 'song', 'experience', 'trip', 'cover', 'he.', 'bank', 'alone', 'section', 'surface.', '—', 'shocking', 'claims', 'mind', 'control', 'surface', 'internet.']","(10000,[503,1208,2408,2492,3184,3635,5417,5782,5850,6104,6968,7078,7281,7350,7650,7936,8257,8313,8338,8925,8982],[0.691153161953081,2.849310271098391,4.019381523748645,4.42484663185681,2.8154087194227095,4.019381523748645,5.117993812416755,4.270695952029551,0.691153161953081,4.137164559405029,4.830311739964974,4.830311739964974,0.6792718340663283,4.137164559405029,4.019381523748645,0.691153161953081,5.117993812416755,4.019381523748645,0.691153161953081,4.607168188650764,3.8187108282864943])",0.0
R209,"['institution', 'seven', 'across', 'parent', 'cell', 'fish', 'company.', 'plan', 'another', 'around', 'no.', 'simply', 'without', 'arm.', 'experts', 'discuss', 'ongoing', 'developments', 'technology', 'breakthrough.']","(10000,[1020,1376,1642,2227,2470,3008,3210,3243,3614,4043,4506,4687,6123,6197,7074,7850,8166,8497,9462,9932],[2.4324164671666035,4.137164559405029,3.914021008090819,2.7200985396183848,5.117993812416755,5.523458920524919,4.830311739964974,4.42484663185681,0.691153161953081,4.42484663185681,0.691153161953081,0.691153161953081,4.019381523748645,4.137164559405029,3.577548771469606,3.914021008090819,4.137164559405029,5.523458920524919,0.691153161953081,4.019381523748645])",1.0
F228,"['wall', 'safe', 'approach', 'many', 'word.', 'stuff', 'medical', 'north', 'animal', 'near.', '—', 'shocking', 'claims', 'hoax', 'surface', 'internet.']","(10000,[503,1778,3095,4377,5006,5188,5850,6404,6817,7281,7360,7642,7722,7936,8268,8338],[0.691153161953081,4.830311739964974,4.270695952029551,2.60568818844064,4.607168188650764,3.7316994512968646,0.691153161953081,4.607168188650764,4.607168188650764,0.6792718340663283,4.019381523748645,4.137164559405029,3.914021008090819,0.691153161953081,4.42484663185681,0.691153161953081])",0.0
R030,"['example', 'lose', 'environment.', 'action', 'store', 'cold', 'mother', 'answer', 'though', 'finally.', 'small', 'book', 'outside.', 'experts', 'discuss', 'ongoing', 'developments', 'budget', 'report.']","(10000,[222,354,393,1619,3385,3614,3619,3920,4422,4506,4687,4991,5089,5432,6633,7184,7954,9462,9606],[4.270695952029551,4.270695952029551,4.42484663185681,5.117993812416755,4.270695952029551,0.691153161953081,4.137164559405029,4.42484663185681,4.607168188650764,0.691153161953081,0.691153161953081,2.60568818844064,3.6516567436233283,2.7200985396183848,3.914021008090819,3.8187108282864943,5.117993812416755,0.691153161953081,3.914021008090819])",1.0
R214,"['shake', 'real', 'bring', 'challenge.', 'experts', 'discuss', 'ongoing', 'developments', 'education.']","(10000,[2180,3057,3614,4506,4687,5047,8172,9462,9691],[4.137164559405029,4.270695952029551,0.691153161953081,0.691153161953081,0.691153161953081,2.7200985396183848,5.523458920524919,0.691153161953081,4.42484663185681])",1.0
R175,"['method', 'think', 'hope', 'kind', 'organization', 'seek.', 'account', 'trial', 'course', 'within.', 'day', 'water', 'provide', 'return', 'finish', 'result.', 'director', 'drive', 'sometimes', 'need.', 'experts', 'discuss', 'ongoing', 'developments', 'economic', 'growth.']","(10000,[635,1364,1853,2335,2589,2922,3410,3614,3652,4295,4506,4687,5869,5946,6000,6015,6044,6325,6544,6578,7670,9034,9133,9144,9187,9462],[3.8187108282864943,4.270695952029551,3.8187108282864943,4.270695952029551,3.914021008090819,5.523458920524919,4.019381523748645,0.691153161953081,3.577548771469606,5.523458920524919,0.691153161953081,0.691153161953081,4.270695952029551,4.270695952029551,3.6516567436233283,4.42484663185681,4.137164559405029,3.8187108282864943,4.607168188650764,4.137164559405029,4.830311739964974,2.849310271098391,3.8187108282864943,2.455405985391302,5.117993812416755,0.691153161953081])",1.0
