id,title,filtered_words,label
R129,New Report on Election,"['term', 'glass', 'particular', 'space', 'happen.', 'successful', 'debate', 'check', 'vote', 'test.', 'experts', 'discuss', 'ongoing', 'developments', 'election.']",REAL
R227,New Report on Climate Change,"['painting', 'instead', 'speak', 'war', 'significant', 'defense', 'view', 'example.', 'establish', 'conference', 'weight', 'line', 'today.', 'teacher', 'ever', 'team', 'and.', 'event', 'garden', 'civil', 'light', 'rule.', 'experts', 'discuss', 'ongoing', 'developments', 'climate', 'change.']",REAL
F231,Aliens Confirmed by Sources,"['fear', 'buy', 'teach', 'spring', 'practice.', 'total', 'without', 'somebody.', '—', 'shocking', 'claims', 'aliens', 'surface', 'internet.']",FAKE
R066,New Report on Policy,"['wish', 'wear', 'section.', 'culture', 'drug', 'push', 'rather', 'every', 'require', 'statement.', 'experts', 'discuss', 'ongoing', 'developments', 'policy.']",REAL
F095,Mind Control Confirmed by Sources,"['next', 'just.', 'nature', 'still', 'law', 'want', 'skill', 'participant.', 'condition', 'administration', 'college', 'sure', 'happy', 'local', 'attention.', 'play', 'energy', 'summer.', '—', 'shocking', 'claims', 'mind', 'control', 'surface', 'internet.']",FAKE
R174,New Report on Policy,"['similar', 'hard', 'benefit', 'central.', 'someone', 'edge', 'beautiful', 'stop.', 'choose', 'season', 'church', 'company', 'daughter', 'meet.', 'senior', 'read', 'tree', 'author', 'building', 'gun.', 'experts', 'discuss', 'ongoing', 'developments', 'policy.']",REAL
R201,New Report on Public Health,"['allow', 'mr', 'happy', 'number', 'fly.', 'stop', 'pick', 'smile', 'either.', 'experts', 'discuss', 'ongoing', 'developments', 'public', 'health.']",REAL
R072,New Report on Education,"['leg', 'daughter', 'hard', 'several.', 'least', 'various', 'team', 'environment', 'claim', 'perform', 'prepare', 'yeah.', 'experts', 'discuss', 'ongoing', 'developments', 'education.']",REAL
R064,New Report on Research,"['politics', 'sister', 'nice', 'describe', 'offer', 'box', 'scientist.', 'avoid', 'include.', 'experience', 'catch', 'doctor', 'also', 'perhaps', 'store.', 'experts', 'discuss', 'ongoing', 'developments', 'research.']",REAL
F037,Miracle Drug Confirmed by Sources,"['large', 'side', 'much', 'tell.', 'community', 'collection', 'data', 'worry', 'week', 'describe.', '—', 'shocking', 'claims', 'miracle', 'drug', 'surface', 'internet.']",FAKE
R170,New Report on Technology Breakthrough,"['within', 'win', 'network.', 'book', 'place', 'area', 'relate', 'officer.', 'tonight', 'condition', 'environment.', 'experts', 'discuss', 'ongoing', 'developments', 'technology', 'breakthrough.']",REAL
F110,Celebrity Scandal Confirmed by Sources,"['poor', 'quite', 'pull', 'behind.', 'arm', 'time', 'lay', 'second', 'draw', 'no.', 'serious', 'easy', 'skill', 'floor', 'picture', 'local', 'capital.', '—', 'shocking', 'claims', 'celebrity', 'scandal', 'surface', 'internet.']",FAKE
F048,Secret Cure Confirmed by Sources,"['difficult', 'might', 'who.', 'run', 'say', 'picture', 'enter', 'describe', 'role.', 'study', 'decide', 'final', 'west', 'win.', '—', 'shocking', 'claims', 'secret', 'cure', 'surface', 'internet.']",FAKE
F082,Hoax Confirmed by Sources,"['bill', 'garden', 'leg', 'various', 'available', 'author.', 'customer', 'clearly', 'president', 'become', 'side.', 'goal', 'form', 'forget', 'inside', 'production', 'even.', '—', 'shocking', 'claims', 'hoax', 'surface', 'internet.']",FAKE
F187,Miracle Drug Confirmed by Sources,"['stock', 'poor', 'natural', 'phone', 'culture.', 'skin', 'particular', 'break', 'commercial', 'party', 'fill', 'partner.', '—', 'shocking', 'claims', 'miracle', 'drug', 'surface', 'internet.']",FAKE
F027,Miracle Drug Confirmed by Sources,"['believe', 'recently', 'stage', 'plant', 'collection', 'important', 'well.', 'lay', 'security', 'late', 'bad', 'clear', 'especially.', 'drop', 'listen', 'matter.', '—', 'shocking', 'claims', 'miracle', 'drug', 'surface', 'internet.']",FAKE
F202,Hoax Confirmed by Sources,"['talk', 'stop', 'unit', 'weight.', 'history', 'anything', 'thus', 'short', 'economy', 'accept.', '—', 'shocking', 'claims', 'hoax', 'surface', 'internet.']",FAKE
F197,Secret Cure Confirmed by Sources,"['key', 'lawyer', 'upon', 'particular.', 'six', 'region', 'set.', '—', 'shocking', 'claims', 'secret', 'cure', 'surface', 'internet.']",FAKE
R128,New Report on Climate Change,"['prevent', 'scene', 'first', 'lawyer', 'word', 'factor.', 'number', 'apply.', 'experts', 'discuss', 'ongoing', 'developments', 'climate', 'change.']",REAL
F157,Government Cover-Up Confirmed by Sources,"['probably', 'cup', 'final', 'cause', 'culture', 'history.', 'throughout', 'professor', 'personal', 'contain', 'throw', 'also.', 'accept', 'one', 'sell.', '—', 'shocking', 'claims', 'government', 'cover-up', 'surface', 'internet.']",FAKE
F117,Hoax Confirmed by Sources,"['stay', 'accept', 'ahead', 'former', 'glass', 'instead.', 'parent', 'federal', 'dream', 'order.', 'throughout', 'kitchen', 'middle', 'ability.', '—', 'shocking', 'claims', 'hoax', 'surface', 'internet.']",FAKE
F173,Secret Cure Confirmed by Sources,"['agent', 'step', 'fine', 'character', 'special', 'fill.', '—', 'shocking', 'claims', 'secret', 'cure', 'surface', 'internet.']",FAKE
F024,Aliens Confirmed by Sources,"['time', 'control', 'family', 'affect.', 'box', 'second', 'heavy', 'expect', 'add', 'second', 'these.', 'add', 'bill', 'voice', 'daughter', 'page.', 'note', 'course', 'hour', 'season', 'east.', '—', 'shocking', 'claims', 'aliens', 'surface', 'internet.']",FAKE
F096,Celebrity Scandal Confirmed by Sources,"['fire', 'among', 'point', 'small.', '—', 'shocking', 'claims', 'celebrity', 'scandal', 'surface', 'internet.']",FAKE
R247,New Report on Public Health,"['protect', 'hundred', 'treatment', 'live', 'determine', 'week.', 'wait', 'also', 'become', 'face', 'quality', 'weight', 'contain.', 'experts', 'discuss', 'ongoing', 'developments', 'public', 'health.']",REAL
F226,Government Cover-Up Confirmed by Sources,"['catch', 'mrs', 'quite', 'body.', 'economic', 'nation', 'song', 'store', 'table.', 'information', 'anyone', 'painting', 'role', 'current', 'miss.', '—', 'shocking', 'claims', 'government', 'cover-up', 'surface', 'internet.']",FAKE
F100,Flat Earth Confirmed by Sources,"['half', 'phone', 'contain', 'right.', 'item', 'short', 'great', 'tend', 'agency', 'despite', 'room.', '—', 'shocking', 'claims', 'flat', 'earth', 'surface', 'internet.']",FAKE
F246,Government Cover-Up Confirmed by Sources,"['sign', 'peace', 'mrs', 'gun', 'create', 'buy.', 'contain', 'heart', 'little', 'professor', 'lay', 'woman', 'turn', 'across.', 'spring', 'far', 'full', 'food', 'share', 'instead', 'occur.', '—', 'shocking', 'claims', 'government', 'cover-up', 'surface', 'internet.']",FAKE
F183,Aliens Confirmed by Sources,"['effect', 'form', 'within', 'bank', 'whether.', 'child', 'beautiful', 'beyond', 'common.', 'painting', 'firm', 'raise', 'debate', 'head.', '—', 'shocking', 'claims', 'aliens', 'surface', 'internet.']",FAKE
R063,New Report on Policy,"['box', 'although', 'party', 'back', 'owner', 'generation', 'air.', 'also', 'sometimes', 'turn', 'summer.', 'experts', 'discuss', 'ongoing', 'developments', 'policy.']",REAL
R005,New Report on Election,"['material', 'open', 'sort', 'bar', 'stage', 'pass', 'miss.', 'scientist', 'administration', 'drive', 'rise', 'despite.', 'travel', 'recognize', 'poor', 'probably', 'challenge', 'cold.', 'experts', 'discuss', 'ongoing', 'developments', 'election.']",REAL
R084,New Report on Election,"['surface', 'law', 'student.', 'beyond', 'watch', 'stand', 'affect', 'loss.', 'home', 'give', 'name', 'value', 'check.', 'experts', 'discuss', 'ongoing', 'developments', 'election.']",REAL
R124,New Report on Education,"['radio', 'although', 'act.', 'less', 'big', 'detail', 'civil', 'fast', 'fast.', 'experts', 'discuss', 'ongoing', 'developments', 'education.']",REAL
R118,New Report on Research,"['manager', 'budget', 'one', 'summer', 'clear.', 'individual', 'several', 'cut', 'standard', 'create.', 'experts', 'discuss', 'ongoing', 'developments', 'research.']",REAL
F001,Aliens Confirmed by Sources,"['real', 'speech', 'expert', 'nice', 'customer', 'war.', 'full', 'store', 'where.', 'different', 'reveal', 'trip', 'wind', 'discover', 'occur', 'against.', '—', 'shocking', 'claims', 'aliens', 'surface', 'internet.']",FAKE
F007,Immortal Jellyfish Confirmed by Sources,"['happen', 'challenge', 'short', 'out.', 'goal', 'area', 'every', 'free.', '—', 'shocking', 'claims', 'immortal', 'jellyfish', 'surface', 'internet.']",FAKE
F046,Mind Control Confirmed by Sources,"['relate', 'particular', 'condition', 'mission', 'lay.', 'exactly', 'election', 'parent.', '—', 'shocking', 'claims', 'mind', 'control', 'surface', 'internet.']",FAKE
R103,New Report on Research,"['management', 'southern', 'window', 'free', 'stage.', 'foot', 'listen', 'reveal', 'field', 'pattern', 'money', 'range.', 'source', 'western', 'tough', 'quite.', 'wall', 'clear', 'debate', 'develop', 'choose', 'may.', 'experts', 'discuss', 'ongoing', 'developments', 'research.']",REAL
R037,New Report on Budget Report,"['investment', 'effort', 'visit.', 'show', 'good', 'involve', 'bag.', 'next', 'free', 'impact.', 'experts', 'discuss', 'ongoing', 'developments', 'budget', 'report.']",REAL
F193,Secret Cure Confirmed by Sources,"['space', 'rather', 'garden', 'work', 'project', 'experience.', 'spring', 'pass', 'million', 'big', 'return', 'possible', 'write.', 'rate', 'thank', 'everyone', 'rich', 'write.', 'toward', 'cover', 'eye', 'environment', 'attention', 'across.', '—', 'shocking', 'claims', 'secret', 'cure', 'surface', 'internet.']",FAKE
R166,New Report on Election,"['sign', 'water', 'firm', 'happen', 'pass.', 'experts', 'discuss', 'ongoing', 'developments', 'election.']",REAL
F017,Immortal Jellyfish Confirmed by Sources,"['chair', 'social', 'fast', 'contain', 'interesting', 'school', 'move.', 'leg', 'seek', 'operation', 'fire', 'speak.', 'feeling', 'stage', 'back', 'goal', 'represent', 'modern', 'lead.', '—', 'shocking', 'claims', 'immortal', 'jellyfish', 'surface', 'internet.']",FAKE
R008,New Report on Economic Growth,"['bar', 'cut', 'section', 'food', 'relationship', 'apply.', 'newspaper', 'structure', 'bad', 'item.', 'experts', 'discuss', 'ongoing', 'developments', 'economic', 'growth.']",REAL
F071,Celebrity Scandal Confirmed by Sources,"['contain', 'agency', 'work.', 'music', 'true', 'issue', 'ok', 'seat.', '—', 'shocking', 'claims', 'celebrity', 'scandal', 'surface', 'internet.']",FAKE
F028,Mind Control Confirmed by Sources,"['record', 'think', 'positive.', 'issue', 'major', 'whom.', '—', 'shocking', 'claims', 'mind', 'control', 'surface', 'internet.']",FAKE
F227,Immortal Jellyfish Confirmed by Sources,"['indicate', 'defense', 'instead', 'record', 'my.', 'often', 'away', 'amount', 'attack', 'many.', '—', 'shocking', 'claims', 'immortal', 'jellyfish', 'surface', 'internet.']",FAKE
R200,New Report on Public Health,"['author', 'finally', 'case', 'worker.', 'yet', 'large', 'heart', 'model', 'collection', 'dinner.', 'common', 'let', 'center', 'listen', 'money', 'tonight', 'color.', 'experts', 'discuss', 'ongoing', 'developments', 'public', 'health.']",REAL
R225,New Report on Climate Change,"['year', 'avoid', 'offer', 'into.', 'evening', 'task', 'speak.', 'experts', 'discuss', 'ongoing', 'developments', 'climate', 'change.']",REAL
R062,New Report on Budget Report,"['yeah', 'federal', 'rule', 'pull.', 'issue', 'note', 'loss', 'huge', 'return.', 'enough', 'another', 'score', 'week', 'technology.', 'experts', 'discuss', 'ongoing', 'developments', 'budget', 'report.']",REAL
F033,Hoax Confirmed by Sources,"['position', 'town', 'training', 'capital', 'gun', 'significant', 'drug', 'senior.', 'kid', 'key', 'edge', 'charge', 'mind.', 'score', 'worker', 'occur', 'step.', '—', 'shocking', 'claims', 'hoax', 'surface', 'internet.']",FAKE
F012,Hoax Confirmed by Sources,"['fish', 'majority', 'power.', 'least', 'stock', 'often', 'grow', 'mean', 'wrong', 'attention.', 'argue', 'suggest', 'perform', 'assume.', '—', 'shocking', 'claims', 'hoax', 'surface', 'internet.']",FAKE
R121,New Report on Research,"['threat', 'affect', 'realize', 'may', 'hotel', 'memory.', 'hundred', 'direction', 'film', 'receive.', 'experts', 'discuss', 'ongoing', 'developments', 'research.']",REAL
F210,Aliens Confirmed by Sources,"['fine', 'choose', 'education', 'situation', 'ten', 'trip', 'return.', 'free', 'rather', 'common', 'fast', 'push.', 'artist', 'sure', 'economy', 'quite', 'step.', '—', 'shocking', 'claims', 'aliens', 'surface', 'internet.']",FAKE
F151,Hoax Confirmed by Sources,"['land', 'culture', 'ten', 'morning.', 'whether', 'us', 'place', 'several.', '—', 'shocking', 'claims', 'hoax', 'surface', 'internet.']",FAKE
F099,Secret Cure Confirmed by Sources,"['address', 'rich', 'live', 'management.', 'subject', 'close.', '—', 'shocking', 'claims', 'secret', 'cure', 'surface', 'internet.']",FAKE
R090,New Report on Technology Breakthrough,"['question', 'type', 'spend', 'green.', 'science', 'theory', 'miss', 'senior', 'room', 'challenge', 'rule.', 'box', 'ability', 'try', 'first', 'piece', 'late', 'themselves.', 'experts', 'discuss', 'ongoing', 'developments', 'technology', 'breakthrough.']",REAL
R125,New Report on Budget Report,"['democratic', 'environment', 'miss', 'enjoy', 'full', 'ten', 'us.', 'wait', 'world', 'southern', 'middle', 'sit.', 'experts', 'discuss', 'ongoing', 'developments', 'budget', 'report.']",REAL
R091,New Report on Climate Change,"['simply', 'common', 'sure', 'money', 'organization', 'event', 'fact.', 'level', 'blue', 'stop', 'lay', 'less', 'different', 'day', 'others.', 'experts', 'discuss', 'ongoing', 'developments', 'climate', 'change.']",REAL
R157,New Report on Climate Change,"['good', 'party', 'catch', 'doctor', 'red.', 'experience', 'suffer', 'remain', 'step', 'able.', 'guy', 'bag', 'republican', 'economic', 'alone', 'method.', 'experts', 'discuss', 'ongoing', 'developments', 'climate', 'change.']",REAL
F098,Miracle Drug Confirmed by Sources,"['network', 'room', 'open', 'back', 'fill', 'short', 'four.', 'find', 'course', 'position', 'popular', 'however', 'three', 'still.', '—', 'shocking', 'claims', 'miracle', 'drug', 'surface', 'internet.']",FAKE
F164,Immortal Jellyfish Confirmed by Sources,"['fund', 'color', 'pass.', 'detail', 'address', 'series.', 'individual', 'case', 'bring', 'majority', 'enter', 'sport.', '—', 'shocking', 'claims', 'immortal', 'jellyfish', 'surface', 'internet.']",FAKE
R050,New Report on Economic Growth,"['center', 'think', 'personal', 'account', 'build', 'street', 'above.', 'approach', 'pm', 'road', 'result.', 'experts', 'discuss', 'ongoing', 'developments', 'economic', 'growth.']",REAL
R249,New Report on Climate Change,"['hundred', 'white', 'turn', 'team.', 'group', 'top', 'really', 'peace', 'entire.', 'fear', 'fire', 'war', 'choose', 'speech', 'old', 'new.', 'right', 'assume', 'which.', 'experts', 'discuss', 'ongoing', 'developments', 'climate', 'change.']",REAL
R093,New Report on Election,"['leave', 'somebody', 'mr.', 'story', 'support', 'natural', 'trial', 'out.', 'explain', 'record', 'road.', 'experts', 'discuss', 'ongoing', 'developments', 'election.']",REAL
R131,New Report on Education,"['building', 'expert', 'specific', 'these.', 'animal', 'impact', 'board', 'fly.', 'experts', 'discuss', 'ongoing', 'developments', 'education.']",REAL
F107,Flat Earth Confirmed by Sources,"['also', 'staff', 'fear', 'require', 'air.', 'world', 'want', 'glass', 'only.', 'anyone', 'special', 'million', 'strategy', 'consider', 'throw.', '—', 'shocking', 'claims', 'flat', 'earth', 'surface', 'internet.']",FAKE
F153,Hoax Confirmed by Sources,"['away', 'general', 'rock', 'stay', 'why.', 'hot', 'pass', 'argue', 'require', 'training', 'onto.', 'indeed', 'strong.', '—', 'shocking', 'claims', 'hoax', 'surface', 'internet.']",FAKE
F091,Flat Earth Confirmed by Sources,"['increase', 'drive', 'race', 'conference.', '—', 'shocking', 'claims', 'flat', 'earth', 'surface', 'internet.']",FAKE
R246,New Report on Economic Growth,"['huge', 'weight', 'daughter.', 'news', 'none', 'wish', 'include', 'song', 'action', 'ball', 'simple.', 'experts', 'discuss', 'ongoing', 'developments', 'economic', 'growth.']",REAL
F004,Secret Cure Confirmed by Sources,"['continue', 'front', 'speak', 'offer', 'interesting.', 'rather', 'foreign', 'cup', 'program', 'challenge', 'do.', 'board', 'response', 'political', 'policy.', '—', 'shocking', 'claims', 'secret', 'cure', 'surface', 'internet.']",FAKE
F220,Celebrity Scandal Confirmed by Sources,"['grow', 'soon', 'beat.', 'inside', 'friend', 'woman', 'author', 'nothing.', 'body', 'near', 'state.', '—', 'shocking', 'claims', 'celebrity', 'scandal', 'surface', 'internet.']",FAKE
F121,Hoax Confirmed by Sources,"['forward', 'occur', 'may', 'present', 'perform.', 'short', 'hotel', 'late', 'memory', 'summer', 'technology', 'free', 'training.', '—', 'shocking', 'claims', 'hoax', 'surface', 'internet.']",FAKE
F245,Mind Control Confirmed by Sources,"['assume', 'thing', 'student.', 'knowledge', 'player', 'economic', 'body', 'clearly.', 'street', 'card', 'suffer', 'plant.', '—', 'shocking', 'claims', 'mind', 'control', 'surface', 'internet.']",FAKE
R035,New Report on Climate Change,"['quite', 'ready', 'agree', 'picture', 'public', 'partner.', 'security', 'house', 'light', 'certain', 'beautiful.', 'experts', 'discuss', 'ongoing', 'developments', 'climate', 'change.']",REAL
R024,New Report on Education,"['tax', 'develop', 'mother', 'follow', 'single.', 'meeting', 'scientist', 'enjoy', 'heavy', 'along.', 'think', 'drive', 'rest', 'away', 'food', 'continue', 'rock', 'painting.', 'experts', 'discuss', 'ongoing', 'developments', 'education.']",REAL
F079,Miracle Drug Confirmed by Sources,"['clear', 'plant', 'scientist.', 'prepare', 'road', 'wish', 'government', 'west', 'prevent', 'reflect.', '—', 'shocking', 'claims', 'miracle', 'drug', 'surface', 'internet.']",FAKE
R094,New Report on Policy,"['need', 'huge', 'wife', 'ago', 'property.', 'painting', 'guess', 'coach', 'catch', 'music', 'also', 'process', 'but.', 'blue', 'bill', 'debate', 'nearly.', 'experts', 'discuss', 'ongoing', 'developments', 'policy.']",REAL
R040,New Report on Policy,"['third', 'represent', 'green', 'miss', 'forward', 'concern.', 'order', 'share', 'front', 'enjoy', 'mouth', 'everything', 'say.', 'project', 'nearly', 'rule', 'reduce', 'rate', 'tax.', 'experts', 'discuss', 'ongoing', 'developments', 'policy.']",REAL
F170,Immortal Jellyfish Confirmed by Sources,"['mouth', 'forget', 'national', 'condition', 'begin', 'individual.', 'able', 'member.', 'economic', 'lot', 'identify', 'card', 'field', 'pull', 'civil.', '—', 'shocking', 'claims', 'immortal', 'jellyfish', 'surface', 'internet.']",FAKE
F130,Immortal Jellyfish Confirmed by Sources,"['audience', 'include', 'area.', 'name', 'within', 'bar', 'say', 'sing.', '—', 'shocking', 'claims', 'immortal', 'jellyfish', 'surface', 'internet.']",FAKE
R085,New Report on Economic Growth,"['tree', 'watch', 'out.', 'experts', 'discuss', 'ongoing', 'developments', 'economic', 'growth.']",REAL
R054,New Report on Budget Report,"['film', 'responsibility', 'billion', 'debate.', 'almost', 'respond', 'find', 'human.', 'size', 'dog', 'region', 'month', 'small', 'even', 'age.', 'experts', 'discuss', 'ongoing', 'developments', 'budget', 'report.']",REAL
R047,New Report on Technology Breakthrough,"['eat', 'two', 'family', 'describe', 'participant.', 'player', 'reflect', 'democrat', 'perhaps', 'admit', 'identify', 'cut.', 'experts', 'discuss', 'ongoing', 'developments', 'technology', 'breakthrough.']",REAL
R199,New Report on Economic Growth,"['beautiful', 'blue', 'including', 'light', 'building', 'strong', 'anyone.', 'experts', 'discuss', 'ongoing', 'developments', 'economic', 'growth.']",REAL
F062,Miracle Drug Confirmed by Sources,"['mother', 'education', 'task', 'consider.', 'community', 'thought', 'expert', 'front.', '—', 'shocking', 'claims', 'miracle', 'drug', 'surface', 'internet.']",FAKE
R244,New Report on Technology Breakthrough,"['interview', 'interesting', 'ago', 'tell.', 'purpose', 'focus', 'result.', 'executive', 'suffer', 'draw.', 'experts', 'discuss', 'ongoing', 'developments', 'technology', 'breakthrough.']",REAL
R107,New Report on Election,"['career', 'south', 'good', 'gun.', 'father', 'continue', 'reduce', 'idea.', 'experts', 'discuss', 'ongoing', 'developments', 'election.']",REAL
F148,Aliens Confirmed by Sources,"['challenge', 'economy', 'student', 'step', 'at.', 'mind', 'table', 'two', 'hit', 'population', 'through.', '—', 'shocking', 'claims', 'aliens', 'surface', 'internet.']",FAKE
F023,Mind Control Confirmed by Sources,"['financial', 'make', 'away.', 'focus', 'back', 'person', 'exactly', 'air', 'inside.', '—', 'shocking', 'claims', 'mind', 'control', 'surface', 'internet.']",FAKE
R075,New Report on Budget Report,"['little', 'officer', 'heart', 'always', 'prevent.', 'action', 'guy', 'lay', 'collection', 'right', 'sure', 'response.', 'expect', 'student', 'others', 'single.', 'experts', 'discuss', 'ongoing', 'developments', 'budget', 'report.']",REAL
R220,New Report on Public Health,"['high', 'hear', 'doctor', 'human.', 'weight', 'month', 'contain', 'fight', 'character.', 'experts', 'discuss', 'ongoing', 'developments', 'public', 'health.']",REAL
R099,New Report on Economic Growth,"['word', 'run', 'much', 'dinner.', 'congress', 'compare', 'something.', 'experts', 'discuss', 'ongoing', 'developments', 'economic', 'growth.']",REAL
F066,Flat Earth Confirmed by Sources,"['foot', 'star', 'lay', 'bit', 'reflect', 'something.', 'base', 'financial', 'process.', '—', 'shocking', 'claims', 'flat', 'earth', 'surface', 'internet.']",FAKE
F060,Flat Earth Confirmed by Sources,"['night', 'explain', 'outside', 'fine', 'country', 'necessary.', 'strong', 'firm', 'stop', 'determine', 'hope', 'learn', 'either.', 'business', 'enjoy', 'future', 'community', 'window', 'tell', 'seek', 'beautiful.', '—', 'shocking', 'claims', 'flat', 'earth', 'surface', 'internet.']",FAKE
F022,Government Cover-Up Confirmed by Sources,"['likely', 'everything', 'others', 'energy', 'describe', 'tough', 'enjoy.', 'police', 'attention', 'opportunity.', 'mr', 'listen', 'end', 'low.', '—', 'shocking', 'claims', 'government', 'cover-up', 'surface', 'internet.']",FAKE
F127,Mind Control Confirmed by Sources,"['east', 'accept', 'suffer.', 'amount', 'fish', 'rate', 'course', 'peace.', 'bar', 'wrong', 'information', 'continue', 'throw', 'cover', 'body.', 'every', 'organization', 'wife', 'bank', 'look', 'power.', '—', 'shocking', 'claims', 'mind', 'control', 'surface', 'internet.']",FAKE
R212,New Report on Education,"['conference', 'black', 'support', 'kitchen.', 'adult', 'popular.', 'bill', 'local', 'game', 'process', 'action', 'prepare', 'street.', 'experts', 'discuss', 'ongoing', 'developments', 'education.']",REAL
F119,Mind Control Confirmed by Sources,"['black', 'collection', 'true', 'become', 'cost', 'month.', 'customer', 'example', 'say', 'learn', 'note', 'continue.', 'word', 'seem', 'goal', 'per', 'majority.', '—', 'shocking', 'claims', 'mind', 'control', 'surface', 'internet.']",FAKE
F103,Hoax Confirmed by Sources,"['today', 'page', 'chair', 'research', 'white', 'fill.', 'network', 'show', 'care', 'yet', 'near', 'today.', 'unit', 'seat', 'society', 'still', 'physical', 'nor.', 'exactly', 'rich', 'serious', 'require.', '—', 'shocking', 'claims', 'hoax', 'surface', 'internet.']",FAKE
F191,Mind Control Confirmed by Sources,"['loss', 'lot', 'add', 'where.', 'identify', 'already', 'sister.', '—', 'shocking', 'claims', 'mind', 'control', 'surface', 'internet.']",FAKE
F002,Mind Control Confirmed by Sources,"['daughter', 'condition', 'image', 'dog', 'give.', 'let', 'paper', 'foreign', 'often.', '—', 'shocking', 'claims', 'mind', 'control', 'surface', 'internet.']",FAKE
R155,New Report on Election,"['consider', 'people', 'congress', 'onto.', 'commercial', 'center', 'store', 'teach', 'information', 'marriage', 'because.', 'yeah', 'require', 'us', 'mind', 'get.', 'experts', 'discuss', 'ongoing', 'developments', 'election.']",REAL
R006,New Report on Technology Breakthrough,"['cause', 'space', 'still', 'west.', 'partner', 'especially.', 'experts', 'discuss', 'ongoing', 'developments', 'technology', 'breakthrough.']",REAL
F086,Government Cover-Up Confirmed by Sources,"['another', 'mr', 'probably', 'may', 'structure', 'degree.', 'american', 'game', 'morning', 'term', 'service', 'performance.', 'site', 'phone', 'per', 'step', 'brother', 'buy', 'along.', '—', 'shocking', 'claims', 'government', 'cover-up', 'surface', 'internet.']",FAKE
R168,New Report on Election,"['name', 'yeah', 'kind', 'executive.', 'degree', 'whether', 'look', 'everyone', 'bar', 'reason.', 'experts', 'discuss', 'ongoing', 'developments', 'election.']",REAL
R077,New Report on Public Health,"['case', 'executive', 'step', 'sell', 'exist', 'near.', 'race', 'ahead', 'person', 'he.', 'experts', 'discuss', 'ongoing', 'developments', 'public', 'health.']",REAL
F209,Hoax Confirmed by Sources,"['miss', 'game', 'stuff', 'or.', 'security', 'couple', 'short', 'buy', 'quality.', '—', 'shocking', 'claims', 'hoax', 'surface', 'internet.']",FAKE
R236,New Report on Public Health,"['head', 'seem', 'food', 'final', 'whose.', 'whole', 'deal', 'world.', 'experts', 'discuss', 'ongoing', 'developments', 'public', 'health.']",REAL
F186,Aliens Confirmed by Sources,"['nature', 'floor', 'test', 'next', 'card.', '—', 'shocking', 'claims', 'aliens', 'surface', 'internet.']",FAKE
R243,New Report on Public Health,"['cause', 'training', 'card', 'prevent', 'send.', 'church', 'describe', 'camera', 'popular', 'traditional.', 'experts', 'discuss', 'ongoing', 'developments', 'public', 'health.']",REAL
F094,Immortal Jellyfish Confirmed by Sources,"['call', 'part', 'common', 'nature', 'production', 'offer', 'effort', 'letter.', 'southern', 'continue', 'performance', 'may.', '—', 'shocking', 'claims', 'immortal', 'jellyfish', 'surface', 'internet.']",FAKE
R032,New Report on Economic Growth,"['development', 'population', 'score', 'issue', 'happen', 'indeed.', 'high', 'main', 'cost', 'easy', 'easy.', 'experts', 'discuss', 'ongoing', 'developments', 'economic', 'growth.']",REAL
R033,New Report on Education,"['serve', 'ability', 'program', 'either', 'medical.', 'trial', 'state', 'here.', 'worker', 'eight', 'every', 'sell', 'true.', 'experts', 'discuss', 'ongoing', 'developments', 'education.']",REAL
R045,New Report on Technology Breakthrough,"['compare', 'commercial', 'cell.', 'thousand', 'water', 'finally', 'effort', 'family.', 'experts', 'discuss', 'ongoing', 'developments', 'technology', 'breakthrough.']",REAL
R116,New Report on Education,"['none', 'board', 'protect', 'particularly', 'include.', 'fall', 'provide', 'factor', 'learn', 'population', 'test.', 'gun', 'far', 'bit', 'bit', 'own.', 'experts', 'discuss', 'ongoing', 'developments', 'education.']",REAL
F056,Celebrity Scandal Confirmed by Sources,"['body', 'magazine', 'drop', 'enter.', 'surface', 'coach', 'executive', 'name', 'personal', 'them.', 'agree', 'boy', 'ground', 'fill', 'word', 'second.', '—', 'shocking', 'claims', 'celebrity', 'scandal', 'surface', 'internet.']",FAKE
R043,New Report on Policy,"['office', 'serious', 'large', 'many.', 'range', 'road', 'sometimes', 'inside', 'beat.', 'experts', 'discuss', 'ongoing', 'developments', 'policy.']",REAL
R145,New Report on Economic Growth,"['race', 'interview', 'visit', 'small', 'history', 'if.', 'everyone', 'forward', 'much.', 'experts', 'discuss', 'ongoing', 'developments', 'economic', 'growth.']",REAL
F200,Secret Cure Confirmed by Sources,"['draw', 'tax', 'main', 'notice', 'statement', 'return', 'meeting', 'recently.', '—', 'shocking', 'claims', 'secret', 'cure', 'surface', 'internet.']",FAKE
F034,Celebrity Scandal Confirmed by Sources,"['name', 'improve', 'end', 'go.', '—', 'shocking', 'claims', 'celebrity', 'scandal', 'surface', 'internet.']",FAKE
F149,Secret Cure Confirmed by Sources,"['happy', 'choose', 'major.', 'deal', 'politics', 'recent', 'find', 'issue', 'range', 'order', 'number.', 'including', 'mission', 'decision', 'painting', 'still', 'important.', 'seven', 'eat', 'adult', 'religious', 'full.', '—', 'shocking', 'claims', 'secret', 'cure', 'surface', 'internet.']",FAKE
F051,Secret Cure Confirmed by Sources,"['night', 'many', 'church.', '—', 'shocking', 'claims', 'secret', 'cure', 'surface', 'internet.']",FAKE
F089,Flat Earth Confirmed by Sources,"['loss', 'federal', 'start', 'right', 'society', 'capital.', 'seat', 'benefit', 'woman', 'fear', 'financial', 'until.', '—', 'shocking', 'claims', 'flat', 'earth', 'surface', 'internet.']",FAKE
F135,Flat Earth Confirmed by Sources,"['condition', 'value', 'either', 'probably.', 'meeting', 'become', 'natural', 'upon.', 'air', 'thing', 'long.', 'democratic', 'condition', 'whole', 'matter', 'true', 'space.', '—', 'shocking', 'claims', 'flat', 'earth', 'surface', 'internet.']",FAKE
F088,Government Cover-Up Confirmed by Sources,"['space', 'style', 'kitchen', 'explain.', 'decade', 'speak', 'send', 'husband', 'detail', 'bill.', '—', 'shocking', 'claims', 'government', 'cover-up', 'surface', 'internet.']",FAKE
R010,New Report on Election,"['boy', 'serious', 'parent', 'show.', 'present', 'recently', 'fight', 'free', 'kind', 'position.', 'experts', 'discuss', 'ongoing', 'developments', 'election.']",REAL
R211,New Report on Policy,"['attack', 'authority', 'act', 'professor', 'meeting', 'one.', 'experts', 'discuss', 'ongoing', 'developments', 'policy.']",REAL
F204,Miracle Drug Confirmed by Sources,"['long', 'control', 'smile', 'heart', 'ground', 'point', 'network.', 'fact', 'space', 'represent', 'player', 'speech', 'bar.', 'improve', 'task', 'view', 'worker.', '—', 'shocking', 'claims', 'miracle', 'drug', 'surface', 'internet.']",FAKE
F168,Miracle Drug Confirmed by Sources,"['get', 'talk', 'pay', 'improve', 'boy', 'federal', 'they.', 'check', 'responsibility', 'physical', 'and.', '—', 'shocking', 'claims', 'miracle', 'drug', 'surface', 'internet.']",FAKE
R011,New Report on Public Health,"['full', 'music', 'development', 'floor.', 'cost', 'must', 'sister', 'similar', 'hot', 'store', 'cell.', 'experts', 'discuss', 'ongoing', 'developments', 'public', 'health.']",REAL
R232,New Report on Climate Change,"['anyone', 'beautiful', 'fast', 'idea.', 'maybe', 'force', 'up.', 'result', 'fall', 'artist.', 'experts', 'discuss', 'ongoing', 'developments', 'climate', 'change.']",REAL
R042,New Report on Public Health,"['life', 'certainly', 'relate', 'stand', 'minute.', 'card', 'matter', 'trade.', 'situation', 'question', 'stuff', 'best', 'continue', 'particular.', 'experts', 'discuss', 'ongoing', 'developments', 'public', 'health.']",REAL
F182,Hoax Confirmed by Sources,"['throw', 'character', 'suffer', 'company', 'future', 'sign', 'feel.', 'police', 'customer', 'someone.', '—', 'shocking', 'claims', 'hoax', 'surface', 'internet.']",FAKE
F036,Miracle Drug Confirmed by Sources,"['light', 'simply', 'lot', 'guess', 'wear', 'owner.', 'believe', 'brother', 'yes', 'the.', '—', 'shocking', 'claims', 'miracle', 'drug', 'surface', 'internet.']",FAKE
F068,Secret Cure Confirmed by Sources,"['structure', 'weight', 'reduce', 'arrive', 'media', 'page.', 'floor', 'reveal', 'effect', 'debate', 'board', 'reduce', 'from.', 'answer', 'key', 'dream', 'assume', 'stuff', 'adult.', '—', 'shocking', 'claims', 'secret', 'cure', 'surface', 'internet.']",FAKE
R015,New Report on Election,"['better', 'ever', 'idea', 'others', 'we.', 'building', 'include', 'reality.', 'experts', 'discuss', 'ongoing', 'developments', 'election.']",REAL
R147,New Report on Climate Change,"['learn', 'feeling', 'life', 'gas.', 'old', 'land', 'try', 'red', 'read', 'inside', 'audience.', 'experts', 'discuss', 'ongoing', 'developments', 'climate', 'change.']",REAL
F198,Government Cover-Up Confirmed by Sources,"['difficult', 'sport', 'set', 'deal', 'various.', 'model', 'call', 'heavy', 'force.', '—', 'shocking', 'claims', 'government', 'cover-up', 'surface', 'internet.']",FAKE
R081,New Report on Climate Change,"['listen', 'surface', 'toward', 'gas', 'parent', 'possible.', 'drop', 'car', 'within', 'sit', 'either', 'month.', 'experts', 'discuss', 'ongoing', 'developments', 'climate', 'change.']",REAL
F050,Aliens Confirmed by Sources,"['outside', 'discover', 'individual', 'agency', 'close', 'edge.', 'degree', 'second', 'protect', 'return', 'teacher', 'per.', 'quickly', 'whose', 'point', 'blood.', '—', 'shocking', 'claims', 'aliens', 'surface', 'internet.']",FAKE
F162,Celebrity Scandal Confirmed by Sources,"['spend', 'trial', 'leader', 'serious', 'clear.', 'across', 'surface', 'go', 'study', 'foreign', 'that.', '—', 'shocking', 'claims', 'celebrity', 'scandal', 'surface', 'internet.']",FAKE
R028,New Report on Technology Breakthrough,"['employee', 'certainly', 'owner', 'pressure', 'room.', 'media', 'moment', 'character', 'business', 'even', 'thank.', 'experts', 'discuss', 'ongoing', 'developments', 'technology', 'breakthrough.']",REAL
R195,New Report on Budget Report,"['east', 'day', 'table', 'laugh.', 'experts', 'discuss', 'ongoing', 'developments', 'budget', 'report.']",REAL
F116,Aliens Confirmed by Sources,"['democrat', 'become', 'machine', 'keep', 'truth', 'much', 'impact.', 'whose', 'experience', 'person.', 'rule', 'information', 'compare', 'official', 'region', 'including.', '—', 'shocking', 'claims', 'aliens', 'surface', 'internet.']",FAKE
R018,New Report on Research,"['even', 'card', 'yes.', 'current', 'weight', 'fall', 'service', 'among', 'kind.', 'experts', 'discuss', 'ongoing', 'developments', 'research.']",REAL
F073,Immortal Jellyfish Confirmed by Sources,"['work', 'physical', 'performance.', 'statement', 'eat', 'forget', 'spend.', '—', 'shocking', 'claims', 'immortal', 'jellyfish', 'surface', 'internet.']",FAKE
F059,Miracle Drug Confirmed by Sources,"['animal', 'visit', 'lawyer', 'million.', 'stop', 'often', 'top', 'forget', 'article', 'week', 'be.', 'market', 'tell', 'bill.', '—', 'shocking', 'claims', 'miracle', 'drug', 'surface', 'internet.']",FAKE
R078,New Report on Budget Report,"['space', 'generation', 'together', 'herself.', 'hit', 'man', 'along', 'money.', 'experts', 'discuss', 'ongoing', 'developments', 'budget', 'report.']",REAL
F216,Secret Cure Confirmed by Sources,"['including', 'painting', 'network', 'box', 'animal', 'image.', 'strong', 'paper', 'indeed', 'trial', 'spring', 'national', 'new.', 'message', 'tax', 'significant', 'street', 'style', 'check.', 'pm', 'water', 'friend', 'defense', 'either', 'town', 'your.', '—', 'shocking', 'claims', 'secret', 'cure', 'surface', 'internet.']",FAKE
F206,Celebrity Scandal Confirmed by Sources,"['well', 'rate', 'east', 'hospital', 'car.', 'close', 'speak', 'allow', 'clearly', 'media.', '—', 'shocking', 'claims', 'celebrity', 'scandal', 'surface', 'internet.']",FAKE
R036,New Report on Research,"['power', 'woman', 'rule.', 'establish', 'black', 'economic', 'sister.', 'experts', 'discuss', 'ongoing', 'developments', 'research.']",REAL
F104,Aliens Confirmed by Sources,"['power', 'husband', 'beyond', 'perform.', 'theory', 'game', 'prepare', 'energy', 'win.', '—', 'shocking', 'claims', 'aliens', 'surface', 'internet.']",FAKE
F000,Hoax Confirmed by Sources,"['price', 'quality', 'society', 'plan', 'question.', 'best', 'pattern', 'contain', 'budget', 'size', 'recent', 'tax', 'break.', '—', 'shocking', 'claims', 'hoax', 'surface', 'internet.']",FAKE
R136,New Report on Education,"['represent', 'true', 'court', 'oil', 'strategy.', 'know', 'pick', 'hot', 'police', 'material', 'program', 'attention.', 'series', 'son', 'join', 'appear', 'hope', 'feel', 'whose.', 'experts', 'discuss', 'ongoing', 'developments', 'education.']",REAL
F019,Immortal Jellyfish Confirmed by Sources,"['red', 'agent', 'continue.', 'matter', 'long', 'task', 'hand', 'standard', 'wind.', '—', 'shocking', 'claims', 'immortal', 'jellyfish', 'surface', 'internet.']",FAKE
R012,New Report on Technology Breakthrough,"['best', 'town', 'tv', 'color', 'discuss.', 'understand', 'answer', 'hand', 'trip', 'stop.', 'experts', 'discuss', 'ongoing', 'developments', 'technology', 'breakthrough.']",REAL
R052,New Report on Education,"['kind', 'every', 'us', 'possible.', 'experts', 'discuss', 'ongoing', 'developments', 'education.']",REAL
R123,New Report on Climate Change,"['debate', 'region', 'start', 'next', 'hard', 'important.', 'great', 'whose', 'return', 'law', 'build', 'office.', 'experts', 'discuss', 'ongoing', 'developments', 'climate', 'change.']",REAL
F040,Government Cover-Up Confirmed by Sources,"['including', 'decision', 'edge', 'small', 'offer', 'car.', 'first', 'well', 'dream', 'author', 'those.', 'court', 'standard', 'charge.', 'eat', 'country', 'party', 'green', 'low', 'imagine.', '—', 'shocking', 'claims', 'government', 'cover-up', 'surface', 'internet.']",FAKE
R160,New Report on Climate Change,"['six', 'benefit', 'box', 'home', 'newspaper', 'whom.', 'foot', 'health', 'body', 'easy', 'charge', 'somebody.', 'experts', 'discuss', 'ongoing', 'developments', 'climate', 'change.']",REAL
F067,Immortal Jellyfish Confirmed by Sources,"['fact', 'beat', 'model', 'manage.', '—', 'shocking', 'claims', 'immortal', 'jellyfish', 'surface', 'internet.']",FAKE
R069,New Report on Research,"['take', 'visit', 'edge', 'mean', 'last', 'property', 'assume.', 'practice', 'minute', 'sister', 'lot.', 'social', 'send', 'property.', 'experts', 'discuss', 'ongoing', 'developments', 'research.']",REAL
F160,Mind Control Confirmed by Sources,"['tax', 'face', 'per', 'happy', 'kid', 'address.', 'let', 'attorney', 'range', 'still.', '—', 'shocking', 'claims', 'mind', 'control', 'surface', 'internet.']",FAKE
F053,Hoax Confirmed by Sources,"['interest', 'court', 'family', 'general', 'society', 'party', 'how.', 'conference', 'believe', 'movie', 'field', 'offer', 'report', 'return.', 'fast', 'executive', 'best', 'onto', 'right', 'affect.', '—', 'shocking', 'claims', 'hoax', 'surface', 'internet.']",FAKE
R074,New Report on Education,"['behind', 'message', 'weight', 'machine', 'even', 'picture.', 'staff', 'enter', 'send', 'professor', 'language', 'play', 'thing.', 'think', 'brother', 'voice', 'assume', 'best', 'hospital.', 'experts', 'discuss', 'ongoing', 'developments', 'education.']",REAL
R007,New Report on Election,"['possible', 'try', 'owner', 'low', 'game', 'nation.', 'democrat', 'reveal', 'hope', 'issue', 'may', 'mission.', 'remember', 'certain', 'realize', 'big.', 'usually', 'father', 'record', 'put', 'produce.', 'experts', 'discuss', 'ongoing', 'developments', 'election.']",REAL
R119,New Report on Climate Change,"['painting', 'prove', 'sing', 'certainly', 'agent', 'true', 'win.', 'reveal', 'young', 'large.', 'experts', 'discuss', 'ongoing', 'developments', 'climate', 'change.']",REAL
R087,New Report on Budget Report,"['whole', 'sound', 'prepare', 'door', 'team', 'fine', 'medical.', 'plant', 'either', 'else', 'party', 'popular', 'hundred', 'bar.', 'bag', 'key', 'carry', 'tv.', 'experts', 'discuss', 'ongoing', 'developments', 'budget', 'report.']",REAL
F145,Miracle Drug Confirmed by Sources,"['part', 'lay', 'religious', 'everything', 'industry.', 'firm', 'another', 'admit', 'positive', 'particularly', 'floor', 'office', 'production.', 'ability', 'customer', 'material', 'low.', '—', 'shocking', 'claims', 'miracle', 'drug', 'surface', 'internet.']",FAKE
R065,New Report on Budget Report,"['pick', 'five.', 'career', 'interview', 'sport', 'building', 'condition', 'serve', 'artist', 'behavior.', 'certain', 'reflect', 'effect', 'skill', 'sit.', 'continue', 'magazine', 'visit', 'certainly', 'create', 'girl', 'security.', 'experts', 'discuss', 'ongoing', 'developments', 'budget', 'report.']",REAL
R208,New Report on Budget Report,"['suffer', 'issue', 'couple', 'what.', 'experts', 'discuss', 'ongoing', 'developments', 'budget', 'report.']",REAL
R048,New Report on Budget Report,"['never', 'sign', 'read', 'enjoy.', 'experts', 'discuss', 'ongoing', 'developments', 'budget', 'report.']",REAL
F076,Aliens Confirmed by Sources,"['thank', 'worry', 'letter', 'employee', 'able.', 'behind', 'draw.', '—', 'shocking', 'claims', 'aliens', 'surface', 'internet.']",FAKE
R019,New Report on Policy,"['travel', 'amount', 'speech', 'natural.', 'building', 'go', 'tough.', 'experts', 'discuss', 'ongoing', 'developments', 'policy.']",REAL
F115,Immortal Jellyfish Confirmed by Sources,"['report', 'good', 'garden', 'gas', 'present', 'ground', 'tv.', 'different', 'soon', 'language', 'break', 'pass', 'consider.', '—', 'shocking', 'claims', 'immortal', 'jellyfish', 'surface', 'internet.']",FAKE
R031,New Report on Education,"['step', 'fly', 'threat', 'full', 'step.', 'teach', 'suddenly', 'around', 'through.', 'plan', 'expert', 'day', 'father.', 'experts', 'discuss', 'ongoing', 'developments', 'education.']",REAL
R190,New Report on Research,"['vote', 'tonight.', 'although', 'enjoy', 'half', 'raise', 'face.', 'experts', 'discuss', 'ongoing', 'developments', 'research.']",REAL
F057,Mind Control Confirmed by Sources,"['something', 'drug', 'seem', 'change.', '—', 'shocking', 'claims', 'mind', 'control', 'surface', 'internet.']",FAKE
F158,Immortal Jellyfish Confirmed by Sources,"['moment', 'democratic', 'rate', 'baby.', 'let', 'avoid', 'kind', 'bank', 'anything', 'look', 'direction', 'book.', 'practice', 'democratic', 'draw', 'pay', 'office', 'popular.', '—', 'shocking', 'claims', 'immortal', 'jellyfish', 'surface', 'internet.']",FAKE
F234,Flat Earth Confirmed by Sources,"['either', 'pull', 'ok.', 'almost', 'speech', 'word', 'show.', '—', 'shocking', 'claims', 'flat', 'earth', 'surface', 'internet.']",FAKE
F155,Flat Earth Confirmed by Sources,"['enough', 'girl', 'century', 'measure', 'include.', 'test', 'personal', 'them.', '—', 'shocking', 'claims', 'flat', 'earth', 'surface', 'internet.']",FAKE
F106,Flat Earth Confirmed by Sources,"['picture', 'find', 'learn', 'happy', 'get', 'tax', 'word.', 'public', 'check', 'relate.', '—', 'shocking', 'claims', 'flat', 'earth', 'surface', 'internet.']",FAKE
R051,New Report on Policy,"['seat', 'indicate', 'simple', 'way', 'congress', 'program.', 'military', 'make', 'behavior', 'ago', 'director', 'report', 'job.', 'month', 'bad', 'skin', 'detail', 'full', 'forward', 'child', 'third.', 'experts', 'discuss', 'ongoing', 'developments', 'policy.']",REAL
R203,New Report on Education,"['recently', 'among', 'reveal.', 'experts', 'discuss', 'ongoing', 'developments', 'education.']",REAL
F063,Secret Cure Confirmed by Sources,"['mother', 'tend', 'none', 'personal.', 'listen', 'school', 'become', 'mission', 'rest', 'reveal.', 'single', 'choice', 'plan', 'describe', 'candidate.', '—', 'shocking', 'claims', 'secret', 'cure', 'surface', 'internet.']",FAKE
R080,New Report on Policy,"['tell', 'nice', 'write.', 'bring', 'remain', 'break', 'although', 'draw', 'establish', 'series.', 'experts', 'discuss', 'ongoing', 'developments', 'policy.']",REAL
R226,New Report on Public Health,"['player', 'director', 'debate', 'season', 'investment', 'town.', 'experts', 'discuss', 'ongoing', 'developments', 'public', 'health.']",REAL
F144,Hoax Confirmed by Sources,"['really', 'big', 'team.', 'occur', 'contain', 'help', 'eight', 'gun.', '—', 'shocking', 'claims', 'hoax', 'surface', 'internet.']",FAKE
F241,Flat Earth Confirmed by Sources,"['owner', 'though', 'style', 'three', 'tend', 'operation.', 'good', 'work', 'around', 'son.', 'feel', 'experience', 'employee', 'leg', 'economy', 'fast.', '—', 'shocking', 'claims', 'flat', 'earth', 'surface', 'internet.']",FAKE
R150,New Report on Election,"['wife', 'far', 'maintain', 'beautiful', 'see', 'possible.', 'behind', 'environmental', 'less', 'claim', 'newspaper.', 'experts', 'discuss', 'ongoing', 'developments', 'election.']",REAL
R153,New Report on Research,"['marriage', 'official', 'force.', 'quite', 'without', 'story', 'product', 'parent.', 'experts', 'discuss', 'ongoing', 'developments', 'research.']",REAL
F175,Hoax Confirmed by Sources,"['begin', 'wind', 'keep', 'like', 'life.', 'remember', 'collection', 'open', 'local', 'property', 'development', 'though.', '—', 'shocking', 'claims', 'hoax', 'surface', 'internet.']",FAKE
F161,Immortal Jellyfish Confirmed by Sources,"['team', 'conference', 'month', 'practice', 'bit', 'key', 'letter', 'glass.', 'blue', 'hold', 'until.', '—', 'shocking', 'claims', 'immortal', 'jellyfish', 'surface', 'internet.']",FAKE
F147,Secret Cure Confirmed by Sources,"['agent', 'final', 'respond', 'alone', 'collection', 'spring', 'school', 'run.', 'agree', 'thought', 'write', 'tend.', 'worker', 'attorney', 'word', 'center', 'assume', 'use.', '—', 'shocking', 'claims', 'secret', 'cure', 'surface', 'internet.']",FAKE
F018,Secret Cure Confirmed by Sources,"['control', 'police', 'american', 'owner.', '—', 'shocking', 'claims', 'secret', 'cure', 'surface', 'internet.']",FAKE
F211,Celebrity Scandal Confirmed by Sources,"['star', 'lead', 'probably', 'administration.', 'laugh', 'yeah', 'explain', 'matter', 'name', 'technology', 'home', 'this.', '—', 'shocking', 'claims', 'celebrity', 'scandal', 'surface', 'internet.']",FAKE
R117,New Report on Research,"['example', 'reality', 'test', 'risk', 'director', 'fire', 'husband.', 'push', 'line', 'ball', 'pay', 'listen', 'natural', 'like.', 'experts', 'discuss', 'ongoing', 'developments', 'research.']",REAL
F016,Aliens Confirmed by Sources,"['perform', 'decision', 'environmental', 'congress', 'type', 'rule', 'need.', 'fact', 'indeed', 'avoid', 'meet', 'whatever', 'military.', '—', 'shocking', 'claims', 'aliens', 'surface', 'internet.']",FAKE
F029,Flat Earth Confirmed by Sources,"['successful', 'bill', 'outside', 'several', 'themselves.', 'team', 'standard', 'might', 'authority', 'break', 'small.', 'laugh', 'pull', 'less', 'newspaper.', '—', 'shocking', 'claims', 'flat', 'earth', 'surface', 'internet.']",FAKE
F205,Celebrity Scandal Confirmed by Sources,"['drive', 'prevent', 'mother.', 'mr', 'total', 'popular.', '—', 'shocking', 'claims', 'celebrity', 'scandal', 'surface', 'internet.']",FAKE
R112,New Report on Economic Growth,"['yard', 'mouth', 'drive', 'along', 'computer.', 'theory', 'offer', 'generation', 'customer', 'technology', 'quite.', 'really', 'fast', 'wrong.', 'experts', 'discuss', 'ongoing', 'developments', 'economic', 'growth.']",REAL
F218,Government Cover-Up Confirmed by Sources,"['police', 'modern', 'expert', 'behavior', 'situation', 'strong.', 'none', 'military', 'pattern', 'dinner.', '—', 'shocking', 'claims', 'government', 'cover-up', 'surface', 'internet.']",FAKE
R187,New Report on Education,"['indeed', 'event', 'pattern', 'finish', 'main', 'season.', 'customer', 'country', 'development', 'commercial', 'how.', 'stuff', 'certainly', 'final', 'series', 'six', 'similar.', 'experts', 'discuss', 'ongoing', 'developments', 'education.']",REAL
F087,Celebrity Scandal Confirmed by Sources,"['make', 'difference', 'want.', 'response', 'evidence', 'ground', 'author', 'team', 'test.', '—', 'shocking', 'claims', 'celebrity', 'scandal', 'surface', 'internet.']",FAKE
R171,New Report on Education,"['pay', 'growth', 'knowledge.', 'produce', 'feel', 'common', 'visit', 'need.', 'standard', 'voice', 'without', 'upon', 'course.', 'experts', 'discuss', 'ongoing', 'developments', 'education.']",REAL
R113,New Report on Technology Breakthrough,"['enough', 'feel', 'nature', 'mr.', 'step', 'hit', 'step', 'modern', 'approach', 'growth.', 'put', 'bar', 'guy', 'yet', 'establish.', 'ever', 'society', 'share', 'keep', 'dog', 'end.', 'experts', 'discuss', 'ongoing', 'developments', 'technology', 'breakthrough.']",REAL
R222,New Report on Public Health,"['check', 'sound', 'decade', 'word', 'crime.', 'want', 'picture', 'executive', 'police', 'sister', 'film', 'everybody.', 'experts', 'discuss', 'ongoing', 'developments', 'public', 'health.']",REAL
F233,Secret Cure Confirmed by Sources,"['day', 'stuff', 'majority', 'high.', 'military', 'within', 'also', 'total', 'foreign', 'every', 'reach', 'investment.', '—', 'shocking', 'claims', 'secret', 'cure', 'surface', 'internet.']",FAKE
R223,New Report on Climate Change,"['focus', 'discuss', 'light', 'these.', 'apply', 'partner', 'stop', 'sell', 'politics.', 'reduce', 'system', 'decade', 'sea', 'deep', 'building.', 'experts', 'discuss', 'ongoing', 'developments', 'climate', 'change.']",REAL
F224,Secret Cure Confirmed by Sources,"['region', 'reach', 'industry', 'provide', 'mind', 'myself.', 'look', 'door', 'together', 'executive', 'gas', 'factor', 'actually.', 'impact', 'country', 'shake', 'though', 'price', 'rule', 'position.', '—', 'shocking', 'claims', 'secret', 'cure', 'surface', 'internet.']",FAKE
R181,New Report on Climate Change,"['country', 'sport', 'form', 'year', 'others', 'debate.', 'billion', 'recently', 'approach', 'inside', 'sell.', 'company', 'simply', 'painting', 'operation.', 'experts', 'discuss', 'ongoing', 'developments', 'climate', 'change.']",REAL
R056,New Report on Public Health,"['success', 'meet', 'fly', 'himself.', 'kid', 'entire', 'our.', 'experts', 'discuss', 'ongoing', 'developments', 'public', 'health.']",REAL
R110,New Report on Education,"['glass', 'ball', 'administration.', 'experts', 'discuss', 'ongoing', 'developments', 'education.']",REAL
R219,New Report on Education,"['including', 'market', 'study', 'pattern.', 'kid', 'drug', 'evidence', 'right', 'admit.', 'experts', 'discuss', 'ongoing', 'developments', 'education.']",REAL
R224,New Report on Education,"['ask', 'exactly', 'culture', 'low', 'yeah', 'lose.', 'health', 'commercial', 'phone', 'town.', 'difference', 'loss', 'build', 'decade', 'paper.', 'experts', 'discuss', 'ongoing', 'developments', 'education.']",REAL
F178,Immortal Jellyfish Confirmed by Sources,"['never', 'form', 'fly', 'miss', 'song.', 'line', 'interest', 'degree', 'company', 'stock', 'style.', '—', 'shocking', 'claims', 'immortal', 'jellyfish', 'surface', 'internet.']",FAKE
F074,Secret Cure Confirmed by Sources,"['technology', 'return', 'even', 'million', 'gun', 'walk.', 'center', 'adult', 'threat', 'amount', 'second', 'difference.', 'fear', 'really', 'maybe', 'seem.', '—', 'shocking', 'claims', 'secret', 'cure', 'surface', 'internet.']",FAKE
R034,New Report on Budget Report,"['put', 'store', 'move.', 'ball', 'attack', 'top', 'time', 'finish', 'study.', 'experts', 'discuss', 'ongoing', 'developments', 'budget', 'report.']",REAL
R095,New Report on Policy,"['else', 'suggest', 'even', 'few.', 'technology', 'turn', 'region', 'peace', 'war', 'movement.', 'consider', 'daughter', 'raise', 'hot', 'feel.', 'experts', 'discuss', 'ongoing', 'developments', 'policy.']",REAL
F011,Aliens Confirmed by Sources,"['task', 'religious', 'claim', 'seven', 'small', 'instead', 'cold.', 'also.', 'paper', 'beyond', 'imagine', 'catch', 'thank.', '—', 'shocking', 'claims', 'aliens', 'surface', 'internet.']",FAKE
R162,New Report on Policy,"['around', 'law', 'interesting.', 'institution', 'expect', 'report', 'shoulder', 'worry', 'simply', 'worry.', 'learn', 'apply', 'friend', 'term', 'past', 'many', 'black', 'add.', 'experts', 'discuss', 'ongoing', 'developments', 'policy.']",REAL
R218,New Report on Election,"['nice', 'apply', 'ago.', 'anything', 'indeed', 'month', 'mind', 'arrive', 'lawyer.', 'experts', 'discuss', 'ongoing', 'developments', 'election.']",REAL
F136,Miracle Drug Confirmed by Sources,"['wind', 'safe', 'national', 'later', 'carry', 'picture', 'coach.', '—', 'shocking', 'claims', 'miracle', 'drug', 'surface', 'internet.']",FAKE
R108,New Report on Economic Growth,"['social', 'hair', 'write', 'something.', 'interesting', 'contain', 'identify', 'range', 'nor.', 'experts', 'discuss', 'ongoing', 'developments', 'economic', 'growth.']",REAL
R186,New Report on Research,"['thousand', 'relate', 'wear.', 'keep', 'serious', 'loss', 'say', 'get', 'enough.', 'environment', 'environmental', 'reveal', 'trouble', 'oil', 'small', 'word.', 'experts', 'discuss', 'ongoing', 'developments', 'research.']",REAL
R248,New Report on Technology Breakthrough,"['subject', 'method', 'fast', 'occur.', 'toward', 'range', 'parent', 'mention', 'order', 'off.', 'experts', 'discuss', 'ongoing', 'developments', 'technology', 'breakthrough.']",REAL
F045,Immortal Jellyfish Confirmed by Sources,"['recently', 'believe', 'true', 'must', 'pm', 'woman.', 'benefit', 'billion', 'conference.', 'lay', 'role', 'federal', 'enter.', 'fish', 'budget', 'specific.', '—', 'shocking', 'claims', 'immortal', 'jellyfish', 'surface', 'internet.']",FAKE
F092,Secret Cure Confirmed by Sources,"['assume', 'international', 'election', 'current', 'cell.', 'visit', 'success', 'care', 'production', 'president', 'not.', 'newspaper', 'training', 'determine', 'decision.', '—', 'shocking', 'claims', 'secret', 'cure', 'surface', 'internet.']",FAKE
R100,New Report on Technology Breakthrough,"['sign', 'president', 'doctor', 'either', 'admit', 'social', 'enjoy', 'ok.', 'test', 'level', 'fish', 'author', 'company', 'party', 'early.', 'experts', 'discuss', 'ongoing', 'developments', 'technology', 'breakthrough.']",REAL
F075,Miracle Drug Confirmed by Sources,"['candidate', 'first', 'court', 'old', 'gas', 'crime', 'measure.', 'however', 'appear', 'choose', 'anything', 'many', 'simply.', '—', 'shocking', 'claims', 'miracle', 'drug', 'surface', 'internet.']",FAKE
R059,New Report on Technology Breakthrough,"['various', 'level', 'room', 'within', 'senior.', 'build', 'send', 'boy', 'candidate.', 'book', 'central', 'however', 'art', 'quite', 'catch.', 'industry', 'player', 'fire.', 'experts', 'discuss', 'ongoing', 'developments', 'technology', 'breakthrough.']",REAL
F213,Hoax Confirmed by Sources,"['decade', 'necessary', 'these.', '—', 'shocking', 'claims', 'hoax', 'surface', 'internet.']",FAKE
R233,New Report on Education,"['friend', 'science', 'allow', 'pm', 'green', 'mention', 'improve.', 'experts', 'discuss', 'ongoing', 'developments', 'education.']",REAL
F072,Mind Control Confirmed by Sources,"['get', 'vote', 'benefit', 'bit', 'parent', 'hotel', 'ready.', 'charge', 'scene', 'suggest', 'world', 'beyond.', 'land', 'course', 'eight', 'continue', 'fund', 'rule.', 'head', 'government', 'onto', 'investment.', '—', 'shocking', 'claims', 'mind', 'control', 'surface', 'internet.']",FAKE
R184,New Report on Budget Report,"['smile', 'skill', 'idea', 'activity', 'expect.', 'speak', 'read', 'break', 'identify', 'life', 'drop.', 'analysis', 'station', 'box', 'south', 'majority.', 'experts', 'discuss', 'ongoing', 'developments', 'budget', 'report.']",REAL
F134,Secret Cure Confirmed by Sources,"['activity', 'election', 'good.', 'part', 'yet', 'allow', 'pull.', '—', 'shocking', 'claims', 'secret', 'cure', 'surface', 'internet.']",FAKE
R096,New Report on Research,"['record', 'audience', 'join', 'language.', 'far', 'important', 'goal', 'everything', 'boy', 'movie', 'dark.', 'tend', 'success', 'bring', 'move', 'professor', 'us.', 'experts', 'discuss', 'ongoing', 'developments', 'research.']",REAL
R020,New Report on Policy,"['image', 'edge', 'give', 'ask', 'fire', 'major.', 'oil', 'magazine', 'similar', 'add', 'republican', 'somebody', 'second', 'beat.', 'experts', 'discuss', 'ongoing', 'developments', 'policy.']",REAL
R067,New Report on Policy,"['pay', 'listen', 'paper.', 'sing', 'begin', 'list', 'four', 'main', 'near', 'since.', 'feel', 'short', 'break', 'base.', 'experts', 'discuss', 'ongoing', 'developments', 'policy.']",REAL
R215,New Report on Education,"['design', 'authority.', 'return', 'beat', 'crime', 'somebody', 'during.', 'machine', 'hundred', 'certain', 'safe', 'manage', 'early.', 'experts', 'discuss', 'ongoing', 'developments', 'education.']",REAL
R127,New Report on Policy,"['hour', 'finally', 'involve', 'station', 'happen', 'prepare.', 'morning', 'final', 'option', 'away', 'teacher', 'lawyer.', 'bank', 'glass', 'price', 'four', 'congress', 'message.', 'radio', 'man', 'site', 'scene', 'suddenly.', 'experts', 'discuss', 'ongoing', 'developments', 'policy.']",REAL
R235,New Report on Technology Breakthrough,"['hope', 'number', 'lead', 'friend.', 'thing', 'car', 'white', 'mean', 'all.', 'less', 'remain', 'marriage', 'fire', 'face', 'physical', 'call.', 'experts', 'discuss', 'ongoing', 'developments', 'technology', 'breakthrough.']",REAL
R163,New Report on Climate Change,"['know', 'yes', 'start', 'according.', 'speech', 'hard', 'reveal', 'north', 'box', 'age.', 'experts', 'discuss', 'ongoing', 'developments', 'climate', 'change.']",REAL
R002,New Report on Education,"['professional', 'war', 'main', 'improve', 'back.', 'degree', 'quite', 'national', 'hundred.', 'stand', 'especially', 'company', 'material', 'smile.', 'experts', 'discuss', 'ongoing', 'developments', 'education.']",REAL
R021,New Report on Education,"['pull', 'education.', 'dinner', 'answer', 'research', 'measure.', 'experts', 'discuss', 'ongoing', 'developments', 'education.']",REAL
R013,New Report on Technology Breakthrough,"['newspaper', 'gun', 'agent', 'local', 'forget.', 'woman', 'leader', 'budget.', 'experts', 'discuss', 'ongoing', 'developments', 'technology', 'breakthrough.']",REAL
F195,Flat Earth Confirmed by Sources,"['perform', 'little', 'rich', 'say', 'word.', 'ability', 'example', 'anyone', 'mission', 'environment', 'simply.', 'dark', 'office', 'matter', 'over.', '—', 'shocking', 'claims', 'flat', 'earth', 'surface', 'internet.']",FAKE
R101,New Report on Research,"['rise', 'threat', 'sense', 'cell', 'something', 'high', 'stuff.', 'baby', 'career', 'fine', 'specific', 'degree.', 'experts', 'discuss', 'ongoing', 'developments', 'research.']",REAL
R055,New Report on Research,"['compare', 'collection', 'security', 'weight', 'many.', 'skill', 'evidence', 'news', 'skill', 'marriage.', 'seat', 'majority', 'cell', 'hot.', 'write', 'hair', 'successful', 'stand', 'them.', 'experts', 'discuss', 'ongoing', 'developments', 'research.']",REAL
F190,Secret Cure Confirmed by Sources,"['majority', 'white', 'exactly', 'speech', 'operation', 'fire.', '—', 'shocking', 'claims', 'secret', 'cure', 'surface', 'internet.']",FAKE
R004,New Report on Education,"['dog', 'since', 'rock.', 'whether', 'right', 'reveal', 'she.', 'experts', 'discuss', 'ongoing', 'developments', 'education.']",REAL
F080,Celebrity Scandal Confirmed by Sources,"['wind', 'market', 'war', 'bank', 'should.', 'us', 'ago', 'fact', 'reason', 'medical.', 'century', 'dog', 'call', 'sign', 'boy.', '—', 'shocking', 'claims', 'celebrity', 'scandal', 'surface', 'internet.']",FAKE
F049,Hoax Confirmed by Sources,"['somebody', 'generation', 'study', 'month', 'star', 'oil', 'ready.', 'establish', 'religious', 'simple', 'seven', 'group', 'organization.', '—', 'shocking', 'claims', 'hoax', 'surface', 'internet.']",FAKE
F184,Secret Cure Confirmed by Sources,"['tell', 'difficult', 'southern', 'per', 'factor', 'reason.', 'partner', 'compare', 'government', 'best.', '—', 'shocking', 'claims', 'secret', 'cure', 'surface', 'internet.']",FAKE
F030,Secret Cure Confirmed by Sources,"['threat', 'information', 'worry', 'quickly', 'skin', 'image', 'game.', 'often', 'sea', 'eat', 'make', 'rise', 'national.', '—', 'shocking', 'claims', 'secret', 'cure', 'surface', 'internet.']",FAKE
R213,New Report on Budget Report,"['necessary', 'serious.', 'strong', 'site', 'voice', 'describe.', 'store', 'accept', 'explain.', 'soon', 'know', 'also.', 'experts', 'discuss', 'ongoing', 'developments', 'budget', 'report.']",REAL
F128,Immortal Jellyfish Confirmed by Sources,"['magazine', 'simply', 'fine', 'mr', 'seat', 'pay.', 'source', 'day', 'of.', '—', 'shocking', 'claims', 'immortal', 'jellyfish', 'surface', 'internet.']",FAKE
R231,New Report on Policy,"['rich', 'artist', 'level', 'country.', 'manager', 'enter', 'federal', 'man', 'carry.', 'experts', 'discuss', 'ongoing', 'developments', 'policy.']",REAL
R061,New Report on Technology Breakthrough,"['modern', 'movement', 'rich', 'single.', 'war', 'house', 'far', 'tell', 'perhaps.', 'friend', 'experience', 'figure', 'guy.', 'experts', 'discuss', 'ongoing', 'developments', 'technology', 'breakthrough.']",REAL
R137,New Report on Education,"['tell', 'management', 'forget', 'play', 'drive', 'significant', 'cold', 'leg.', 'knowledge', 'follow', 'economic', 'girl', 'short', 'during.', 'increase', 'nice', 'similar', 'evening.', 'industry', 'sound', 'end', 'many.', 'experts', 'discuss', 'ongoing', 'developments', 'education.']",REAL
R185,New Report on Technology Breakthrough,"['wait', 'trial', 'want.', 'speak', 'town.', 'step', 'lay', 'full.', 'key', 'left', 'water.', 'experts', 'discuss', 'ongoing', 'developments', 'technology', 'breakthrough.']",REAL
R204,New Report on Technology Breakthrough,"['director', 'movie', 'room', 'answer', 'quickly', 'capital', 'kitchen', 'resource.', 'wish', 'response', 'source.', 'argue', 'dinner', 'method', 'dinner.', 'item', 'machine', 'assume', 'recently', 'beat', 'dream.', 'experts', 'discuss', 'ongoing', 'developments', 'technology', 'breakthrough.']",REAL
F217,Immortal Jellyfish Confirmed by Sources,"['thus', 'coach', 'organization', 'size.', 'know', 'campaign', 'many', 'serious', 'purpose.', 'build', 'per', 'travel', 'work.', 'season', 'big', 'interview', 'issue', 'floor.', '—', 'shocking', 'claims', 'immortal', 'jellyfish', 'surface', 'internet.']",FAKE
F176,Miracle Drug Confirmed by Sources,"['street', 'hot', 'send', 'high', 'term.', 'long', 'minute', 'simply', 'choose', 'student', 'bank.', '—', 'shocking', 'claims', 'miracle', 'drug', 'surface', 'internet.']",FAKE
R245,New Report on Technology Breakthrough,"['significant', 'simply', 'happen', 'near', 'late', 'point', 'spring.', 'concern', 'amount', 'life', 'station', 'movie', 'project', 'long', 'because.', 'figure', 'manager', 'trade', 'civil.', 'experts', 'discuss', 'ongoing', 'developments', 'technology', 'breakthrough.']",REAL
R104,New Report on Election,"['personal', 'floor', 'kind', 'different', 'shake', 'nothing.', 'degree', 'see', 'quickly.', 'role', 'war', 'within', 'art', 'moment', 'pull.', 'experts', 'discuss', 'ongoing', 'developments', 'election.']",REAL
F156,Flat Earth Confirmed by Sources,"['participant', 'man', 'decision', 'wife', 'student.', 'standard', 'center', 'people', 'goal.', 'better', 'several', 'available', 'deal.', '—', 'shocking', 'claims', 'flat', 'earth', 'surface', 'internet.']",FAKE
R194,New Report on Election,"['art', 'set', 'response.', 'experts', 'discuss', 'ongoing', 'developments', 'election.']",REAL
R161,New Report on Technology Breakthrough,"['get', 'major', 'although.', 'skin', 'environment', 'small.', 'fund', 'new', 'soldier', 'organization', 'million.', 'experts', 'discuss', 'ongoing', 'developments', 'technology', 'breakthrough.']",REAL
F113,Immortal Jellyfish Confirmed by Sources,"['republican', 'first', 'military', 'attention', 'light', 'administration.', 'task', 'republican', 'peace', 'note.', '—', 'shocking', 'claims', 'immortal', 'jellyfish', 'surface', 'internet.']",FAKE
F150,Hoax Confirmed by Sources,"['candidate', 'fly', 'card.', 'whatever', 'theory', 'difficult', 'remember.', '—', 'shocking', 'claims', 'hoax', 'surface', 'internet.']",FAKE
F047,Miracle Drug Confirmed by Sources,"['type', 'tax', 'sense', 'determine', 'great', 'compare.', 'friend', 'responsibility', 'born', 'particular', 'cold', 'perform.', '—', 'shocking', 'claims', 'miracle', 'drug', 'surface', 'internet.']",FAKE
F008,Hoax Confirmed by Sources,"['discover', 'reason', 'memory', 'community', 'carry', 'smile.', 'east', 'begin', 'take', 'understand', 'conference', 'citizen', 'dream.', '—', 'shocking', 'claims', 'hoax', 'surface', 'internet.']",FAKE
F229,Aliens Confirmed by Sources,"['miss', 'figure', 'role', 'theory', 'executive.', 'range', 'another', 'move', 'letter', 'american', 'expert.', '—', 'shocking', 'claims', 'aliens', 'surface', 'internet.']",FAKE
R001,New Report on Research,"['general', 'organization', 'prove', 'beat', 'pull.', 'also', 'say', 'money.', 'face', 'customer', 'lawyer.', 'modern', 'vote', 'need', 'second', 'newspaper', 'board', 'for.', 'experts', 'discuss', 'ongoing', 'developments', 'research.']",REAL
R241,New Report on Public Health,"['hold', 'save', 'themselves.', 'wall', 'others', 'foreign', 'month', 'use.', 'experts', 'discuss', 'ongoing', 'developments', 'public', 'health.']",REAL
R198,New Report on Climate Change,"['goal', 'big', 'land', 'yet', 'hope', 'let.', 'full', 'talk.', 'moment', 'box', 'machine', 'enter', 'history.', 'experts', 'discuss', 'ongoing', 'developments', 'climate', 'change.']",REAL
R229,New Report on Research,"['whose', 'seat', 'individual', 'environment', 'forward', 'protect.', 'process', 'rather', 'everybody', 'animal', 'dog', 'particular.', 'experts', 'discuss', 'ongoing', 'developments', 'research.']",REAL
R205,New Report on Public Health,"['team', 'true', 'cover', 'month.', 'spend', 'glass', 'success', 'range', 'bag.', 'experts', 'discuss', 'ongoing', 'developments', 'public', 'health.']",REAL
F123,Celebrity Scandal Confirmed by Sources,"['budget', 'modern', 'scene', 'green', 'stop', 'dream', 'growth.', 'challenge', 'week', 'baby.', 'director', 'wish', 'leader', 'beyond.', '—', 'shocking', 'claims', 'celebrity', 'scandal', 'surface', 'internet.']",FAKE
F043,Celebrity Scandal Confirmed by Sources,"['join', 'drug', 'happen.', 'seat', 'everything', 'police', 'lot', 'group', 'address.', '—', 'shocking', 'claims', 'celebrity', 'scandal', 'surface', 'internet.']",FAKE
F097,Celebrity Scandal Confirmed by Sources,"['natural', 'smile', 'party', 'paper', 'art', 'lead.', 'available', 'society', 'employee', 'day', 'draw', 'wear', 'chair.', 'personal', 'smile', 'matter', 'friend', 'prevent', 'daughter.', '—', 'shocking', 'claims', 'celebrity', 'scandal', 'surface', 'internet.']",FAKE
R014,New Report on Research,"['character', 'answer', 'remain', 'chance', 'plan.', 'usually', 'dream', 'worker', 'lot', 'buy', 'guy', 'attack', 'often.', 'activity', 'lose', 'method', 'see.', 'experts', 'discuss', 'ongoing', 'developments', 'research.']",REAL
F005,Flat Earth Confirmed by Sources,"['rate', 'participant', 'experience', 'military.', 'student', 'lay', 'scientist.', '—', 'shocking', 'claims', 'flat', 'earth', 'surface', 'internet.']",FAKE
R234,New Report on Research,"['heavy', 'position', 'else.', 'instead', 'official', 'probably', 'effect', 'sound', 'fish.', 'school', 'art', 'term', 'may', 'republican.', 'experts', 'discuss', 'ongoing', 'developments', 'research.']",REAL
F143,Aliens Confirmed by Sources,"['sound', 'write', 'project.', 'source', 'value.', 'determine', 'notice', 'white', 'design.', '—', 'shocking', 'claims', 'aliens', 'surface', 'internet.']",FAKE
R073,New Report on Economic Growth,"['start', 'blue', 'watch', 'store', 'we.', 'office', 'center', 'listen.', 'race', 'box', 'forward', 'rest', 'activity', 'not.', 'experts', 'discuss', 'ongoing', 'developments', 'economic', 'growth.']",REAL
R239,New Report on Education,"['weight', 'way', 'across.', 'red', 'subject', 'positive', 'radio', 'plant', 'action.', 'experts', 'discuss', 'ongoing', 'developments', 'education.']",REAL
F181,Aliens Confirmed by Sources,"['magazine', 'agency', 'write', 'director.', 'become', 'lead', 'rest', 'government', 'explain.', 'agreement', 'usually', 'reason', 'guess', 'change.', '—', 'shocking', 'claims', 'aliens', 'surface', 'internet.']",FAKE
R138,New Report on Election,"['task', 'man', 'move', 'bar.', 'value', 'fight', 'save', 'mr.', 'light', 'hotel', 'decide', 'book', 'voice.', 'experts', 'discuss', 'ongoing', 'developments', 'election.']",REAL
R172,New Report on Economic Growth,"['teach', 'shake', 'hope', 'rate.', 'customer', 'sure', 'us.', 'experts', 'discuss', 'ongoing', 'developments', 'economic', 'growth.']",REAL
R143,New Report on Policy,"['ball', 'campaign', 'develop', 'discuss', 'until.', 'body', 'president', 'build', 'son', 'bring', 'must.', 'system', 'compare', 'kitchen', 'laugh', 'but.', 'experts', 'discuss', 'ongoing', 'developments', 'policy.']",REAL
F166,Mind Control Confirmed by Sources,"['alone', 'last', 'happy', 'allow.', 'maintain', 'pattern', 'soldier', 'tell.', '—', 'shocking', 'claims', 'mind', 'control', 'surface', 'internet.']",FAKE
R003,New Report on Budget Report,"['sound', 'international', 'nothing', 'different', 'writer.', 'experts', 'discuss', 'ongoing', 'developments', 'budget', 'report.']",REAL
R167,New Report on Climate Change,"['another', 'final', 'lose', 'doctor', 'walk', 'imagine.', 'trouble', 'yet', 'again.', 'experts', 'discuss', 'ongoing', 'developments', 'climate', 'change.']",REAL
R183,New Report on Climate Change,"['everything', 'street', 'well', 'center', 'management', 'close.', 'experts', 'discuss', 'ongoing', 'developments', 'climate', 'change.']",REAL
R238,New Report on Technology Breakthrough,"['plant', 'office', 'system', 'their.', 'purpose', 'action', 'soldier', 'argue', 'prevent', 'deep.', 'experts', 'discuss', 'ongoing', 'developments', 'technology', 'breakthrough.']",REAL
R041,New Report on Election,"['process', 'including', 'exactly', 'thus', 'light', 'necessary', 'there.', 'market', 'fire', 'exist', 'door', 'become', 'east.', 'experts', 'discuss', 'ongoing', 'developments', 'election.']",REAL
F237,Government Cover-Up Confirmed by Sources,"['since', 'hope', 'upon', 'necessary', 'whatever.', 'finish', 'speak', 'question', 'language', 'assume.', 'reflect', 'work', 'stage', 'technology', 'grow.', 'window', 'cost', 'you.', '—', 'shocking', 'claims', 'government', 'cover-up', 'surface', 'internet.']",FAKE
R086,New Report on Research,"['size', 'save', 'citizen', 'coach', 'southern', 'fall', 'south.', 'quickly', 'leader', 'former', 'share', 'adult.', 'experts', 'discuss', 'ongoing', 'developments', 'research.']",REAL
R240,New Report on Policy,"['soon', 'national', 'manage', 'sign.', 'hope', 'onto', 'agency', 'couple', 'whether', 'race', 'husband', 'state.', 'experts', 'discuss', 'ongoing', 'developments', 'policy.']",REAL
R133,New Report on Public Health,"['blue', 'rather', 'staff', 'two', 'room', 'show', 'either.', 'finish', 'economic', 'capital', 'voice', 'little.', 'experts', 'discuss', 'ongoing', 'developments', 'public', 'health.']",REAL
F044,Hoax Confirmed by Sources,"['need', 'say', 'animal', 'trip', 'too.', 'modern', 'tv', 'with.', 'hotel', 'good', 'vote.', '—', 'shocking', 'claims', 'hoax', 'surface', 'internet.']",FAKE
F125,Government Cover-Up Confirmed by Sources,"['plan', 'choose', 'base.', 'amount', 'current', 'note.', 'financial', 'election', 'quite', 'thank', 'next.', '—', 'shocking', 'claims', 'government', 'cover-up', 'surface', 'internet.']",FAKE
F165,Secret Cure Confirmed by Sources,"['ask', 'choice', 'economic', 'simple', 'create', 'writer.', 'success', 'everyone', 'office', 'issue', 'rise', 'which.', 'environmental', 'plan', 'politics', 'century.', '—', 'shocking', 'claims', 'secret', 'cure', 'surface', 'internet.']",FAKE
F137,Flat Earth Confirmed by Sources,"['issue', 'town', 'beautiful', 'technology', 'personal.', 'air', 'contain', 'sense', 'point', 'let.', '—', 'shocking', 'claims', 'flat', 'earth', 'surface', 'internet.']",FAKE
R088,New Report on Research,"['seem', 'production', 'technology', 'continue', 'art.', 'test', 'family', 'cost', 'movie', 'practice.', 'side', 'collection', 'notice', 'nation', 'message', 'ten', 'use.', 'experts', 'discuss', 'ongoing', 'developments', 'research.']",REAL
R169,New Report on Technology Breakthrough,"['realize', 'wrong', 'hair', 'bed', 'follow.', 'experts', 'discuss', 'ongoing', 'developments', 'technology', 'breakthrough.']",REAL
R193,New Report on Technology Breakthrough,"['especially', 'almost', 'visit', 'study.', 'address', 'trade', 'form', 'less', 'perform', 'tonight.', 'table', 'success', 'again.', 'experts', 'discuss', 'ongoing', 'developments', 'technology', 'breakthrough.']",REAL
F247,Mind Control Confirmed by Sources,"['apply', 'process', 'community', 'three.', 'know', 'upon', 'meet.', 'campaign', 'always', 'guy', 'right.', '—', 'shocking', 'claims', 'mind', 'control', 'surface', 'internet.']",FAKE
R179,New Report on Technology Breakthrough,"['image', 'bill', 'ago', 'minute', 'garden', 'defense.', 'door', 'cover', 'pick.', 'experts', 'discuss', 'ongoing', 'developments', 'technology', 'breakthrough.']",REAL
F138,Immortal Jellyfish Confirmed by Sources,"['piece', 'watch', 'clearly', 'word', 'dark.', 'medical', 'class', 'fact', 'third', 'program', 'participant.', 'success', 'however', 'safe', 'country', 'per.', '—', 'shocking', 'claims', 'immortal', 'jellyfish', 'surface', 'internet.']",FAKE
R017,New Report on Policy,"['feeling', 'party', 'light', 'rule', 'forget', 'central.', 'live', 'usually', 'anything', 'long', 'sense', 'first', 'medical.', 'experts', 'discuss', 'ongoing', 'developments', 'policy.']",REAL
F090,Mind Control Confirmed by Sources,"['pattern', 'feeling', 'main.', 'part', 'scene', 'general', 'only.', '—', 'shocking', 'claims', 'mind', 'control', 'surface', 'internet.']",FAKE
F222,Mind Control Confirmed by Sources,"['think', 'note', 'health', 'charge.', 'sign', 'us', 'statement', 'never', 'mouth', 'real.', 'attack', 'economic', 'opportunity', 'body.', '—', 'shocking', 'claims', 'mind', 'control', 'surface', 'internet.']",FAKE
R114,New Report on Climate Change,"['car', 'born', 'plant', 'movie', 'quite.', 'scientist', 'ground', 'take', 'question', 'congress.', 'management', 'skill', 'yard', 'main.', 'experts', 'discuss', 'ongoing', 'developments', 'climate', 'change.']",REAL
F235,Celebrity Scandal Confirmed by Sources,"['usually', 'first', 'plan', 'mr', 'order.', 'identify', 'serve', 'establish', 'area', 'behind', 'project.', 'bring', 'couple', 'stuff', 'shake', 'poor.', '—', 'shocking', 'claims', 'celebrity', 'scandal', 'surface', 'internet.']",FAKE
F185,Hoax Confirmed by Sources,"['relate', 'serious', 'star', 'market', 'team', 'table', 'growth', 'box.', 'goal', 'whose', 'mission', 'try.', 'everything', 'upon', 'tonight', 'along', 'main.', '—', 'shocking', 'claims', 'hoax', 'surface', 'internet.']",FAKE
F221,Flat Earth Confirmed by Sources,"['card', 'less', 'say', 'design.', 'try', 'difficult', 'head', 'student', 'material', 'role.', 'thank', 'similar', 'miss', 'yet.', '—', 'shocking', 'claims', 'flat', 'earth', 'surface', 'internet.']",FAKE
F054,Secret Cure Confirmed by Sources,"['safe', 'effort', 'home', 'forget', 'moment', 'agent.', 'dark', 'system', 'provide', 'west', 'walk', 'open.', '—', 'shocking', 'claims', 'secret', 'cure', 'surface', 'internet.']",FAKE
R000,New Report on Public Health,"['gun', 'size', 'eight', 'six', 'television', 'remember', 'hear.', 'community', 'say', 'identify', 'region', 'environmental', 'rock', 'possible.', 'experts', 'discuss', 'ongoing', 'developments', 'public', 'health.']",REAL
R178,New Report on Budget Report,"['large', 'decision', 'weight', 'past.', 'evening', 'blue', 'type', 'least', 'camera', 'outside.', 'program', 'spring', 'option.', 'experts', 'discuss', 'ongoing', 'developments', 'budget', 'report.']",REAL
F006,Hoax Confirmed by Sources,"['show', 'activity', 'finish', 'ever', 'car', 'break', 'theory.', 'various', 'painting', 'law', 'agree', 'note', 'maintain.', '—', 'shocking', 'claims', 'hoax', 'surface', 'internet.']",FAKE
F174,Secret Cure Confirmed by Sources,"['garden', 'white', 'ever', 'beat.', 'well', 'night', 'include.', '—', 'shocking', 'claims', 'secret', 'cure', 'surface', 'internet.']",FAKE
R009,New Report on Election,"['able', 'leg', 'second', 'media.', 'glass', 'low', 'last', 'require.', 'table', 'information', 'deal', 'dark', 'husband', 'major.', 'experts', 'discuss', 'ongoing', 'developments', 'election.']",REAL
R122,New Report on Economic Growth,"['sell', 'heavy', 'beyond', 'bank', 'already', 'week.', 'day', 'second', 'suddenly.', 'experts', 'discuss', 'ongoing', 'developments', 'economic', 'growth.']",REAL
F189,Immortal Jellyfish Confirmed by Sources,"['hundred', 'push', 'million', 'budget', 'final.', '—', 'shocking', 'claims', 'immortal', 'jellyfish', 'surface', 'internet.']",FAKE
R146,New Report on Technology Breakthrough,"['rest', 'stuff', 'seven', 'box', 'sometimes.', 'painting', 'source', 'building', 'democrat', 'light', 'help.', 'director', 'deal', 'personal', 'eye', 'boy.', 'experts', 'discuss', 'ongoing', 'developments', 'technology', 'breakthrough.']",REAL
R022,New Report on Climate Change,"['station', 'billion', 'billion', 'management', 'draw', 'never', 'unit.', 'wind', 'officer', 'clearly', 'affect.', 'experts', 'discuss', 'ongoing', 'developments', 'climate', 'change.']",REAL
F177,Aliens Confirmed by Sources,"['response', 'boy', 'sport', 'surface', 'gas.', 'ago', 'second', 'eat', 'sit', 'event', 'entire', 'late', 'daughter.', '—', 'shocking', 'claims', 'aliens', 'surface', 'internet.']",FAKE
F021,Secret Cure Confirmed by Sources,"['safe', 'still', 'summer.', 'watch', 'bank', 'save', 'boy', 'general', 'million.', '—', 'shocking', 'claims', 'secret', 'cure', 'surface', 'internet.']",FAKE
R039,New Report on Economic Growth,"['maybe', 'serious', 'car', 'hard', 'investment', 'collection.', 'federal', 'health', 'economy', 'effort', 'floor', 'college', 'candidate', 'class.', 'training', 'stop', 'research', 'general', 'cost', 'pick.', 'experts', 'discuss', 'ongoing', 'developments', 'economic', 'growth.']",REAL
F061,Miracle Drug Confirmed by Sources,"['fast', 'good', 'never', 'write.', 'measure', 'number', 'know', 'daughter', 'consumer', 'cut.', '—', 'shocking', 'claims', 'miracle', 'drug', 'surface', 'internet.']",FAKE
R057,New Report on Technology Breakthrough,"['current', 'coach', 'new', 'realize', 'season.', 'land', 'model', 'process', 'american', 'medical.', 'far', 'material', 'movement', 'eye', 'long', 'half', 'fight', 'play.', 'experts', 'discuss', 'ongoing', 'developments', 'technology', 'breakthrough.']",REAL
F154,Immortal Jellyfish Confirmed by Sources,"['music', 'game', 'goal', 'process', 'have.', 'town', 'sea', 'clear', 'marriage', 'business', 'look.', '—', 'shocking', 'claims', 'immortal', 'jellyfish', 'surface', 'internet.']",FAKE
F052,Mind Control Confirmed by Sources,"['right', 'manager', 'morning', 'school', 'race', 'pick.', 'answer', 'edge', 'debate', 'box', 'level', 'century', 'eye', 'wall.', 'whatever', 'official', 'worker', 'adult', 'suffer.', '—', 'shocking', 'claims', 'mind', 'control', 'surface', 'internet.']",FAKE
F124,Flat Earth Confirmed by Sources,"['example', 'debate.', 'boy', 'movie', 'argue', 'manager.', 'article', 'score', 'grow', 'factor.', '—', 'shocking', 'claims', 'flat', 'earth', 'surface', 'internet.']",FAKE
R071,New Report on Budget Report,"['design', 'federal', 'process.', 'write', 'bed', 'level', 'plant', 'couple.', 'experts', 'discuss', 'ongoing', 'developments', 'budget', 'report.']",REAL
R152,New Report on Budget Report,"['pay', 'effort', 'contain', 'create', 'technology.', 'interview', 'picture', 'want', 'ten', 'name', 'physical', 'scientist', 'his.', 'experts', 'discuss', 'ongoing', 'developments', 'budget', 'report.']",REAL
F038,Mind Control Confirmed by Sources,"['keep', 'employee', 'worry', 'office', 'radio', 'individual', 'meeting.', 'hit', 'explain', 'music', 'article', 'spring', 'structure', 'plant.', 'modern', 'help', 'range', 'production', 'away', 'through.', '—', 'shocking', 'claims', 'mind', 'control', 'surface', 'internet.']",FAKE
F101,Immortal Jellyfish Confirmed by Sources,"['front', 'art', 'focus', 'often', 'wide.', 'message', 'phone', 'thousand.', '—', 'shocking', 'claims', 'immortal', 'jellyfish', 'surface', 'internet.']",FAKE
F203,Celebrity Scandal Confirmed by Sources,"['street', 'carry', 'teach', 'recent', 'toward.', 'need', 'simple', 'western', 'individual', 'station.', 'focus', 'never', 'bank', 'ever.', 'treat', 'sense', 'score', 'forget', 'specific', 'everyone.', '—', 'shocking', 'claims', 'celebrity', 'scandal', 'surface', 'internet.']",FAKE
F192,Government Cover-Up Confirmed by Sources,"['middle', 'police', 'some.', 'house', 'question', 'piece', 'stand', 'magazine', 'wide.', 'staff', 'week', 'test', 'list', 'old.', '—', 'shocking', 'claims', 'government', 'cover-up', 'surface', 'internet.']",FAKE
R189,New Report on Climate Change,"['republican', 'free', 'baby', 'true', 'become', 'dog.', 'finish', 'world', 'style', 'teach', 'fish.', 'likely', 'better', 'although', 'particularly', 'people', 'institution.', 'ok', 'response', 'throughout', 'name.', 'experts', 'discuss', 'ongoing', 'developments', 'climate', 'change.']",REAL
R098,New Report on Election,"['notice', 'position', 'station', 'begin', 'everybody', 'fall.', 'yes', 'six', 'machine', 'sure', 'middle', 'audience', 'plant', 'consumer.', 'table', 'almost', 'option', 'partner', 'low.', 'experts', 'discuss', 'ongoing', 'developments', 'election.']",REAL
R149,New Report on Economic Growth,"['yet', 'read', 'alone', 'sure', 'allow', 'left', 'tough', 'tv.', 'half', 'run', 'large', 'baby', 'level.', 'experts', 'discuss', 'ongoing', 'developments', 'economic', 'growth.']",REAL
R046,New Report on Education,"['much', 'ahead', 'action', 'explain', 'establish', 'draw', 'fast.', 'collection', 'though', 'response', 'page.', 'experts', 'discuss', 'ongoing', 'developments', 'education.']",REAL
F055,Hoax Confirmed by Sources,"['yeah', 'situation', 'offer', 'stand.', 'century', 'technology', 'partner', 'simple', 'evidence', 'letter.', 'economic', 'among', 'attorney', 'carry', 'say', 'go', 'success.', 'add', 'money', 'perform', 'join.', '—', 'shocking', 'claims', 'hoax', 'surface', 'internet.']",FAKE
F159,Flat Earth Confirmed by Sources,"['arrive', 'left', 'carry.', 'common', 'name', 'trade', 'buy', 'sometimes.', 'catch', 'explain', 'history', 'manager', 'mouth', 'imagine', 'she.', '—', 'shocking', 'claims', 'flat', 'earth', 'surface', 'internet.']",FAKE
F083,Secret Cure Confirmed by Sources,"['plan', 'every', 'force', 'benefit', 'between.', 'scientist', 'must', 'right', 'explain', 'way', 'wrong.', '—', 'shocking', 'claims', 'secret', 'cure', 'surface', 'internet.']",FAKE
R109,New Report on Education,"['sea', 'citizen', 'military', 'sport', 'mean', 'around', 'our.', 'expect', 'support', 'record', 'level', 'finally', 'president', 'mouth.', 'must', 'certainly', 'close', 'information.', 'experts', 'discuss', 'ongoing', 'developments', 'education.']",REAL
R102,New Report on Climate Change,"['enough', 'young', 'gas.', 'send', 'important', 'coach', 'base', 'quite', 'cup.', 'turn', 'accept', 'television.', 'experts', 'discuss', 'ongoing', 'developments', 'climate', 'change.']",REAL
R060,New Report on Election,"['several', 'lead', 'stage', 'machine.', 'pass', 'rock', 'material', 'real', 'forward.', 'experts', 'discuss', 'ongoing', 'developments', 'election.']",REAL
F085,Secret Cure Confirmed by Sources,"['control', 'candidate', 'hour', 'memory', 'real.', 'fish', 'able', 'million', 'charge', 'national', 'affect', 'through.', '—', 'shocking', 'claims', 'secret', 'cure', 'surface', 'internet.']",FAKE
F188,Hoax Confirmed by Sources,"['range', 'media', 'operation', 'song', 'test.', 'fight', 'likely', 'enter', 'person', 'subject', 'development.', '—', 'shocking', 'claims', 'hoax', 'surface', 'internet.']",FAKE
F131,Hoax Confirmed by Sources,"['school', 'others', 'address', 'might', 'idea', 'report.', 'know', 'measure', 'sign', 'generation', 'music', 'short.', '—', 'shocking', 'claims', 'hoax', 'surface', 'internet.']",FAKE
R202,New Report on Public Health,"['add', 'weight', 'little.', 'star', 'follow', 'service', 'clear.', 'experts', 'discuss', 'ongoing', 'developments', 'public', 'health.']",REAL
F111,Celebrity Scandal Confirmed by Sources,"['machine', 'standard', 'six', 'down.', 'environmental', 'current', 'able', 'reduce', 'theory', 'seem', 'happy.', '—', 'shocking', 'claims', 'celebrity', 'scandal', 'surface', 'internet.']",FAKE
R151,New Report on Policy,"['water', 'feeling', 'social', 'collection.', 'work', 'beautiful', 'community.', 'experts', 'discuss', 'ongoing', 'developments', 'policy.']",REAL
F058,Government Cover-Up Confirmed by Sources,"['kid', 'staff', 'attack', 'remain.', '—', 'shocking', 'claims', 'government', 'cover-up', 'surface', 'internet.']",FAKE
R164,New Report on Education,"['collection', 'point', 'music', 'point', 'mouth.', 'task', 'threat', 'wind', 'president', 'east.', 'experts', 'discuss', 'ongoing', 'developments', 'education.']",REAL
F242,Celebrity Scandal Confirmed by Sources,"['continue', 'everyone', 'need', 'according', 'soldier.', 'image', 'carry', 'church', 'recognize.', 'book', 'store', 'interest', 'opportunity.', 'situation', 'road', 'meet', 'street', 'agreement', 'prove', 'local', 'then.', '—', 'shocking', 'claims', 'celebrity', 'scandal', 'surface', 'internet.']",FAKE
F064,Mind Control Confirmed by Sources,"['drop', 'population', 'home', 'reach', 'drug', 'mr.', 'whose', 'toward', 'guy', 'maybe', 'strategy.', 'road', 'last', 'something', 'factor', 'situation', 'page.', '—', 'shocking', 'claims', 'mind', 'control', 'surface', 'internet.']",FAKE
R228,New Report on Education,"['three', 'less', 'join', 'beyond', 'kid', 'church.', 'participant', 'although', 'rule', 'process.', 'experts', 'discuss', 'ongoing', 'developments', 'education.']",REAL
R210,New Report on Economic Growth,"['member', 'hold', 'rich', 'meet.', 'establish', 'operation', 'four', 'technology', 'teach.', 'man', 'become', 'official', 'state', 'expert', 'where.', 'experts', 'discuss', 'ongoing', 'developments', 'economic', 'growth.']",REAL
R156,New Report on Policy,"['brother', 'test', 'history', 'per', 'glass', 'wait.', 'computer', 'evidence', 'suddenly', 'policy.', 'experts', 'discuss', 'ongoing', 'developments', 'policy.']",REAL
R192,New Report on Climate Change,"['enough', 'sing', 'threat', 'turn', 'none', 'fact.', 'war', 'check', 'first', 'activity', 'democratic', 'recognize.', 'experts', 'discuss', 'ongoing', 'developments', 'climate', 'change.']",REAL
F102,Government Cover-Up Confirmed by Sources,"['land', 'prove', 'dog', 'bad.', 'middle', 'happen', 'color', 'goal', 'follow', 'she.', 'structure', 'wonder', 'entire', 'collection.', '—', 'shocking', 'claims', 'government', 'cover-up', 'surface', 'internet.']",FAKE
R237,New Report on Election,"['next', 'song', 'series', 'left', 'either', 'lot.', 'may', 'administration', 'age', 'board.', 'popular', 'effect', 'top', 'owner', 'car', 'material', 'ever.', 'experts', 'discuss', 'ongoing', 'developments', 'election.']",REAL
F015,Immortal Jellyfish Confirmed by Sources,"['senior', 'seek', 'camera', 'continue', 'course.', 'third', 'career', 'two', 'affect.', 'close', 'ability', 'sea', 'student.', '—', 'shocking', 'claims', 'immortal', 'jellyfish', 'surface', 'internet.']",FAKE
F020,Celebrity Scandal Confirmed by Sources,"['movie', 'include', 'red', 'game.', 'tree', 'care', 'manage.', '—', 'shocking', 'claims', 'celebrity', 'scandal', 'surface', 'internet.']",FAKE
R083,New Report on Election,"['return', 'foot', 'remain', 'anything', 'firm.', 'bank', 'democratic', 'environment', 'reality', 'stay', 'specific.', 'experts', 'discuss', 'ongoing', 'developments', 'election.']",REAL
F035,Hoax Confirmed by Sources,"['enter', 'nation', 'edge', 'occur', 'positive', 'after.', 'poor', 'year', 'deal', 'win', 'front', 'industry.', 'door', 'audience', 'stand', 'administration', 'blue.', '—', 'shocking', 'claims', 'hoax', 'surface', 'internet.']",FAKE
R082,New Report on Budget Report,"['radio', 'another', 'detail.', 'tell', 'trouble', 'discuss', 'image.', 'example', 'series', 'fill', 'like.', 'experts', 'discuss', 'ongoing', 'developments', 'budget', 'report.']",REAL
F114,Mind Control Confirmed by Sources,"['anything', 'cut', 'huge', 'edge', 'majority', 'sing.', 'red', 'hope', 'player', 'rich', 'act.', '—', 'shocking', 'claims', 'mind', 'control', 'surface', 'internet.']",FAKE
F179,Secret Cure Confirmed by Sources,"['song', 'baby', 'tree', 'room', 'class.', 'short', 'economic', 'eye', 'soon', 'south', 'use', 'interest.', 'away', 'field', 'cut.', '—', 'shocking', 'claims', 'secret', 'cure', 'surface', 'internet.']",FAKE
F026,Celebrity Scandal Confirmed by Sources,"['animal', 'research', 'sure', 'environmental', 'station.', '—', 'shocking', 'claims', 'celebrity', 'scandal', 'surface', 'internet.']",FAKE
R217,New Report on Election,"['exist', 'million', 'near.', 'card', 'picture', 'marriage', 'issue', 'others', 'camera.', 'experts', 'discuss', 'ongoing', 'developments', 'election.']",REAL
F009,Celebrity Scandal Confirmed by Sources,"['instead', 'executive', 'full', 'hundred', 'brother.', 'travel', 'friend', 'bed', 'later', 'hit.', '—', 'shocking', 'claims', 'celebrity', 'scandal', 'surface', 'internet.']",FAKE
F240,Aliens Confirmed by Sources,"['leader', 'partner', 'save', 'mean', 'become', 'already', 'inside.', 'democrat', 'data', 'fill', 'weight', 'term', 'degree.', '—', 'shocking', 'claims', 'aliens', 'surface', 'internet.']",FAKE
R216,New Report on Research,"['become', 'avoid', 'unit', 'together.', 'matter', 'push', 'reason', 'fly', 'establish', 'truth.', 'hold', 'evidence', 'watch', 'leg', 'opportunity.', 'experts', 'discuss', 'ongoing', 'developments', 'research.']",REAL
F129,Flat Earth Confirmed by Sources,"['buy', 'may', 'certain', 'need.', 'know', 'eat', 'phone', 'water', 'eight', 'civil.', '—', 'shocking', 'claims', 'flat', 'earth', 'surface', 'internet.']",FAKE
R197,New Report on Education,"['network', 'card', 'feel', 'former', 'hit', 'customer.', 'charge', 'claim', 'reach', 'foot', 'suggest.', 'guy', 'this.', 'experts', 'discuss', 'ongoing', 'developments', 'education.']",REAL
F142,Government Cover-Up Confirmed by Sources,"['policy', 'tv', 'market', 'member', 'court.', 'rich', 'big', 'market', 'decision.', 'fight', 'politics', 'computer', 'network', 'capital.', '—', 'shocking', 'claims', 'government', 'cover-up', 'surface', 'internet.']",FAKE
R140,New Report on Climate Change,"['either', 'picture', 'paper', 'yes.', 'break', 'task', 'tree.', 'although', 'travel', 'million', 'wait', 'eight', 'economy', 'computer', 'face.', 'experts', 'discuss', 'ongoing', 'developments', 'climate', 'change.']",REAL
R165,New Report on Budget Report,"['decade', 'day', 'serious', 'case', 'game', 'color', 'enjoy.', 'within', 'later', 'film', 'final', 'tend.', 'experts', 'discuss', 'ongoing', 'developments', 'budget', 'report.']",REAL
R139,New Report on Education,"['action', 'forward', 'walk', 'enjoy', 'with.', 'field', 'range', 'race.', 'back', 'thank', 'president.', 'experts', 'discuss', 'ongoing', 'developments', 'education.']",REAL
F232,Hoax Confirmed by Sources,"['professor', 'nice', 'focus', 'nice', 'thing', 'arrive', 'move.', 'finally', 'either', 'subject', 'partner', 'human.', '—', 'shocking', 'claims', 'hoax', 'surface', 'internet.']",FAKE
F108,Celebrity Scandal Confirmed by Sources,"['effort', 'citizen', 'color', 'program.', 'peace', 'statement', 'stand', 'check.', 'feeling', 'may', 'never', 'commercial.', '—', 'shocking', 'claims', 'celebrity', 'scandal', 'surface', 'internet.']",FAKE
F167,Celebrity Scandal Confirmed by Sources,"['interesting', 'smile', 'along', 'political.', 'join', 'three', 'deep', 'moment', 'fast.', '—', 'shocking', 'claims', 'celebrity', 'scandal', 'surface', 'internet.']",FAKE
R242,New Report on Research,"['young', 'thus', 'raise', 'voice', 'tv', 'enough', 'describe.', 'away', 'see', 'consider.', 'experts', 'discuss', 'ongoing', 'developments', 'research.']",REAL
F133,Immortal Jellyfish Confirmed by Sources,"['music', 'activity', 'research', 'catch.', 'show', 'tough', 'bank.', '—', 'shocking', 'claims', 'immortal', 'jellyfish', 'surface', 'internet.']",FAKE
F025,Flat Earth Confirmed by Sources,"['seem', 'unit', 'simple', 'professor', 'others', 'manage.', 'much', 'recent', 'determine', 'community', 'office.', 'citizen', 'make', 'every', 'four', 'participant', 'college', 'discover', 'indeed.', '—', 'shocking', 'claims', 'flat', 'earth', 'surface', 'internet.']",FAKE
F093,Immortal Jellyfish Confirmed by Sources,"['mean', 'purpose', 'effect', 'spring', 'yeah.', 'four', 'ten', 'consumer', 'common.', 'economy', 'since', 'visit', 'difficult', 'area', 'form', 'hand', 'push.', '—', 'shocking', 'claims', 'immortal', 'jellyfish', 'surface', 'internet.']",FAKE
F236,Government Cover-Up Confirmed by Sources,"['idea', 'born', 'everything', 'feeling', 'start', 'push', 'little.', 'civil', 'director', 'contain', 'republican', 'scientist', 'thought.', 'goal', 'expert', 'reduce', 'issue', 'speak.', '—', 'shocking', 'claims', 'government', 'cover-up', 'surface', 'internet.']",FAKE
F069,Flat Earth Confirmed by Sources,"['general', 'note', 'none', 'across', 'adult', 'letter', 'only.', 'father', 'manager', 'authority', 'pressure', 'less', 'better.', 'generation', 'sometimes', 'positive', 'nearly', 'usually.', '—', 'shocking', 'claims', 'flat', 'earth', 'surface', 'internet.']",FAKE
F219,Flat Earth Confirmed by Sources,"['fine', 'partner', 'compare', 'much', 'art', 'process', 'five.', 'statement', 'project', 'that.', '—', 'shocking', 'claims', 'flat', 'earth', 'surface', 'internet.']",FAKE
R079,New Report on Election,"['production', 'consumer', 'world', 'economic', 'role.', 'sense', 'cold', 'present', 'artist.', 'billion', 'five', 'also', 'campaign', 'letter.', 'experts', 'discuss', 'ongoing', 'developments', 'election.']",REAL
F042,Hoax Confirmed by Sources,"['drug', 'nature', 'product', 'economic', 'mother', 'tend', 'section', 'police.', 'media', 'civil', 'perhaps', 'field', 'somebody.', 'start', 'hospital', 'opportunity.', '—', 'shocking', 'claims', 'hoax', 'surface', 'internet.']",FAKE
R154,New Report on Budget Report,"['assume', 'enter', 'assume', 'huge', 'meeting', 'wrong.', 'station', 'black', 'seven', 'part.', 'experts', 'discuss', 'ongoing', 'developments', 'budget', 'report.']",REAL
R089,New Report on Public Health,"['every', 'establish', 'man', 'apply', 'write', 'language.', 'benefit', 'nature', 'majority.', 'experts', 'discuss', 'ongoing', 'developments', 'public', 'health.']",REAL
R038,New Report on Public Health,"['suggest', 'traditional', 'paper', 'phone', 'relationship', 'former.', 'show', 'well', 'hospital.', 'experts', 'discuss', 'ongoing', 'developments', 'public', 'health.']",REAL
R053,New Report on Economic Growth,"['fear', 'range', 'leader', 'message.', 'consumer', 'recent', 'across', 'member', 'fact', 'success', 'own.', 'experts', 'discuss', 'ongoing', 'developments', 'economic', 'growth.']",REAL
F201,Hoax Confirmed by Sources,"['tell', 'catch', 'feeling', 'thought.', 'return', 'upon', 'run.', 'agreement', 'reality', 'matter', 'price', 'shake', 'drive', 'sea', 'expect.', '—', 'shocking', 'claims', 'hoax', 'surface', 'internet.']",FAKE
F013,Secret Cure Confirmed by Sources,"['effort', 'onto', 'hand', 'table', 'certainly', 'administration.', 'former', 'detail', 'staff', 'next', 'charge', 'pm', 'hospital', 'politics.', '—', 'shocking', 'claims', 'secret', 'cure', 'surface', 'internet.']",FAKE
R023,New Report on Policy,"['wait', 'exactly', 'theory', 'three', 'son', 'cause.', 'energy', 'customer.', 'experts', 'discuss', 'ongoing', 'developments', 'policy.']",REAL
R068,New Report on Technology Breakthrough,"['mind', 'pick', 'decade', 'dog', 'mother.', 'property', 'actually', 'enter', 'sense', 'peace.', 'president', 'good', 'morning', 'although', 'radio', 'old', 'better.', 'experts', 'discuss', 'ongoing', 'developments', 'technology', 'breakthrough.']",REAL
F065,Hoax Confirmed by Sources,"['air', 'explain', 'way', 'good', 'possible', 'market', 'color', 'environmental.', '—', 'shocking', 'claims', 'hoax', 'surface', 'internet.']",FAKE
F239,Celebrity Scandal Confirmed by Sources,"['look', 'often', 'require', 'may', 'such.', 'wrong', 'many', 'fill.', 'seat', 'place', 'subject', 'line', 'six', 'of.', '—', 'shocking', 'claims', 'celebrity', 'scandal', 'surface', 'internet.']",FAKE
F084,Miracle Drug Confirmed by Sources,"['religious', 'protect', 'report', 'high', 'hope', 'sure', 'security.', 'order', 'maintain', 'blood.', 'range', 'money', 'must', 'positive', 'child', 'third.', '—', 'shocking', 'claims', 'miracle', 'drug', 'surface', 'internet.']",FAKE
R120,New Report on Election,"['hundred', 'chair', 'major', 'receive', 'bank.', 'purpose', 'energy', 'begin', 'situation', 'like', 'right.', 'none', 'enough', 'former', 'officer.', 'experts', 'discuss', 'ongoing', 'developments', 'election.']",REAL
F207,Government Cover-Up Confirmed by Sources,"['inside', 'market', 'partner', 'write', 'deal', 'society.', 'particularly', 'owner', 'anything', 'guess.', 'among', 'north', 'eye', 'fight', 'fine.', '—', 'shocking', 'claims', 'government', 'cover-up', 'surface', 'internet.']",FAKE
R158,New Report on Economic Growth,"['relationship', 'beautiful', 'follow.', 'particular', 'garden', 'anyone', 'material', 'minute', 'night.', 'baby', 'billion', 'quickly', 'mother', 'attack', 'about.', 'experts', 'discuss', 'ongoing', 'developments', 'economic', 'growth.']",REAL
R097,New Report on Technology Breakthrough,"['serious', 'set', 'vote', 'investment.', 'experts', 'discuss', 'ongoing', 'developments', 'technology', 'breakthrough.']",REAL
R092,New Report on Technology Breakthrough,"['bag', 'offer', 'black', 'since', 'reason', 'allow.', 'town', 'almost', 'collection', 'force', 'moment', 'total.', 'experts', 'discuss', 'ongoing', 'developments', 'technology', 'breakthrough.']",REAL
F172,Hoax Confirmed by Sources,"['make', 'since', 'low', 'old', 'loss', 'certain', 'while.', 'note', 'dark', 'speech', 'skin.', 'case', 'thank', 'training', 'short', 'actually', 'turn.', '—', 'shocking', 'claims', 'hoax', 'surface', 'internet.']",FAKE
R182,New Report on Economic Growth,"['interest', 'particular', 'baby.', 'true', 'across', 'woman', 'reduce', 'heart.', 'ability', 'else', 'kid', 'course', 'major', 'agreement', 'character.', 'experts', 'discuss', 'ongoing', 'developments', 'economic', 'growth.']",REAL
F014,Secret Cure Confirmed by Sources,"['activity', 'serve', 'director', 'certainly', 'site', 'experience', 'raise.', 'test', 'conference', 'wife', 'human', 'design.', 'best', 'pick', 'get', 'get', 'stock', 'option.', '—', 'shocking', 'claims', 'secret', 'cure', 'surface', 'internet.']",FAKE
R230,New Report on Election,"['even', 'show', 'side.', 'pattern', 'month', 'though', 'director', 'protect', 'trip', 'standard.', 'experts', 'discuss', 'ongoing', 'developments', 'election.']",REAL
F223,Government Cover-Up Confirmed by Sources,"['break', 'charge', 'south.', 'practice', 'next', 'quality', 'try', 'cover.', 'almost', 'financial', 'hand', 'early', 'particularly', 'school.', '—', 'shocking', 'claims', 'government', 'cover-up', 'surface', 'internet.']",FAKE
R221,New Report on Policy,"['room', 'area', 'second', 'possible', 'property', 'hold', 'where.', 'indeed', 'model', 'need', 'meet.', 'speech', 'sense', 'reason', 'next', 'able.', 'police', 'challenge', 'next', 'return', 'cultural.', 'experts', 'discuss', 'ongoing', 'developments', 'policy.']",REAL
R173,New Report on Climate Change,"['tax', 'page', 'doctor', 'campaign', 'themselves.', 'know', 'catch', 'baby', 'democratic', 'opportunity.', 'industry', 'watch', 'school.', 'experts', 'discuss', 'ongoing', 'developments', 'climate', 'change.']",REAL
F249,Immortal Jellyfish Confirmed by Sources,"['discussion', 'process', 'ok', 'share', 'product', 'meet.', 'hope', 'garden', 'deal', 'stuff.', '—', 'shocking', 'claims', 'immortal', 'jellyfish', 'surface', 'internet.']",FAKE
F112,Government Cover-Up Confirmed by Sources,"['consider', 'appear', 'tough', 'candidate', 'prevent.', 'lose', 'lay', 'life', 'turn', 'wrong', 'set', 'base.', 'size', 'kind.', '—', 'shocking', 'claims', 'government', 'cover-up', 'surface', 'internet.']",FAKE
R058,New Report on Budget Report,"['child', 'possible', 'form', 'treat', 'station', 'state.', 'main', 'water', 'strategy.', 'experts', 'discuss', 'ongoing', 'developments', 'budget', 'report.']",REAL
R159,New Report on Economic Growth,"['always', 'front', 'option', 'focus', 'song', 'wall.', 'bed', 'side.', 'experts', 'discuss', 'ongoing', 'developments', 'economic', 'growth.']",REAL
R029,New Report on Economic Growth,"['nation', 'meet', 'civil', 'money', 'exist', 'approach.', 'certainly', 'care', 'appear', 'blue.', 'lay', 'offer', 'area', 'court', 'career', 'in.', 'experts', 'discuss', 'ongoing', 'developments', 'economic', 'growth.']",REAL
R126,New Report on Research,"['enjoy', 'seat', 'consumer', 'work', 'per', 'today.', 'front', 'street', 'decision', 'idea', 'beyond.', 'political', 'provide', 'best', 'stuff', 'center.', 'experts', 'discuss', 'ongoing', 'developments', 'research.']",REAL
R132,New Report on Education,"['research', 'maintain', 'wish.', 'game', 'detail', 'amount', 'woman', 'leave', 'great.', 'major', 'western', 'job', 'quality', 'major.', 'experts', 'discuss', 'ongoing', 'developments', 'education.']",REAL
R025,New Report on Election,"['institution', 'pretty', 'true', 'song.', 'kind', 'someone', 'senior', 'happy', 'forward', 'knowledge.', 'still', 'action', 'rate', 'billion', 'agree', 'truth.', 'month', 'within', 'thing', 'fly', 'remain.', 'experts', 'discuss', 'ongoing', 'developments', 'election.']",REAL
F214,Secret Cure Confirmed by Sources,"['near', 'risk', 'trip.', 'table', 'event', 'six', 'end', 'evidence', 'strong.', 'real', 'subject', 'media', 'far', 'day.', '—', 'shocking', 'claims', 'secret', 'cure', 'surface', 'internet.']",FAKE
R177,New Report on Policy,"['pressure', 'economic', 'provide', 'little', 'window', 'find', 'price.', 'relationship', 'image', 'situation', 'individual', 'building', 'population', 'company', 'learn.', 'three', 'want', 'either', 'impact.', 'experts', 'discuss', 'ongoing', 'developments', 'policy.']",REAL
R196,New Report on Budget Report,"['either', 'generation', 'fight', 'option.', 'today', 'law', 'easy.', 'experts', 'discuss', 'ongoing', 'developments', 'budget', 'report.']",REAL
R135,New Report on Budget Report,"['reach', 'economic', 'rock', 'important', 'thank.', 'easy', 'better', 'main', 'rather', 'arrive.', 'born', 'include', 'throughout', 'eat.', 'experts', 'discuss', 'ongoing', 'developments', 'budget', 'report.']",REAL
F152,Government Cover-Up Confirmed by Sources,"['cover', 'machine', 'beat.', 'yard', 'message', 'citizen', 'fly', 'get.', '—', 'shocking', 'claims', 'government', 'cover-up', 'surface', 'internet.']",FAKE
F180,Secret Cure Confirmed by Sources,"['question', 'various', 'arm', 'language', 'pattern', 'response.', 'wish', 'lawyer', 'institution', 'yeah', 'sport.', 'page', 'administration', 'contain.', '—', 'shocking', 'claims', 'secret', 'cure', 'surface', 'internet.']",FAKE
F003,Secret Cure Confirmed by Sources,"['fine', 'show', 'fire', 'radio', 'i.', 'toward', 'response', 'road', 'among', 'specific', 'rise', 'usually.', 'word', 'example', 'late', 'read', 'adult', 'energy.', '—', 'shocking', 'claims', 'secret', 'cure', 'surface', 'internet.']",FAKE
F244,Celebrity Scandal Confirmed by Sources,"['past', 'join', 'certain', 'person', 'full.', 'short', 'majority', 'able', 'lawyer', 'network.', '—', 'shocking', 'claims', 'celebrity', 'scandal', 'surface', 'internet.']",FAKE
F194,Immortal Jellyfish Confirmed by Sources,"['stage', 'idea', 'pattern', 'soldier', 'off.', 'heart', 'defense', 'really', 'tree', 'many', 'improve', 'easy', 'we.', 'charge', 'throughout', 'pick', 'international', 'impact', 'news.', '—', 'shocking', 'claims', 'immortal', 'jellyfish', 'surface', 'internet.']",FAKE
R044,New Report on Policy,"['risk', 'hear', 'common', 'others', 'college', 'it.', 'college', 'former', 'often', 'money', 'red.', 'experts', 'discuss', 'ongoing', 'developments', 'policy.']",REAL
R141,New Report on Economic Growth,"['perform', 'discussion', 'find', 'assume', 'even', 'nature', 'person.', 'pull', 'shake', 'remain', 'political', 'statement', 'and.', 'save', 'participant', 'rest', 'personal', 'member.', 'experts', 'discuss', 'ongoing', 'developments', 'economic', 'growth.']",REAL
R188,New Report on Climate Change,"['better', 'one', 'scene', 'scene.', 'language', 'similar', 'whole.', 'recognize', 'southern', 'color', 'cover', 'probably.', 'experts', 'discuss', 'ongoing', 'developments', 'climate', 'change.']",REAL
F010,Aliens Confirmed by Sources,"['management', 'important', 'picture', 'room.', 'clear', 'husband', 'none', 'bill.', 'society', 'forward', 'make', 'population', 'candidate', 'face', 'bed.', 'scientist', 'yet', 'less', 'office.', '—', 'shocking', 'claims', 'aliens', 'surface', 'internet.']",FAKE
R106,New Report on Economic Growth,"['drive', 'assume', 'second', 'involve.', 'produce', 'beyond', 'real', 'rest', 'artist.', 'experts', 'discuss', 'ongoing', 'developments', 'economic', 'growth.']",REAL
R049,New Report on Research,"['detail', 'low', 'course', 'report', 'around', 'process', 'type.', 'even', 'network', 'suddenly', 'stock', 'threat', 'stage', 'treat.', 'left', 'senior', 'computer', 'adult', 'effort.', 'strong', 'beautiful', 'staff', 'future.', 'experts', 'discuss', 'ongoing', 'developments', 'research.']",REAL
R144,New Report on Budget Report,"['perform', 'pick', 'name', 'almost', 'go', 'moment', 'every.', 'value', 'sea', 'offer', 'heavy.', 'experts', 'discuss', 'ongoing', 'developments', 'budget', 'report.']",REAL
F199,Celebrity Scandal Confirmed by Sources,"['task', 'business', 'reduce', 'family', 'mrs.', 'purpose', 'floor', 'player', 'beat', 'growth', 'factor.', 'turn', 'opportunity', 'though', 'hotel', 'move', 'chance', 'moment.', '—', 'shocking', 'claims', 'celebrity', 'scandal', 'surface', 'internet.']",FAKE
F215,Secret Cure Confirmed by Sources,"['pay', 'investment', 'industry', 'side.', '—', 'shocking', 'claims', 'secret', 'cure', 'surface', 'internet.']",FAKE
R176,New Report on Economic Growth,"['page', 'decision', 'husband', 'country', 'note', 'fly', 'number.', 'various', 'car', 'hit', 'travel', 'already', 'election', 'strategy', 'figure.', 'development', 'simple', 'baby', 'nation', 'member.', 'glass', 'believe', 'scientist', 'interest', 'enjoy', 'range.', 'experts', 'discuss', 'ongoing', 'developments', 'economic', 'growth.']",REAL
F105,Hoax Confirmed by Sources,"['music', 'key', 'course', 'modern', 'nearly', 'campaign.', 'despite', 'long', 'evening', 'student.', '—', 'shocking', 'claims', 'hoax', 'surface', 'internet.']",FAKE
F031,Miracle Drug Confirmed by Sources,"['fast', 'degree', 'right', 'crime', 'result', 'any.', 'strategy', 'trouble', 'somebody', 'store', 'day.', 'first', 'market', 'meet', 'sister', 'anything.', '—', 'shocking', 'claims', 'miracle', 'drug', 'surface', 'internet.']",FAKE
R206,New Report on Research,"['name', 'management', 'move', 'example', 'hospital', 'little.', 'model', 'learn', 'deal', 'civil', 'leave.', 'generation', 'receive', 'wait', 'seven', 'remain', 'away', 'other.', 'experts', 'discuss', 'ongoing', 'developments', 'research.']",REAL
F238,Secret Cure Confirmed by Sources,"['trial', 'table', 'produce', 'sound', 'land', 'unit.', 'available', 'world', 'voice', 'vote.', '—', 'shocking', 'claims', 'secret', 'cure', 'surface', 'internet.']",FAKE
R027,New Report on Climate Change,"['action', 'care', 'single', 'style', 'finally.', 'television', 'according', 'eat', 'small.', 'involve', 'fish', 'husband', 'understand', 'economy', 'surface', 'way.', 'experts', 'discuss', 'ongoing', 'developments', 'climate', 'change.']",REAL
F169,Government Cover-Up Confirmed by Sources,"['street', 'future', 'sometimes', 'law', 'operation', 'scene', 'go.', 'agent', 'movement', 'carry', 'natural', 'land', 'year.', '—', 'shocking', 'claims', 'government', 'cover-up', 'surface', 'internet.']",FAKE
F208,Aliens Confirmed by Sources,"['join', 'mrs', 'wear', 'science', 'team.', 'life', 'structure', 'reveal', 'sure.', 'identify', 'three', 'time', 'often', 'common', 'approach', 'pattern', 'skin.', '—', 'shocking', 'claims', 'aliens', 'surface', 'internet.']",FAKE
F212,Miracle Drug Confirmed by Sources,"['economy', 'quickly', 'dream', 'reality', 'agency', 'sometimes', 'model.', 'method', 'market', 'office', 'future', 'prevent.', '—', 'shocking', 'claims', 'miracle', 'drug', 'surface', 'internet.']",FAKE
F032,Hoax Confirmed by Sources,"['movement', 'able', 'establish', 'threat', 'floor', 'language.', 'student', 'authority', 'page', 'whom.', '—', 'shocking', 'claims', 'hoax', 'surface', 'internet.']",FAKE
F109,Hoax Confirmed by Sources,"['capital', 'seven', 'campaign', 'although.', '—', 'shocking', 'claims', 'hoax', 'surface', 'internet.']",FAKE
R111,New Report on Policy,"['worry', 'western', 'meet', 'particularly.', 'many', 'almost', 'although', 'across.', 'political', 'culture', 'model', 'question', 'change.', 'experts', 'discuss', 'ongoing', 'developments', 'policy.']",REAL
F078,Aliens Confirmed by Sources,"['often', 'rather', 'able.', 'party', 'responsibility', 'study', 'card', 'watch', 'century', 'floor', 'dream.', 'law', 'memory', 'total', 'key', 'what.', '—', 'shocking', 'claims', 'aliens', 'surface', 'internet.']",FAKE
R105,New Report on Budget Report,"['top', 'similar', 'military', 'mr', 'collection.', 'thus', 'write', 'modern', 'peace', 'tonight.', 'experts', 'discuss', 'ongoing', 'developments', 'budget', 'report.']",REAL
F196,Government Cover-Up Confirmed by Sources,"['make', 'gas', 'term.', 'treatment', 'language', 'land.', 'perform', 'late', 'result', 'respond.', '—', 'shocking', 'claims', 'government', 'cover-up', 'surface', 'internet.']",FAKE
F118,Immortal Jellyfish Confirmed by Sources,"['perhaps', 'important', 'shoulder', 'clearly', 'economic', 'take', 'including.', 'day', 'effect', 'final', 'quality.', 'name', 'involve', 'democratic', 'peace', 'level', 'reduce.', 'bad', 'tell', 'positive', 'low', 'trial', 'great', 'else', 'teach.', '—', 'shocking', 'claims', 'immortal', 'jellyfish', 'surface', 'internet.']",FAKE
F077,Secret Cure Confirmed by Sources,"['relationship', 'understand', 'upon', 'consider', 'relate', 'morning', 'to.', 'sing', 'want', 'benefit', 'thank', 'focus', 'early', 'send.', '—', 'shocking', 'claims', 'secret', 'cure', 'surface', 'internet.']",FAKE
F070,Government Cover-Up Confirmed by Sources,"['fast', 'easy', 'meet', 'relationship', 'design', 'party.', 'security', 'fight', 'less', 'develop', 'build', 'prevent', 'type.', 'firm', 'nearly', 'everything', 'easy', 'international', 'enter', 'son', 'eat.', '—', 'shocking', 'claims', 'government', 'cover-up', 'surface', 'internet.']",FAKE
F041,Immortal Jellyfish Confirmed by Sources,"['end', 'course', 'civil', 'tv.', 'adult', 'use', 'call', 'doctor.', '—', 'shocking', 'claims', 'immortal', 'jellyfish', 'surface', 'internet.']",FAKE
R026,New Report on Policy,"['note', 'else', 'memory', 'near.', 'stop', 'story', 'significant', 'care', 'analysis', 'science', 'story.', 'experts', 'discuss', 'ongoing', 'developments', 'policy.']",REAL
R207,New Report on Policy,"['believe', 'well', 'war', 'hair', 'system.', 'little', 'politics', 'language', 'list', 'seat', 'property.', 'experts', 'discuss', 'ongoing', 'developments', 'policy.']",REAL
F163,Secret Cure Confirmed by Sources,"['service', 'city', 'room', 'occur.', 'outside', 'life', 'know', 'talk', 'space', 'arm', 'majority.', 'space', 'hotel', 'pm', 'hundred', 'two', 'attention.', '—', 'shocking', 'claims', 'secret', 'cure', 'surface', 'internet.']",FAKE
F171,Government Cover-Up Confirmed by Sources,"['mr', 'traditional', 'seven', 'relate', 'scene', 'leader', 'forget.', 'exactly', 'cost', 'decide', 'turn', 'consider', 'ball', 'newspaper.', 'tonight', 'skill', 'may', 'travel.', '—', 'shocking', 'claims', 'government', 'cover-up', 'surface', 'internet.']",FAKE
F139,Immortal Jellyfish Confirmed by Sources,"['beautiful', 'data', 'clearly', 'century', 'push', 'young.', 'star', 'parent', 'although', 'different.', 'central', 'month', 'staff', 'site', 'decision', 'well.', '—', 'shocking', 'claims', 'immortal', 'jellyfish', 'surface', 'internet.']",FAKE
F120,Miracle Drug Confirmed by Sources,"['call', 'people', 'manage.', '—', 'shocking', 'claims', 'miracle', 'drug', 'surface', 'internet.']",FAKE
F146,Mind Control Confirmed by Sources,"['foreign', 'analysis', 'clearly', 'traditional', 'stand.', '—', 'shocking', 'claims', 'mind', 'control', 'surface', 'internet.']",FAKE
R115,New Report on Research,"['deep', 'tv', 'although', 'cover.', 'represent', 'stand', 'outside', 'yes', 'occur.', 'experts', 'discuss', 'ongoing', 'developments', 'research.']",REAL
F039,Aliens Confirmed by Sources,"['face', 'despite.', 'practice', 'anything', 'along', 'simply', 'doctor', 'red', 'window.', 'yet', 'level', 'nation.', '—', 'shocking', 'claims', 'aliens', 'surface', 'internet.']",FAKE
F225,Hoax Confirmed by Sources,"['traditional', 'level', 'those.', '—', 'shocking', 'claims', 'hoax', 'surface', 'internet.']",FAKE
F140,Aliens Confirmed by Sources,"['animal', 'year', 'pick', 'clear', 'rock', 'chance', 'street.', 'former', 'join', 'effect', 'ago', 'per', 'section.', 'space', 'cut', 'serve', 'game', 'many', 'modern.', '—', 'shocking', 'claims', 'aliens', 'surface', 'internet.']",FAKE
F122,Mind Control Confirmed by Sources,"['reveal', 'smile', 'item', 'feel.', 'describe', 'buy', 'option', 'seek', 'suffer', 'simple', 'wonder.', '—', 'shocking', 'claims', 'mind', 'control', 'surface', 'internet.']",FAKE
R070,New Report on Budget Report,"['responsibility', 'onto', 'focus', 'throughout', 'view.', 'election', 'attack', 'free', 'couple', 'boy', 'gun.', 'experts', 'discuss', 'ongoing', 'developments', 'budget', 'report.']",REAL
F248,Celebrity Scandal Confirmed by Sources,"['exist', 'message', 'skin', 'chance', 'peace.', 'interview', 'safe', 'that.', 'improve', 'tell', 'owner', 'hit.', '—', 'shocking', 'claims', 'celebrity', 'scandal', 'surface', 'internet.']",FAKE
R016,New Report on Technology Breakthrough,"['production', 'figure', 'reason', 'research.', 'listen', 'officer', 'require', 'outside', 'financial', 'president.', 'experts', 'discuss', 'ongoing', 'developments', 'technology', 'breakthrough.']",REAL
R148,New Report on Technology Breakthrough,"['environment', 'require', 'staff', 'great', 'call', 'body.', 'trade', 'media', 'big', 'owner.', 'law', 'benefit', 'listen', 'meeting', 'course.', 'experts', 'discuss', 'ongoing', 'developments', 'technology', 'breakthrough.']",REAL
R142,New Report on Budget Report,"['factor', 'technology', 'approach', 'tend', 'summer.', 'many', 'difficult', 'high', 'political', 'what.', 'move', 'suddenly', 'prevent.', 'experts', 'discuss', 'ongoing', 'developments', 'budget', 'report.']",REAL
F141,Miracle Drug Confirmed by Sources,"['building', 'choose', 'nothing', 'drive', 'big', 'respond.', 'next', 'gun', 'sister', 'question', 'rock', 'skill.', '—', 'shocking', 'claims', 'miracle', 'drug', 'surface', 'internet.']",FAKE
R076,New Report on Technology Breakthrough,"['many', 'bit', 'information', 'visit', 'laugh', 'fear', 'method.', 'example', 'trade', 'form', 'describe', 'foot', 'poor.', 'improve', 'two', 'nothing', 'fly', 'politics.', 'personal', 'use', 'smile', 'despite.', 'experts', 'discuss', 'ongoing', 'developments', 'technology', 'breakthrough.']",REAL
R180,New Report on Budget Report,"['film', 'tv', 'whatever', 'figure', 'wife', 'actually', 'discuss', 'field.', 'experts', 'discuss', 'ongoing', 'developments', 'budget', 'report.']",REAL
F126,Aliens Confirmed by Sources,"['pretty', 'pay', 'board', 'add.', '—', 'shocking', 'claims', 'aliens', 'surface', 'internet.']",FAKE
R134,New Report on Economic Growth,"['hospital', 'laugh', 'minute', 'baby', 'energy', 'stop', 'theory.', 'group', 'professional.', 'central', 'measure', 'world', 'blood.', 'experts', 'discuss', 'ongoing', 'developments', 'economic', 'growth.']",REAL
F132,Mind Control Confirmed by Sources,"['clearly', 'forward', 'read', 'our.', 'drug', 'continue', 'population', 'film', 'set', 'force.', '—', 'shocking', 'claims', 'mind', 'control', 'surface', 'internet.']",FAKE
F230,Immortal Jellyfish Confirmed by Sources,"['significant', 'difficult', 'argue', 'middle', 'fact', 'early.', 'human', 'suffer', 'government', 'cold', 'according.', 'fear', 'pick', 'support.', '—', 'shocking', 'claims', 'immortal', 'jellyfish', 'surface', 'internet.']",FAKE
F243,Aliens Confirmed by Sources,"['call', 'close', 'right', 'pay', 'meet', 'city', 'follow.', 'newspaper', 'environmental', 'newspaper', 'different', 'agree.', 'parent', 'clearly', 'open', 'indicate.', '—', 'shocking', 'claims', 'aliens', 'surface', 'internet.']",FAKE
R191,New Report on Budget Report,"['whether', 'institution', 'position', 'we.', 'sing', 'imagine', 'try', 'administration', 'issue.', 'south', 'month', 'teacher.', 'energy', 'idea', 'policy', 'citizen', 'decade.', 'experts', 'discuss', 'ongoing', 'developments', 'budget', 'report.']",REAL
R130,New Report on Public Health,"['poor', 'around', 'white', 'discuss', 'rest', 'chair', 'expect', 'forget.', 'compare', 'program', 'get', 'school', 'nothing', 'rate.', 'campaign', 'worker', 'investment', 'customer', 'themselves.', 'experts', 'discuss', 'ongoing', 'developments', 'public', 'health.']",REAL
F081,Mind Control Confirmed by Sources,"['talk', 'read', 'gun', 'improve', 'better.', 'song', 'experience', 'trip', 'cover', 'he.', 'bank', 'alone', 'section', 'surface.', '—', 'shocking', 'claims', 'mind', 'control', 'surface', 'internet.']",FAKE
R209,New Report on Technology Breakthrough,"['institution', 'seven', 'across', 'parent', 'cell', 'fish', 'company.', 'plan', 'another', 'around', 'no.', 'simply', 'without', 'arm.', 'experts', 'discuss', 'ongoing', 'developments', 'technology', 'breakthrough.']",REAL
F228,Hoax Confirmed by Sources,"['wall', 'safe', 'approach', 'many', 'word.', 'stuff', 'medical', 'north', 'animal', 'near.', '—', 'shocking', 'claims', 'hoax', 'surface', 'internet.']",FAKE
R030,New Report on Budget Report,"['example', 'lose', 'environment.', 'action', 'store', 'cold', 'mother', 'answer', 'though', 'finally.', 'small', 'book', 'outside.', 'experts', 'discuss', 'ongoing', 'developments', 'budget', 'report.']",REAL
R214,New Report on Education,"['shake', 'real', 'bring', 'challenge.', 'experts', 'discuss', 'ongoing', 'developments', 'education.']",REAL
R175,New Report on Economic Growth,"['method', 'think', 'hope', 'kind', 'organization', 'seek.', 'account', 'trial', 'course', 'within.', 'day', 'water', 'provide', 'return', 'finish', 'result.', 'director', 'drive', 'sometimes', 'need.', 'experts', 'discuss', 'ongoing', 'developments', 'economic', 'growth.']",REAL
